season,week,sleeper_id,gsis_id,name,position,team,projected_points,injury_status,practice_participation,depth_chart_order
2026,2,4983,00-0034827,DJ Moore,WR,BUF,13.12,Out,,1
2026,2,8138,,James Cook,RB,BUF,19.5,,,1
2026,2,5133,00-0034439,Tyler Conklin,TE,DET,0.32,,,3
2026,2,5906, 00-0035689,Dawson Knox,TE,BUF,4.25,,,2
2026,2,6588, 00-0035544,Tom Kennedy,WR,DET,0.47,,,4
2026,2,7891,,Brock Wright,TE,DET,2.31,,,2
2026,2,8148,,Jameson Williams,WR,DET,12.62,,,2
2026,2,9221,,Jahmyr Gibbs,RB,DET,26.13,,,1
2026,2,11729,,Sione Vaki,RB,DET,3.47,,,4
2026,2,4984,00-0034857,Josh Allen,QB,BUF,22.02,,,1
2026,2,7547,,Amon-Ra St. Brown,WR,DET,17.44,,,1
2026,2,8134,,Khalil Shakir,WR,BUF,10.95,,,2
2026,2,10236,,Dalton Kincaid,TE,BUF,12.16,,,1
2026,2,11237,,Jacob Saylors,RB,DET,0.89,,,3
2026,2,11637,,Keon Coleman,WR,BUF,3.07,,,3
2026,2,10859,,Sam LaPorta,TE,DET,11.19,,,1
2026,2,12535,,Isaac TeSlaa,WR,DET,3.98,,,3
2026,2,7670,,Joshua Palmer,WR,BUF,2.19,,,4
2026,2,11575,,Ray Davis,RB,BUF,4.27,,,3
2026,2,12658,,Jackson Hawes,TE,BUF,1.74,,,3
2026,2,3163,00-0033106,Jared Goff,QB,DET,16.32,,,1
2026,2,8250,,Tay Martin,WR,DET,0.7,,,5
2026,2,10232,,Michael Wilson,WR,ARI,9.92,,,2
2026,2,10871,,Luke Schoonmaker,TE,DAL,1.62,,,3
2026,2,11563,,Bo Nix,QB,DEN,15.74,,,1
2026,2,11566,,Jayden Daniels,QB,WAS,20.24,Out,,1
2026,2,11571,,Isaiah Davis,RB,NYJ,2.0,,,3
2026,2,11584,,Bucky Irving,RB,TB,13.82,,,1
2026,2,11592,,Erick All,TE,CIN,2.6,,,2
2026,2,11617,,Malachi Corley,WR,CLE,0.22,,,5
2026,2,11628,,Marvin Harrison,WR,ARI,9.26,,,1
2026,2,11651,,Isaac Guerendo,RB,SF,,PUP,,5
2026,2,12491,,Corey Kiner,RB,NE,0.57,,,4
2026,2,12499,,Elic Ayomanor,WR,TEN,3.05,,,4
2026,2,12506,,Harold Fannin,TE,CLE,9.78,,,1
2026,2,12517,,Colston Loveland,TE,CHI,11.88,,,1
2026,2,12529,,TreVeyon Henderson,RB,NE,9.54,,,1
2026,2,12533,,Jacory Croskey-Merritt,RB,WAS,12.48,,,1
2026,2,12540,,Chimere Dike,WR,TEN,1.46,,,5
2026,2,12543,,Tahj Brooks,RB,CIN,0.82,,,3
2026,2,12817,,Jake Briningstool,TE,KC,0.23,,,6
2026,2,13150,,Darius Cooper,WR,PHI,0.5,,,5
2026,2,13298,,KC Concepcion,WR,CLE,9.9,,,2
2026,2,13300,,Le'Veon Moss,RB,,0.0,NA,,
2026,2,13319,,Oscar Delp,TE,NO,1.2,,,3
2026,2,13322,,Sam Roush,TE,CHI,1.65,,,3
2026,2,13338,,Kevin Coleman,WR,MIA,1.42,,,5
2026,2,13429,,Seydou Traore,TE,MIA,0.9,,,3
2026,2,13533,,Barion Brown,WR,NO,1.92,,,7
2026,2,4602,00-0033757,Robert Tonyan,TE,PIT,0.08,,,3
2026,2,4881,00-0034796,Lamar Jackson,QB,BAL,20.36,,,1
2026,2,5045,00-0034348,Courtland Sutton,WR,DEN,10.7,,,2
2026,2,5947, 00-0034960,Jakobi Meyers,WR,JAX,7.43,,,3
2026,2,6001, 00-0035631,Drew Sample,TE,CIN,1.83,,,3
2026,2,6794,,Justin Jefferson,WR,MIN,17.79,,,1
2026,2,6801,,Tee Higgins,WR,CIN,13.84,,,2
2026,2,6806,,J.K. Dobbins,RB,DEN,12.9,Questionable,,1
2026,2,7600,,Pat Freiermuth,TE,PIT,8.85,,,1
2026,2,8111,,Cade Otton,TE,TB,6.92,,,1
2026,2,8136,,Rachaad White,RB,WAS,8.79,,,2
2026,2,8142,,Alec Pierce,WR,IND,11.58,Out,,1
2026,2,8151,,Kenneth Walker,RB,KC,17.0,,,1
2026,2,8180,,Jalen Nailor,WR,LV,7.79,,,2
2026,2,8188,,Tyquan Thornton,WR,KC,6.47,,,3
2026,2,8219,,Jelani Woods,TE,NYJ,0.31,,,4
2026,2,8676,,Rashid Shaheed,WR,SEA,7.6,,,2
2026,2,8917,,KaVontae Turpin,WR,DAL,3.81,,,4
2026,2,10227,,Payne Durham,TE,TB,0.5,,,2
2026,2,10234,,Derius Davis,WR,LAC,0.19,,,6
2026,2,11056,,Jared Wayne,WR,HOU,3.05,,,
2026,2,11370,,Chris Brooks,RB,GB,8.04,,,3
2026,2,11574,,Dylan Laube,RB,LV,0.73,,,4
2026,2,11593,,Brevyn Spann-Ford,TE,DAL,1.31,,,4
2026,2,11616,,Jacob Cowing,WR,SF,0.61,,,8
2026,2,11618,,Jalen McMillan,WR,TB,5.68,,,3
2026,2,11629,,Devontez Walker,WR,BAL,4.81,,,4
2026,2,11635,,Ladd McConkey,WR,LAC,13.1,,,1
2026,2,11646,,Jalen Coker,WR,CAR,12.91,,,2
2026,2,11834,,Devaughn Vele,WR,NO,9.56,,,2
2026,2,12467,,Jordan James,RB,SF,0.25,,,3
2026,2,12485,,Tez Johnson,WR,TB,1.69,,,5
2026,2,12490,,Bhayshul Tuten,RB,JAX,9.1,,,1
2026,2,12493,,Oronde Gadsden,TE,LAC,4.59,,,2
2026,2,12495,,Ollie Gordon,RB,MIA,2.64,,,3
2026,2,12496,,Tai Felton,WR,MIN,5.03,,,4
2026,2,12498,,Mason Taylor,TE,NYJ,4.77,Questionable,,2
2026,2,12512,,Quinshon Judkins,RB,CLE,12.44,,,1
2026,2,12518,,Tyler Warren,TE,IND,11.33,,,1
2026,2,12526,,Tetairoa McMillan,WR,CAR,14.6,,,1
2026,2,12542,,Efton Chism,WR,NE,1.25,,,6
2026,2,12545,,Tyler Shough,QB,NO,15.49,,,1
2026,2,13268,,Elijah Sarratt,WR,BAL,1.84,,,5
2026,2,13305,,Mike Washington,RB,LV,3.76,,,2
2026,2,13307,,Marlin Klein,TE,HOU,2.92,,,3
2026,2,13324,,Matt Hibner,TE,BAL,2.27,,,3
2026,2,13345,,Jonah Coleman,RB,DEN,7.21,,,3
2026,2,13434,,Will Kacmarek,TE,MIA,4.27,,,2
2026,2,1466,00-0030506,Travis Kelce,TE,KC,10.62,,,1
2026,2,2359,00-0032104,Ameer Abdullah,RB,JAX,0.27,,,5
2026,2,3198,00-0032764,Derrick Henry,RB,BAL,15.2,,,1
2026,2,3269,00-0032398,Chris Moore,WR,BAL,4.49,,,6
2026,2,4035,00-0033906,Alvin Kamara,RB,NO,5.27,,,2
2026,2,4039,00-0033908,Cooper Kupp,WR,SEA,7.57,,,3
2026,2,4147,00-0033526,Samaje Perine,RB,CIN,5.19,,,2
2026,2,4995,00-0034365,Ian Thomas,TE,LV,2.1,,,3
2026,2,5012,00-0034753,Mark Andrews,TE,BAL,10.51,,,1
2026,2,5854, 00-0035704,Drew Lock,QB,SEA,13.31,,,2
2026,2,6770,,Joe Burrow,QB,CIN,17.81,,,1
2026,2,6826,,Cole Kmet,TE,CHI,3.89,,,2
2026,2,6904,,Jalen Hurts,QB,PHI,20.79,,,1
2026,2,7021,,Rico Dowdle,RB,PIT,11.03,Out,,2
2026,2,7523,,Trevor Lawrence,QB,JAX,17.2,,,1
2026,2,7543,,Travis Etienne,RB,NO,11.75,,,1
2026,2,7828,,Noah Gray,TE,KC,4.21,,,2
2026,2,8110,,Jake Ferguson,TE,DAL,9.61,,,1
2026,2,8132,,Tyler Allgeier,RB,ARI,6.35,,,2
2026,2,8135,,Treylon Burks,WR,WAS,0.46,,,6
2026,2,8155,,Breece Hall,RB,NYJ,14.43,,,1
2026,2,8183,,Brock Purdy,QB,SF,19.99,,,1
2026,2,8200,,Kevin Austin,WR,NO,0.84,,,5
2026,2,8484,,Ko Kieft,TE,TB,0.04,,,3
2026,2,8489,,Drew Ogletree,TE,IND,0.63,,,4
2026,2,9225,,Tank Bigsby,RB,PHI,3.45,,,2
2026,2,9480,,Brenton Strange,TE,JAX,7.88,,,1
2026,2,9488,,Jaxon Smith-Njigba,WR,SEA,19.55,,,1
2026,2,9500,,Josh Downs,WR,IND,10.44,,,2
2026,2,9501,,DeMario Douglas,WR,NE,8.24,,,3
2026,2,9504,,Kayshon Boutte,WR,HOU,9.54,,,2
2026,2,10218,,Xavier Hutchinson,WR,HOU,7.84,,,5
2026,2,10219,,Chris Rodriguez,RB,JAX,6.59,,,2
2026,2,10225,,Jonathan Mingo,WR,DAL,0.51,,,5
2026,2,10226,,Andrei Iosivas,WR,CIN,5.21,,,3
2026,2,10229,,Rashee Rice,WR,KC,13.93,,,1
2026,2,11034,,Jalen Brooks,WR,ARI,0.32,,,4
2026,2,11157,,Brycen Tremayne,WR,CAR,1.06,,,5
2026,2,11581,,MarShawn Lloyd,RB,GB,11.82,,,2
2026,2,11596,,Ben Sinnott,TE,WAS,4.29,,,3
2026,2,11599,,Cade Stover,TE,HOU,1.83,,,2
2026,2,11626,,Xavier Legette,WR,CAR,4.85,,,3
2026,2,11631,,Brian Thomas,WR,JAX,8.32,,,1
2026,2,12497,,Tory Horton,WR,SEA,2.12,,,4
2026,2,12501,,Matthew Golden,WR,GB,11.84,,,3
2026,2,12502,,Gunnar Helm,TE,TEN,6.29,,,1
2026,2,12503,,Isaiah Bond,WR,CLE,2.05,,,4
2026,2,12522,,Cam Ward,QB,TEN,12.05,,,1
2026,2,12534,,Kyle Monangai,RB,CHI,7.07,,,2
2026,2,12539,,Arian Smith,WR,NYJ,0.33,,,5
2026,2,12641,,Jaylin Lane,WR,WAS,1.71,,,7
2026,2,13075,,Myles Price,WR,MIN,0.7,,,6
2026,2,13264,,Dohnte Meyers,WR,CIN,0.49,,,8
2026,2,13273,,Josh Cuevas,TE,BAL,0.82,,,4
2026,2,13277,,CJ Donaldson,RB,NO,0.85,,,7
2026,2,13282,,Jack Endries,TE,CIN,0.56,,,4
2026,2,13286,,Jadarian Price,RB,SEA,11.83,Questionable,,1
2026,2,13287,,Jeremiyah Love,RB,ARI,12.53,,,1
2026,2,13296,,Caleb Douglas,WR,MIA,8.86,Questionable,,2
2026,2,13320,,Zachariah Branch,WR,ATL,3.18,,,3
2026,2,13380,,Brenen Thompson,WR,LAC,1.24,,,4
2026,2,13411,,Zavion Thomas,WR,CHI,0.75,,,3
2026,2,13424,,Seth McGowan,RB,IND,2.41,,,3
2026,2,13433,,Riley Nowakowski,TE,PIT,0.22,,,3
2026,2,13491,,Kaden Wetjen,WR,PIT,0.69,,,6
2026,2,2216,00-0031408,Mike Evans,WR,SF,12.93,Questionable,,1
2026,2,3161,00-0032950,Carson Wentz,QB,MIN,16.14,,,4
2026,2,3202,00-0032392,Austin Hooper,TE,ATL,2.3,,,2
2026,2,4034,00-0033280,Christian McCaffrey,RB,SF,19.76,,,1
2026,2,4046,00-0033873,Patrick Mahomes,QB,KC,17.68,,,1
2026,2,4177,00-0033555,Mack Hollins,WR,NE,8.77,,,4
2026,2,4574,00-0033662,Cooper Rush,QB,ATL,10.78,,,3
2026,2,5008,00-0034798,Durham Smythe,TE,BAL,2.47,,,2
2026,2,5844, 00-0035229,T.J. Hockenson,TE,MIN,9.07,,,1
2026,2,5846, 00-0035640,DK Metcalf,WR,PIT,13.88,,,1
2026,2,5870, 00-0035710,Daniel Jones,QB,IND,14.75,,,1
2026,2,5938, 00-0035406,Lil'Jordan Humphrey,WR,DEN,1.49,,,7
2026,2,5967, 00-0035261,Tony Pollard,RB,TEN,8.9,,,1
2026,2,5985, 00-0034981,Foster Moreau,TE,HOU,4.22,,,4
2026,2,6012, 00-0035594,Travis Homer,RB,PIT,0.53,,,5
2026,2,6797,,Justin Herbert,QB,LAC,16.88,,,1
2026,2,7039,,Cody White,WR,LV,0.46,,,6
2026,2,7526,,Jaylen Waddle,WR,DEN,12.71,,,1
2026,2,7536,,Quintin Morris,TE,JAX,0.41,,,4
2026,2,7587,,Dyami Brown,WR,WAS,2.46,,,5
2026,2,7716,,John Bates,TE,WAS,4.82,,,2
2026,2,7757,,Ben Skowronek,WR,PIT,1.36,,,5
2026,2,8137,,George Pickens,WR,DAL,15.69,,,2
2026,2,8144,,Chris Olave,WR,NO,15.62,,,1
2026,2,8208,,Tyler Badie,RB,DEN,1.4,,,5
2026,2,8228,,Jaylen Warren,RB,PIT,11.59,,,1
2026,2,8254,,Julius Chestnut,RB,TEN,0.46,,,5
2026,2,10212,,Josh Whyle,TE,GB,0.4,,,3
2026,2,11201,,Blake Whiteheart,TE,CLE,1.65,,,2
2026,2,11435,,Emanuel Wilson,RB,SEA,2.03,,,3
2026,2,11564,,Drake Maye,QB,NE,18.89,,,1
2026,2,11577,,Will Shipley,RB,PHI,2.33,,,3
2026,2,11583,,Jonathon Brooks,RB,CAR,6.74,Questionable,,2
2026,2,11608,,Isaiah Williams,WR,NYJ,3.21,,,4
2026,2,11620,,Rome Odunze,WR,CHI,9.73,,,1
2026,2,11627,,Troy Franklin,WR,DEN,2.36,,,3
2026,2,11647,,Kimani Vidal,RB,LAC,0.79,,,3
2026,2,12455,,Brashard Smith,RB,KC,0.54,,,3
2026,2,12521,,Elijah Arroyo,TE,SEA,3.57,,,2
2026,2,12527,,Ashton Jeanty,RB,LV,15.89,,,1
2026,2,12536,,Jaylin Noel,WR,HOU,8.37,,,3
2026,2,12547,,Kyle Williams,WR,NE,3.13,,,5
2026,2,12699,,LaJohntay Wester,WR,BAL,2.17,,,7
2026,2,13294,,Makai Lemon,WR,PHI,6.28,,,2
2026,2,13299,,Nate Boerkircher,TE,JAX,1.27,,,2
2026,2,13308,,Bauer Sharp,TE,TB,0.11,,,5
2026,2,13329,,Malik Benson,WR,LV,2.26,,,3
2026,2,13347,,Demond Claiborne,RB,MIN,3.85,,,3
2026,2,13394,,Josh Cameron,WR,JAX,1.45,,,6
2026,2,13413,,Cyrus Allen,WR,KC,0.78,,,4
2026,2,13414,,Kaelon Black,RB,SF,7.06,,,2
2026,2,13541,,Lewis Bond,WR,HOU,0.68,,,6
2026,2,1373,00-0030565,Geno Smith,QB,NYJ,14.9,,,1
2026,2,3286,00-0032775,Demarcus Robinson,WR,SF,6.41,Out,,6
2026,2,3294,00-0033077,Dak Prescott,QB,DAL,19.45,,,1
2026,2,3634,00-0032464,Kalif Raymond,WR,CHI,5.66,,,5
2026,2,4033,00-0033885,David Njoku,TE,LAC,3.86,Out,,1
2026,2,4066,00-0033881,Evan Engram,TE,DEN,4.28,,,1
2026,2,4144,00-0033858,Jonnu Smith,TE,GB,4.35,,,5
2026,2,4993,00-0034829,Mike Gesicki,TE,CIN,5.73,,,1
2026,2,5001,00-0034383,Dalton Schultz,TE,HOU,10.68,,,1
2026,2,5872, 00-0035719,Deebo Samuel,WR,SF,10.44,,,2
2026,2,6271, 00-0035208,Olamide Zaccheaus,WR,ATL,4.18,,,4
2026,2,6790,,D'Andre Swift,RB,CHI,12.62,,,1
2026,2,6804,,Jordan Love,QB,GB,19.56,,,1
2026,2,6813,,Jonathan Taylor,RB,IND,18.79,,,1
2026,2,6828,,AJ Dillon,RB,CAR,0.45,,,3
2026,2,6847,,Devin Duvernay,WR,ARI,0.18,,,6
2026,2,6869,,Adam Trautman,TE,DEN,1.84,,,2
2026,2,6931,,DeeJay Dallas,RB,MIN,6.71,,,5
2026,2,7002,,Juwan Johnson,TE,NO,9.87,,,1
2026,2,7075,,Charlie Woerner,TE,ATL,0.69,,,3
2026,2,7531,,Feleipe Franks,TE,CAR,0.08,,,5
2026,2,7595,,Tylan Wallace,WR,CLE,0.56,,,6
2026,2,7694,,Tommy Tremble,TE,CAR,3.8,,,2
2026,2,8119,,Jahan Dotson,WR,ATL,4.11,,,2
2026,2,8121,,Romeo Doubs,WR,NE,9.01,,,2
2026,2,8126,,Wan'Dale Robinson,WR,TEN,7.65,,,2
2026,2,8145,,Jeremy Ruckert,TE,NYJ,0.93,,,3
2026,2,8154,,Brian Robinson,RB,ATL,5.95,Questionable,,2
2026,2,8168,,Skyy Moore,WR,GB,1.14,,,6
2026,2,8181,,Connor Heyward,RB,LV,0.86,,,3
2026,2,9224,,Chase Brown,RB,CIN,15.73,,,1
2026,2,9228,,Bryce Young,QB,CAR,16.47,,,1
2026,2,9482,,Michael Mayer,TE,LV,8.34,,,2
2026,2,9486,,Dontayvion Wicks,WR,PHI,8.04,,,3
2026,2,9511,,Keaton Mitchell,RB,LAC,6.28,,,2
2026,2,9758,,C.J. Stroud,QB,HOU,17.88,,,1
2026,2,10213,,Tre Tucker,WR,LV,8.79,,,1
2026,2,10222,,Jayden Reed,WR,GB,11.58,Out,,2
2026,2,11320,,Nikko Remigio,WR,KC,0.15,,,6
2026,2,11433,,Nate Adkins,TE,DEN,0.28,,,3
2026,2,11439,,Jaleel McLaughlin,RB,CLE,1.83,,,6
2026,2,11576,,Braelon Allen,RB,NYJ,5.6,,,2
2026,2,11610,,Malik Washington,WR,MIA,9.22,,,1
2026,2,11624,,Xavier Worthy,WR,KC,9.85,,,2
2026,2,11625,,Adonai Mitchell,WR,NYJ,7.76,,,2
2026,2,11630,,Roman Wilson,WR,PIT,8.44,,,4
2026,2,11643,,Jaylen Wright,RB,MIA,2.75,Questionable,,2
2026,2,11994,,Kameron Johnson,WR,TB,0.48,,,7
2026,2,12171,,British Brooks,RB,HOU,0.19,,,4
2026,2,12472,,Raheim Sanders,RB,CLE,5.2,,,3
2026,2,12474,,Woody Marks,RB,HOU,8.95,,,2
2026,2,12505,,Jalen Royals,WR,KC,0.24,,,5
2026,2,13274,,Germie Bernard,WR,PIT,6.26,,,3
2026,2,13288,,Nicholas Singleton,RB,TEN,,,,3
2026,2,13301,,Antonio Williams,WR,WAS,7.34,,,3
2026,2,13317,,Ted Hurst,WR,TB,3.95,,,4
2026,2,13346,,Denzel Boston,WR,CLE,8.87,,,3
2026,2,13477,,Colbie Young,WR,CIN,0.71,,,4
2026,2,13516,,Max Bredeson,RB,MIN,0.12,,,4
2026,2,2505,00-0031610,Darren Waller,TE,CAR,6.59,,,1
2026,2,3155,00-0032951,Laquon Treadwell,WR,IND,0.76,,,6
2026,2,4017,00-0033537,Deshaun Watson,QB,CLE,13.93,,,1
2026,2,4037,00-0033921,Chris Godwin,WR,TB,10.37,,,2
2026,2,4054,00-0033217,Mo Alie-Cox,TE,IND,1.12,,,2
2026,2,4189,00-0033576,Eric Saubert,TE,SEA,0.43,,,3
2026,2,4199,00-0033293,Aaron Jones,RB,MIN,14.01,Questionable,,2
2026,2,4314,00-0033246,Johnny Mundt,TE,PHI,1.52,,,4
2026,2,4866,00-0034844,Saquon Barkley,RB,PHI,16.64,Questionable,,1
2026,2,4892,00-0034855,Baker Mayfield,QB,TB,17.27,,,1
2026,2,4981,00-0034837,Calvin Ridley,WR,TEN,5.1,,,3
2026,2,5892, 00-0035685,David Montgomery,RB,HOU,17.05,,,1
2026,2,5927, 00-0035659,Terry McLaurin,WR,WAS,13.95,,,1
2026,2,6786,,CeeDee Lamb,WR,DAL,17.8,,,1
2026,2,7567,,Kenny Gainwell,RB,TB,7.99,,,2
2026,2,7588,,Javonte Williams,RB,DAL,17.4,,,1
2026,2,7611,,Rhamondre Stevenson,RB,NE,12.28,,,2
2026,2,8112,,Drake London,WR,ATL,11.75,,,1
2026,2,8127,,Charlie Kolar,TE,LAC,3.93,Questionable,,3
2026,2,8130,,Trey McBride,TE,ARI,14.8,,,1
2026,2,8161,,Malik Willis,QB,MIA,18.2,,,1
2026,2,8167,,Christian Watson,WR,GB,14.84,,,1
2026,2,8172,,Greg Dulcich,TE,MIA,5.75,,,1
2026,2,8225,,Daniel Bellinger,TE,TEN,3.93,,,2
2026,2,8414,,Britain Covey,WR,PHI,0.15,,,7
2026,2,9506,,Sean Tucker,RB,TB,1.81,,,3
2026,2,96,00-0023459,Aaron Rodgers,QB,PIT,16.24,,,1
2026,2,9754,,Quentin Johnston,WR,LAC,9.82,,,2
2026,2,10210,,Cameron Latu,TE,NE,0.23,,,3
2026,2,10231,,Elijah Higgins,TE,ARI,2.72,,,2
2026,2,10235,,Roschon Johnson,RB,CHI,0.23,,,5
2026,2,11199,,Emari Demercado,RB,DAL,4.79,,,6
2026,2,11560,,Caleb Williams,QB,CHI,18.55,Out,,1
2026,2,11570,,Rasheen Ali,RB,BAL,0.24,,,4
2026,2,11603,,AJ Barner,TE,SEA,8.61,,,1
2026,2,1166,00-0029604,Kirk Cousins,QB,LV,13.58,,,2
2026,2,11762,,Anthony Gould,WR,IND,0.4,,,8
2026,2,11783,,Ryan Flournoy,WR,DAL,7.71,,,3
2026,2,12048,,George Holani,RB,SEA,7.91,,,4
2026,2,12473,,Mitchell Evans,TE,CAR,1.02,,,4
2026,2,12483,,Jack Bech,WR,LV,5.4,,,4
2026,2,12492,,Pat Bryant,WR,DEN,7.77,,,4
2026,2,12504,,Kaleb Johnson,RB,GB,1.74,,,5
2026,2,12507,,Omarion Hampton,RB,LAC,13.98,,,1
2026,2,12509,,Tre' Harris,WR,LAC,7.11,,,3
2026,2,12514,,Emeka Egbuka,WR,TB,10.8,,,1
2026,2,12519,,Luther Burden,WR,CHI,11.46,,,2
2026,2,12544,,LeQuint Allen,RB,JAX,2.23,,,3
2026,2,13079,,Jahdae Walker,WR,CHI,1.78,,,4
2026,2,13279,,Carnell Tate,WR,TEN,8.48,,,1
2026,2,13311,,Chris Bell,WR,MIA,6.73,,,4
2026,2,13330,,Kenyon Sadiq,TE,NYJ,5.64,,,1
2026,2,13333,,Deion Burks,WR,IND,0.29,,,9
2026,2,13337,,Emmett Johnson,RB,KC,3.32,,,2
2026,2,13405,,Kaytron Allen,RB,WAS,3.22,,,4
2026,2,13420,,Bryce Lance,WR,NO,2.78,,,4
2026,2,13421,,Eli Raridon,TE,NE,3.91,Questionable,,2
2026,2,13423,,Eli Heidenreich,RB,PIT,0.23,,,4
2026,2,13580,,Carsen Ryan,TE,CLE,0.21,,,5
2026,2,1479,00-0030279,Keenan Allen,WR,IND,7.8,,,3
2026,2,2449,00-0031588,Stefon Diggs,WR,WAS,12.67,,,2
2026,2,3214,00-0033090,Hunter Henry,TE,NE,10.23,,,1
2026,2,3257,00-0033119,Jacoby Brissett,QB,ARI,12.39,,,1
2026,2,4217,00-0033288,George Kittle,TE,SF,10.7,,,1
2026,2,4454,00-0033307,Kendrick Bourne,WR,ARI,4.17,,,3
2026,2,5022,00-0034351,Dallas Goedert,TE,PHI,10.17,Questionable,,1
2026,2,5848, 00-0035662,Marquise Brown,WR,PHI,2.13,,,4
2026,2,5857, 00-0035644,Noah Fant,TE,NO,5.16,,,2
2026,2,5973, 00-0035249,Josh Oliver,TE,MIN,4.24,,,2
2026,2,5995, 00-0034975,Justice Hill,RB,BAL,6.14,,,2
2026,2,6783,,Jerry Jeudy,WR,CLE,7.56,,,1
2026,2,7204,,Reggie Gilliam,RB,NE,0.27,,,3
2026,2,7525,,DeVonta Smith,WR,PHI,14.76,,,1
2026,2,7553,,Kyle Pitts,TE,ATL,8.81,,,1
2026,2,7564,,Ja'Marr Chase,WR,CIN,17.24,,,1
2026,2,7571,,Rashod Bateman,WR,BAL,9.07,,,2
2026,2,7594,,Chuba Hubbard,RB,CAR,12.41,,,1
2026,2,7842,,Luke Farrell,TE,SF,2.41,,,3
2026,2,8146,,Garrett Wilson,WR,NYJ,15.11,,,1
2026,2,8147,,John Metchie,WR,CAR,0.53,,,6
2026,2,8204,,Bo Melton,WR,GB,0.51,Questionable,,5
2026,2,8527,,Dareke Young,WR,LV,0.45,Questionable,,8
2026,2,9226,,De'Von Achane,RB,MIA,16.93,,,1
2026,2,9479,,Darnell Washington,TE,PIT,3.71,,,2
2026,2,9484,,Tucker Kraft,TE,GB,11.85,,,1
2026,2,9487,,Parker Washington,WR,JAX,13.04,,,2
2026,2,9508,,Tyjae Spears,RB,TEN,7.68,,,2
2026,2,9509,,Bijan Robinson,RB,ATL,22.46,,,1
2026,2,9756,,Jordan Addison,WR,MIN,10.9,,,2
2026,2,11597,,Theo Johnson,TE,NYG,3.42,,,2
2026,2,13278,,Max Klare,TE,LAR,1.08,,,5
2026,2,13285,,Malachi Fields,WR,NYG,5.91,,,2
2026,2,6130, 00-0035250,Devin Singletary,RB,NYG,4.37,,,2
2026,2,6865,,Colby Parkinson,TE,LAR,5.49,,,1
2026,2,7090,,Darnell Mooney,WR,NYG,4.2,,,3
2026,2,11623,,Jordan Whittington,WR,LAR,,Doubtful,,6
2026,2,13270,,CJ Daniels,WR,LAR,0.55,,,7
2026,2,2078,00-0031235,Odell Beckham,WR,NYG,1.74,,,4
2026,2,8131,,Isaiah Likely,TE,NYG,11.84,,,1
2026,2,3271,00-0033110,Tyler Higbee,TE,LAR,1.8,,,3
2026,2,7528,,Najee Harris,RB,NYG,1.2,,,4
2026,2,7562,,Tutu Atwell,WR,LAR,0.56,,,5
2026,2,9493,,Puka Nacua,WR,LAR,20.5,Questionable,,1
2026,2,10214,,Davis Allen,TE,LAR,0.75,,,4
2026,2,11632,,Malik Nabers,WR,NYG,13.62,,,1
2026,2,12487,,Terrance Ferguson,TE,LAR,4.04,,,2
2026,2,12508,,Jaxson Dart,QB,NYG,18.38,,,1
2026,2,3048,00-0031484,Chris Manhertz,TE,NYG,0.31,,,3
2026,2,11586,,Blake Corum,RB,LAR,10.0,,,2
2026,2,12481,,Cam Skattebo,RB,NYG,14.57,,,1
2026,2,421,00-0026498,Matthew Stafford,QB,LAR,16.68,,,1
2026,2,11168,,Xavier Smith,WR,LAR,2.27,,,4
2026,2,11655,,Tyrone Tracy,RB,NYG,2.15,,,3
2026,2,12718,,Konata Mumpfield,WR,LAR,2.15,,,3
2026,2,2133,00-0031381,Davante Adams,WR,LAR,10.83,,,2
2026,2,8150,,Kyren Williams,RB,LAR,16.18,,,1
2026,2,8195,,Ronnie Rivers,RB,LAR,0.28,,,3
2026,2,6462, 00-0035057,Ellis Richardson,TE,,,,,
2026,2,7926,,Carl Tucker,TE,,,,,
2026,2,1408,00-0030496,Le'Veon Bell,RB,,,,,
2026,2,8074,,Matt Seybert,TE,,,,,
2026,2,13175,,Kinkead Dent,QB,,,,,
2026,2,2801,00-0031511,DeAndrew White,WR,,,,,
2026,2,7918,,A.J. Rose,RB,,,,,
2026,2,5428,,Ricky Jeune,WR,,,,,
2026,2,13221,,Brett Gabbert,QB,,,,,
2026,2,11522,,Jerome Kapp,WR,,,,,
2026,2,2474,00-0031598,Nick Boyle,TE,,,,,
2026,2,8809,,Aaron Shampklin,RB,,,,,
2026,2,3342,00-0032791,Jakeem Grant,WR,,,,,
2026,2,1684,00-0030300,Jaron Brown,WR,,,,,
2026,2,6918,,Salvon Ahmed,RB,CHI,,,,
2026,2,6137, 00-0035308,Tommy Sweeney,TE,,,,,
2026,2,3561,00-0032583,Bryce Williams,TE,,,,,
2026,2,5038,00-0034764,Michael Gallup,WR,,,,,
2026,2,2023,00-0031060,De'Anthony Thomas,WR,,,,,
2026,2,11649,,Kendall Milton,RB,CIN,,,,
2026,2,13600,,Tyren Montgomery,WR,TEN,,,,
2026,2,5965, 00-0035703,Miles Boykin,WR,,,,,
2026,2,13064,,Dorian Singer,WR,,,,,
2026,2,4992,00-0034860,Dante Pettis,WR,,,,,
2026,2,11155,,Christian Sims,TE,,,,,
2026,2,4828,00-0034034,Rashard Davis,WR,,,,,
2026,2,4396,00-0033407,Drew Morgan,WR,,,,,
2026,2,4038,00-0033460,John Ross,WR,,,,,
2026,2,11282,,Johnny King,WR,,,,,
2026,2,3730,00-0032728,Tevin Jones,WR,,,,,
2026,2,13302,,Adam Randall,RB,BAL,,IR,,3
2026,2,5718,00-0034725,Ryan Yurachek,TE,,,,,
2026,2,3916,,David Watford,WR,,,,,
2026,2,5530,,Evan Berry,WR,,,,,
2026,2,11445,,Taylor Grimes,WR,,,,,
2026,2,5619,00-0034654,Dalyn Dawkins,RB,,,,,
2026,2,5122,00-0034414,Boston Scott,RB,,,,,
2026,2,13295,,Behren Morton,QB,NE,,Out,,2
2026,2,2320,00-0032144,Melvin Gordon,RB,,,,,
2026,2,1895,00-0031288,AJ McCarron,QB,,,,,
2026,2,11906,,Ty James,WR,,,,,
2026,2,12028,,TaMerik Williams,RB,,,,,
2026,2,3488,00-0032577,D.J. Foster,RB,,,,,
2026,2,13323,,Rahsul Faison,RB,,,,,
2026,2,12244,,DeAngelo Hardy,WR,,,,,
2026,2,1387,00-0030288,Rex Burkhead,RB,,,,,
2026,2,5143,,Demario Richard,RB,,,,,
2026,2,8410,,Jequez Ezzard,WR,,,,,
2026,2,2025,00-0030669,Albert Wilson,WR,,,,,
2026,2,12300,,Joshua Lingenfelter,TE,,,,,
2026,2,11304,,E.J. Jenkins,TE,PHI,,,,6
2026,2,19,00-0026158,Joe Flacco,QB,CIN,,,,2
2026,2,13352,,Lincoln Pare,RB,,,Questionable,,
2026,2,12967,,Jacolby George,WR,,,,,
2026,2,14017,,Brett Weaver,TE,,,,,
2026,2,13228,,Ife Adeyi,WR,,,,,
2026,2,6459, 00-0035114,Sean Modster,WR,,,,,
2026,2,12264,,Cole Beck,WR,,,,,
2026,2,801,00-0028112,Charles Clay,TE,,,,,
2026,2,6374, 00-0035484,Drew Belcher,TE,,,,,
2026,2,7944,,Michael Strachan,WR,,,,,
2026,2,1550,00-0029857,Ryan Griffin,QB,,,,,
2026,2,13108,,Julian Fleming,WR,,,,,
2026,2,3423,00-0032688,Robbie Chosen,WR,,,,,
2026,2,12121,,Deshaun Fenwick,RB,,,,,
2026,2,3496,00-0032725,Stephen Anderson,TE,,,,,
2026,2,4813,00-0034025,Marvin Bracy,WR,,,,,
2026,2,1800,00-0031299,Jordan Matthews,TE,,,,,
2026,2,5100,00-0034400,Jordan Wilkins,RB,,,,,
2026,2,7938,,Hunter Kampmoyer,TE,,,,,
2026,2,12848,,Josh Kelly,WR,HOU,,,,
2026,2,8698,,Jake Tonges,TE,SF,,IR,,2
2026,2,3453,00-0032377,Josh Ferguson,RB,,,,,
2026,2,4385,,Kalif Phillips,RB,,,,,
2026,2,7013,,Steven Montez,QB,,,,,
2026,2,7862,,T.J. Vasher,WR,,,,,
2026,2,10233,,Max Duggan,QB,,,,,
2026,2,1517,00-0030107,Theo Riddick,RB,,,,,
2026,2,6279, 00-0035102,Brandon Dillon,TE,,,,,
2026,2,6501, 00-0035009,C.J. Conrad,TE,,,,,
2026,2,5776,00-0034861,Mark Chapman,WR,,,,,
2026,2,2948,,Brandon Cottom,RB,,,,,
2026,2,12971,,Ke'Shawn Williams,WR,CIN,,,,7
2026,2,6381, 00-0035104,Alexander Hollins,WR,,,,,
2026,2,6016, 00-0035058,Dax Raymond,TE,PIT,,,,
2026,2,6908,,La'Mical Perine,RB,,,,,
2026,2,4569,00-0033655,Brian Brown,WR,,,,,
2026,2,5007,00-0034366,Keke Coutee,WR,,,,,
2026,2,8116,,Pierre Strong,RB,GB,,Questionable,,
2026,2,6823,,Jacob Eason,QB,,,,,
2026,2,3648,00-0032914,Matt Weiser,TE,,,,,
2026,2,7619,,Mathew Sexton,WR,,,,,
2026,2,7555,,Jamie Newman,QB,,,,,
2026,2,13409,,Donaven McCulley,WR,,,,,
2026,2,7585,,Davis Mills,QB,HOU,,,,2
2026,2,12399,,Caleb Chapman,WR,,,,,
2026,2,14076,,Justin Jones,RB,,,,,
2026,2,8931,,Josh Ali,WR,,,,,
2026,2,8633,,Stephon Robinson,WR,,,,,
2026,2,788,00-0028087,Dion Lewis,RB,,,,,
2026,2,8241,,Anthony Brown,QB,,,,,
2026,2,2936,,Rasheed Williams,RB,,,,,
2026,2,3211,00-0032417,Paul Perkins,RB,,,,,
2026,2,7593,,Trey Sermon,RB,ATL,,IR,,3
2026,2,6489,,Taryn Christion,QB,,,,,
2026,2,7614,,Darius Clark,RB,,,,,
2026,2,12832,,Blayne Taylor,WR,,,,,
2026,2,12809,,Mac Dalena,WR,,,,,
2026,2,6966,,Javon Leake,RB,,,,,
2026,2,4548,00-0033630,Joel Bouagnon,RB,,,,,
2026,2,12354,,Easton Dean,TE,,,,,
2026,2,3021,,Devin Gardner,WR,,,,,
2026,2,11579,,Audric Estime,RB,NO,,IR,,6
2026,2,4031,,Travis Wilson,TE,,,,,
2026,2,7274,,Tyler Simmons,WR,,,,,
2026,2,5359,00-0034524,Dorren Miller,WR,,,,,
2026,2,3609,,Chris King,WR,,,,,
2026,2,11636,,Johnny Wilson,WR,PHI,,IR,,9
2026,2,5398,00-0034137,Justin Crawford,RB,,,,,
2026,2,10861,,Xazavian Valladay,RB,,,,,
2026,2,4814,,De'Quan Hampton,WR,,,,,
2026,2,7397,,Parker Houston,TE,,,,,
2026,2,11557,,Joe Milton,QB,DAL,,,,
2026,2,5052,00-0034816,Ronald Jones,RB,,,,,
2026,2,4128,00-0033933,Chad Williams,WR,,,,,
2026,2,6626, 00-0035524,Isaac Zico,WR,,,,,
2026,2,13898,,Corey Rucker,WR,LV,,IR,,11
2026,2,13304,,O'Mega Blake,WR,,,,,
2026,2,3524,,Marquise Williams,QB,,,,,
2026,2,4421,00-0033387,Jacob Hollister,TE,,,,,
2026,2,12925,,Jamaal Pritchett,WR,NYJ,,,,
2026,2,6081, 00-0035603,Kendall Blanton,TE,,,,,
2026,2,4479,,Thomas Sperbeck,WR,,,,,
2026,2,3318,00-0032784,Kevin Hogan,QB,,,,,
2026,2,5269,00-0034735,Codey McElroy,TE,,,,,
2026,2,2553,00-0032072,Rory Anderson,TE,,,,,
2026,2,4585,,Anthony Nash,WR,,,,,
2026,2,11229,,Calvin Tyler,RB,,,,,
2026,2,89,00-0026197,Chad Henne,QB,,,,,
2026,2,13906,,Jaden Nixon,RB,,,,,
2026,2,2770,,Harold Spears,TE,,,,,
2026,2,13988,,Stone Eby,TE,,,,,
2026,2,7159,,Reid Sinnett,QB,,,,,
2026,2,9231,,Jaren Hall,QB,,,,,
2026,2,7262,,Jalen Morton,QB,IND,,,,
2026,2,8442,,Jarrett Guarantano,QB,,,,,
2026,2,8194,,Jashaun Corbin,RB,,,,,
2026,2,7863,,JaQuan Hardy,RB,,,,,
2026,2,5231,00-0034549,Cole Hunt,TE,,,,,
2026,2,7407,,Isaiah Wright,WR,,,,,
2026,2,5268,00-0034557,Ben Johnson,TE,,,,,
2026,2,6075, 00-0035562,Jesper Horsted,TE,,,,,
2026,2,4697,,Khalid Abdullah,RB,,,,,
2026,2,12831,,Tyler Kahmann,WR,,,,,
2026,2,12220,,Brevin Easton,WR,,,,,
2026,2,13418,,Robert Henry,RB,WAS,,,,
2026,2,5550,00-0034294,John David Moore,RB,,,,,
2026,2,7552,,Blake Proehl,WR,,,,,
2026,2,4733,00-0034010,Alex Gray,TE,,,,,
2026,2,3540,00-0033003,Jamaal Jones,WR,,,,,
2026,2,7049,,Jauan Jennings,WR,MIN,,Out,,3
2026,2,5024,00-0034676,James Washington,WR,,,,,
2026,2,13599,,Kyron Drones,QB,,,,,
2026,2,12413,,Hamze El-Zayat,WR,,,,,
2026,2,2304,00-0031462,Jerome Cunningham,TE,,,,,
2026,2,8070,,Travis Toivonen,WR,,,,,
2026,2,6519, 00-0035181,Darrius Shepherd,WR,,,,,
2026,2,11918,,Ahmarean Brown,WR,,,,,
2026,2,2565,,Jean Sifrin,TE,,,,,
2026,2,4943,00-0034869,Sam Darnold,QB,SEA,,Out,,1
2026,2,5809,00-0034900,Ja'Quan Gardner,RB,,,,,
2026,2,10228,,Charlie Jones,WR,NYG,,,,
2026,2,4026,00-0033899,DeShone Kizer,QB,,,,,
2026,2,1169, 00-0029665,Robert Griffin,QB,,,,,
2026,2,11598,,Tanner McLachlan,TE,,,Questionable,,
2026,2,11995,,Zack Annexstad,QB,,,,,
2026,2,11998,,Emani Bailey,RB,,,,,
2026,2,829,00-0027973,Andy Dalton,QB,PHI,,,,2
2026,2,7534,,Seth Williams,WR,,,,,
2026,2,2754,,Michael Johnson,WR,,,,,
2026,2,6388, 00-0035604,Romello Brooker,TE,,,,,
2026,2,2684,,Corbin Louks,WR,,,,,
2026,2,7905,,Dylan Soehner,TE,,,,,
2026,2,12284,,Michael Herzog,RB,,,,,
2026,2,11311,,Jason Brownlee,WR,,,,,
2026,2,4330,00-0033266,JoJo Natson,WR,,,,,
2026,2,6072,,Bruce Anderson,RB,,,,,
2026,2,12532,,Ja'Corey Brooks,WR,,,Questionable,,
2026,2,3278,00-0033111,Pharoh Cooper,WR,,,,,
2026,2,12981,,Gee Scott,TE,,,Questionable,,
2026,2,2581,,Jahwan Edwards,RB,,,,,
2026,2,4544,,Daikiel Shorts,WR,,,,,
2026,2,6196, 00-0035728,Christian Wade,RB,,,,,
2026,2,7794,,Chris Evans,RB,,,,,
2026,2,6323, 00-0034959,Andrew Beck,RB,NYJ,,,,4
2026,2,7606,,Kadarius Toney,WR,,,,,
2026,2,6927,,Quez Watkins,WR,,,,,
2026,2,3615,,Sione Houma,RB,,,,,
2026,2,2561,,Anthony Boone,QB,,,,,
2026,2,13246,,Jaden Smith,WR,,,,,
2026,2,2929,,Adrian Coxson,WR,,,,,
2026,2,6742,,Marquis Young,RB,,,,,
2026,2,8245,,Derrick Deese,TE,,,,,
2026,2,4061,00-0033550,Davis Webb,QB,,,,,
2026,2,13957,,Kenny Fletcher,TE,IND,,,,
2026,2,6970,,Stephen Sullivan,TE,,,,,
2026,2,8092,,Corey Taylor,RB,,,,,
2026,2,6259, 00-0035405,Darnell Holland,RB,,,,,
2026,2,12374,,Brenden Bates,TE,,,,,
2026,2,2957,,Ernst Brun,TE,,,,,
2026,2,13554,,CJ Williams,WR,JAX,,Out,,9
2026,2,12866,,Jalin Conyers,TE,,,,,
2026,2,6522,,T.J. Linta,QB,,,,,
2026,2,1911,00-0030663,Willie Snead,WR,,,,,
2026,2,1034,00-0029239,Brandon Bolden,RB,,,,,
2026,2,4798,,C.J. Germany,WR,,,,,
2026,2,13805,,E.J. Williams,WR,CAR,,,,
2026,2,5808,00-0034897,Connor Jessop,QB,,,,,
2026,2,5242,00-0034133,Dontez Byrd,WR,,,,,
2026,2,5026,00-0034765,Tre'Quan Smith,WR,,,,,
2026,2,6045, 00-0035589,Gary Jennings,WR,LAC,,,,8
2026,2,4821,,Jamari Staples,WR,,,,,
2026,2,13608,,Jerand Bradley,WR,,,,,
2026,2,6395, 00-0034930,Trinity Benson,WR,,,,,
2026,2,11478,,Gavin Holmes,WR,,,,,
2026,2,8549,,Trevon Clark,WR,,,,,
2026,2,11266,,Thyrick Pitts,WR,,,,,
2026,2,7608,,Khalil Herbert,RB,ATL,,,,
2026,2,6402, 00-0034928,Steven Sims,WR,,,,,
2026,2,8213,,Dai'Jean Dixon,WR,,,,,
2026,2,11226,,Tyjon Lindsey,WR,,,,,
2026,2,1587,00-0030470,Vance McDonald,TE,,,,,
2026,2,7412,,Sandro Platzgummer,RB,,,,,
2026,2,7499,,Paul Quessenberry,TE,,,,,
2026,2,9510,,Lew Nichols,RB,PIT,,,,
2026,2,4949,00-0034358,Derrius Guice,RB,,,,,
2026,2,8115,,Jalen Wydermyer,TE,,,,,
2026,2,6248, 00-0035438,Trevion Thompson,WR,,,,,
2026,2,13047,,Jacardia Wright,RB,SEA,,,,
2026,2,4508,,Gabe Marks,WR,,,,,
2026,2,12820,,Landon Parker,WR,,,,,
2026,2,11505,,David Durden,WR,,,,,
2026,2,13318,,Noah Thomas,WR,CIN,,,,
2026,2,5911, 00-0034971,Jalen Hurd,WR,,,,,
2026,2,13939,,Gabriel Benyard,WR,,,,,
2026,2,2944,00-0031744,Matt LaCosse,TE,NE,,,,
2026,2,3036,00-0031788,Matt Lengel,TE,,,,,
2026,2,6343, 00-0035077,Manny Wilkins,QB,,,,,
2026,2,5132, 00-0034081,Steven Mitchell,WR,,,,,
2026,2,6993,,Dominick Wood-Anderson,TE,,,,,
2026,2,345,00-0026625,Brian Hoyer,QB,,,,,
2026,2,6820,,Clyde Edwards-Helaire,RB,,,,,
2026,2,7008,,Brian Lewerke,QB,,,,,
2026,2,14001,,Julius Davis,RB,,,,,
2026,2,13400,,Justin Joly,TE,MIA,,Out,,6
2026,2,5169,,Malik Earl,WR,,,,,
2026,2,11931,,Austin Reed,QB,,,,,
2026,2,7713,,Jaelon Darden,WR,,,,,
2026,2,12333,,Dakereon Joyner,WR,,,,,
2026,2,5092,00-0034393,Troy Fumagalli,TE,,,,,
2026,2,2197,00-0031236,Brandin Cooks,WR,,,,,
2026,2,1718,00-0029119,Derek Carrier,TE,,,,,
2026,2,6236, 00-0035212,Travon McMillian,RB,,,,,
2026,2,8905,,Travis Koontz,TE,,,,,
2026,2,12373,,Peter LeBlanc,WR,,,,,
2026,2,5290,00-0034653,Deontay Burnett,WR,,,,,
2026,2,2463,00-0032135,Jesse James,TE,,,,,
2026,2,12250,,Riley Sharp,TE,,,,,
2026,2,3568, 00-0032609,Marken Michel,WR,,,,,
2026,2,5322,00-0034284,James Looney,TE,,,,,
2026,2,8878,,Jared Scott,TE,,,,,
2026,2,4214,00-0033573,Shelton Gibson,WR,,,,,
2026,2,2391,00-0032187,David Johnson,RB,,,,,
2026,2,7064,,Darrynton Evans,RB,,,,,
2026,2,14044,,Miles Davis,RB,,,,,
2026,2,7088,,Xavier Jones,RB,,,,,
2026,2,3920,,Harvey Binford,WR,,,,,
2026,2,11947,,Austin Jones,RB,,,,,
2026,2,4710,,Gio Pascascio,WR,,,,,
2026,2,3664,00-0032602,J.D. McKissic,RB,,,,,
2026,2,4127,00-0033936,C.J. Beathard,QB,,,,,
2026,2,13431,,Miles Kitselman,TE,,,Questionable,,
2026,2,13310,,Miller Moss,QB,CHI,,,,
2026,2,12913,,J.J. Jones,WR,,,,,
2026,2,5957, 00-0035539,Isaac Nauta,TE,GB,,,,
2026,2,7601,,Rondale Moore,WR,,,,,
2026,2,13290,,Jalen Moss,WR,,,,,
2026,2,367,00-0027061,Jared Cook,TE,,,,,
2026,2,13154,,Marcus Major,RB,,,,,
2026,2,4630,,I'Tavius Mathers,RB,,,,,
2026,2,5196,00-0034672,Ethan Wolf,TE,,,,,
2026,2,5170,00-0034109,Phillip Lindsay,RB,,,,,
2026,2,6146, 00-0034988,Kaden Smith,TE,,,,,
2026,2,7162,,Ryan Becker,TE,,,,,
2026,2,6358, 00-0035200,Kahlil Lewis,WR,,,,,
2026,2,6768,,Tua Tagovailoa,QB,ATL,,Out,,1
2026,2,3531,,Marshaun Coprich,RB,,,,,
2026,2,12276,,RJ Mobley,WR,,,,,
2026,2,5004,00-0034378,Ito Smith,RB,DAL,,,,
2026,2,4923,,Rushel Shell,RB,,,,,
2026,2,12356,,Jabari Small,RB,DET,,,,
2026,2,13826,,Caullin Lacy,WR,,,Questionable,,
2026,2,2450,00-0031589,Brett Hundley,QB,,,,,
2026,2,4797,,Josh Rounds,RB,,,,,
2026,2,13905,,Omari Evans,WR,KC,,,,
2026,2,13284,,Dylan Devezin,RB,,,,,
2026,2,7538,,Zach Wilson,QB,NO,,Out,,3
2026,2,7561,,Elijah Mitchell,RB,,,Questionable,,
2026,2,7376,,Case Cookus,QB,,,,,
2026,2,5129,00-0034859,Adonis Jennings,WR,,,,,
2026,2,5828, 00-0031319,Diontae Spencer,WR,,,,,
2026,2,3209,00-0032972,Devontae Booker,RB,,,,,
2026,2,13440,,Damien Alford,WR,,,Questionable,,
2026,2,8409,,Tyler Snead,WR,,,,,
2026,2,12898,,Seth Henigan,QB,,,,,
2026,2,12950,,Robert Lewis,WR,,,,,
2026,2,7458,,Isaiah Zuber,WR,,,,,
2026,2,12475,,Ricky White,WR,SEA,,,,
2026,2,11060,,Robert Burns,RB,,,,,
2026,2,7427,,Tyler Mabry,TE,,,Questionable,,
2026,2,515,00-0027656,Rob Gronkowski,TE,,,,,
2026,2,13331,,Dae'Quan Wright,TE,,,,,
2026,2,11806,,Casey Washington,WR,CAR,,,,
2026,2,5941, 00-0035154,Felton Davis,WR,,,,,
2026,2,6068, 00-0035184,Devine Ozigbo,RB,,,,,
2026,2,6111, 00-0035100,Jake Browning,QB,,,,,
2026,2,12965,,Ethan Garbers,QB,,,,,
2026,2,5733,00-0034716,Clayton Wilson,TE,,,,,
2026,2,6018, 00-0035222,Zach Gentry,TE,,,,,
2026,2,4289,,Ishmael Zamora,WR,,,,,
2026,2,6586,,Moral Stephens,TE,,,,,
2026,2,11273,,Ben VanSumeren,RB,KC,,,,5
2026,2,5138, 00-0034099,Martez Carter,RB,,,,,
2026,2,14049,,Brandon Hayes,WR,,,,,
2026,2,13080,,Deion Hankins,RB,,,,,
2026,2,1149,00-0029137,Alshon Jeffery,WR,,,,,
2026,2,6663,,Micah Wright,WR,,,,,
2026,2,7583,,Sam Ehlinger,QB,DEN,,Out,,3
2026,2,6637, 00-0035387,Nico Evans,RB,,,,,
2026,2,2903,,Shane Carden,QB,,,,,
2026,2,7156,,J'Mar Smith,QB,,,,,
2026,2,5284,00-0034115,Jeff Wilson,RB,,,,,
2026,2,13129,,Jermaine Terry,TE,,,,,
2026,2,13438,,DeaMonte Trayanum,RB,NYJ,,,,6
2026,2,4445,00-0033441,Keon Hatcher,WR,,,,,
2026,2,6380, 00-0035101,Davion Davis,WR,,,,,
2026,2,3762,00-0032625,Brandon Shippen,WR,,,,,
2026,2,4744,,Barrett Burns,TE,BAL,,,,
2026,2,5289,00-0034652,Cameron Batson,WR,,,,,
2026,2,6019, 00-0035450,Johnnie Dixon,WR,,,,,
2026,2,2583,00-0032160,Tyrell Williams,WR,,,,,
2026,2,8575,,Erik Krommenhoek,TE,,,,,
2026,2,12810,,Elijhah Badger,WR,,,,,
2026,2,1071,00-0029632,Mohamed Sanu,WR,,,,,
2026,2,12435,,Geor'Quarius Spivey,TE,,,,,
2026,2,13916,,Xavier Loyd,WR,,,,,
2026,2,4200,00-0033291,DeAngelo Yancey,WR,,,,,
2026,2,3225,00-0033009,Tyler Boyd,WR,,,,,
2026,2,12549,,Jordan Petaia,TE,,,,,
2026,2,6260,,Jake Powell,TE,,,,,
2026,2,13973,,Keelan Marion,WR,,,,,
2026,2,13592,,Chandler Morris,QB,,,,,
2026,2,7874,,Jeremiah Haydel,WR,,,,,
2026,2,2119,,James Franklin,QB,,,,,
2026,2,11191,,Justin Marshall,WR,,,,,
2026,2,5121,00-0034419,Braxton Berrios,WR,NYG,,,,
2026,2,7093,,Adrian Killins,RB,DEN,,,,
2026,2,12360,,Latreal Jones,WR,,,,,
2026,2,24,00-0026143,Matt Ryan,QB,,,,,
2026,2,2257,00-0031045,Carlos Hyde,RB,,,,,
2026,2,8236,,Jerreth Sterns,WR,,,,,
2026,2,11099,,Kearis Jackson,WR,,,,,
2026,2,5263,00-0034291,Chase Litton,QB,,,,,
2026,2,9483,,Zack Kuntz,TE,,,,,
2026,2,13342,,John Michael Gyllenborg,TE,KC,,IR,,3
2026,2,5283,00-0034244,Ka'Raun White,WR,,,,,
2026,2,7956,,Cade Johnson,WR,,,,,
2026,2,13136,,Redd Douglas,WR,,,,,
2026,2,7496,,Nick Westbrook-Ikhine,WR,IND,,,,
2026,2,11224,,Griffin Hebert,TE,,,,,
2026,2,13604,,Sincere Brown,WR,,,Questionable,,
2026,2,12018,,Sam Pinckney,WR,,,,,
2026,2,5773,00-0034854,KhaDarel Hodge,WR,SF,,,,7
2026,2,11520,,Lucky Jackson,WR,DET,,,,
2026,2,2940,,Des Lawrence,WR,,,,,
2026,2,5663,,Shane Wimann,RB,,,,,
2026,2,14047,,Heinrich Haarberg,TE,,,,,
2026,2,6205, 00-0034918,Brandon Silvers,QB,,,,,
2026,2,9998,,Hendon Hooker,QB,TEN,,,,
2026,2,8500,,John FitzPatrick,TE,,,Questionable,,
2026,2,5244,00-0034141,Devin Gray,WR,,,,,
2026,2,11606,,Dallin Holker,TE,,,,,
2026,2,5137,00-0034286,Richie James,WR,,,,,
2026,2,7243,,Kevin Davidson,QB,,,,,
2026,2,8553,,Tre Ford,QB,,,,,
2026,2,12270,,Andrew Peasley,QB,,,,,
2026,2,12753,,Jamoi Mayes,WR,,,,,
2026,2,6375,,Jerome Washington,TE,,,,,
2026,2,5013,00-0034353,Anthony Miller,WR,,,,,
2026,2,6017, 00-0035475,DaMarkus Lodge,WR,,,,,
2026,2,4874,,Chris Bazile,TE,,,,,
2026,2,7858,,Brenden Knox,RB,,,,,
2026,2,2146,00-0031384,Richard Rodgers,TE,,,,,
2026,2,11561,,Michael Pratt,QB,,,,,
2026,2,7812,,Simi Fehoko,WR,ARI,,,,7
2026,2,12908,,Chandler Brayboy,WR,NE,,,,
2026,2,2114,00-0031209,Senorise Perry,RB,,,,,
2026,2,5217,00-0034619,Jason Reese,TE,,,,,
2026,2,7066,,K.J. Osborn,WR,TEN,,,,
2026,2,1979,00-0031407,Blake Bortles,QB,NO,,,,
2026,2,8008,,Josh Imatorbhebhe,WR,,,,,
2026,2,8475,,Montrell Washington,WR,,,,,
2026,2,6762,,Darion Clark,TE,,,,,
2026,2,11921,,Xavier Weaver,WR,,,Questionable,,
2026,2,260, 00-0026300,Josh Johnson,QB,CIN,,Out,,3
2026,2,2711,00-0031800,Taylor Heinicke,QB,,,,,
2026,2,6857,,Collin Johnson,WR,,,,,
2026,2,13557,,Athan Kaliakmanis,QB,WAS,,Out,,4
2026,2,13846,,Jack Velling,TE,ATL,,,,
2026,2,8182,,Chase Allen,TE,,,,,
2026,2,4157,00-0033556,Tarik Cohen,RB,,,,,
2026,2,2003,00-0030670,Bennie Fowler,WR,,,,,
2026,2,12285,,Cade Peterson,QB,,,,,
2026,2,7533,,Anthony Schwartz,WR,,,,,
2026,2,7460,,Jake Burt,TE,,,,,
2026,2,1837,00-0031345,Jimmy Garoppolo,QB,,,,,
2026,2,4528,,Trevor Knight,QB,,,,,
2026,2,10220,,Will Mallory,TE,IND,,IR,,3
2026,2,12063,,Rocky Lombardi,QB,,,,,
2026,2,13249,,Thomas Gordon,TE,DET,,,,
2026,2,13128,,Rushawn Baker,RB,,,,,
2026,2,9507,,Titus Swen,RB,,,,,
2026,2,1939,,Derel Walker,WR,,,,,
2026,2,12434,,Kairee Robinson,RB,,,,,
2026,2,8205,,Isiah Pacheco,RB,DET,,IR,,2
2026,2,2713,,Josh Harper,WR,,,,,
2026,2,6342, 00-0035460,Stephen Louis,WR,,,,,
2026,2,8108,,DeVonte Dedmon,WR,,,,,
2026,2,2767,,Jawon Chisholm,RB,,,,,
2026,2,5185,00-0034521,Allen Lazard,WR,,,,,
2026,2,12197,,John Paddock,QB,,,,,
2026,2,8251,,Calvin Jackson,WR,,,,,
2026,2,2620,,Jake Heaps,QB,,,,,
2026,2,11225,,Noah Gindorff,TE,,,,,
2026,2,4491,00-0033481,Marcus Kemp,WR,,,,,
2026,2,5136,00-0034457,Josh Adams,RB,,,,,
2026,2,3500,00-0032716,Devon Cajuste,WR,,,,,
2026,2,6737, 00-0035740,Micky Crum,TE,,,,,
2026,2,11232,,Isaiah Winstead,WR,,,,,
2026,2,13975,,Le'Meke Brockington,WR,,,Questionable,,
2026,2,12239,,Peewee Jarrett,QB,,,,,
2026,2,4785,00-0033641,Kermit Whitfield,WR,,,,,
2026,2,11046,,Colton Dowell,WR,,,,,
2026,2,6288, 00-0035296,Marcus Green,WR,,,,,
2026,2,6320, 00-0035325,Jonathan Duhart,WR,,,,,
2026,2,4082,00-0033282,Curtis Samuel,WR,,,,,
2026,2,7048,,Benny LeMay,RB,CLE,,,,
2026,2,1049,00-0029701,Ryan Tannehill,QB,,,,,
2026,2,6686,,Joe Horn,WR,,,,,
2026,2,12350,,Anthony Grant,RB,,,,,
2026,2,5703, 00-0034715,Deontez Alexander,WR,,,,,
2026,2,12976,,DeMeer Blankumsee,WR,,,,,
2026,2,3239,00-0033117,Bronson Kaufusi,TE,GB,,,,
2026,2,12311,,Daniel George,WR,,,,,
2026,2,1339,00-0030061,Zach Ertz,TE,,,,,
2026,2,5155,00-0034493,Corey Willis,WR,,,,,
2026,2,4184,00-0033966,Bucky Hodges,TE,,,,,
2026,2,8770,,Malik Williams,WR,,,,,
2026,2,11280,,Brady Russell,RB,SEA,,,,7
2026,2,11589,,Trey Benson,RB,ARI,,IR,,6
2026,2,5878, 00-0035624,N'Keal Harry,TE,,,,,
2026,2,3816,,Brandon Brown-Dukes,RB,,,,,
2026,2,13173,,Jimmy Holiday,WR,KC,,IR,,
2026,2,7143,,Ben DiNucci,QB,,,,,
2026,2,13749,,Kole Wilson,WR,,,,,
2026,2,10867,,Jake Bobo,WR,SEA,,IR,,8
2026,2,8938,,Nathan Rourke,QB,,,,,
2026,2,7609,,Demetric Felton,RB,,,,,
2026,2,2315,00-0032241,Todd Gurley,RB,,,,,
2026,2,4551,00-0033633,Tanner Gentry,WR,,,,,
2026,2,12524,,Shedeur Sanders,QB,CLE,,,,2
2026,2,6171, 00-0035164,Cody Thompson,WR,,,,,
2026,2,11344,,Keytaon Thompson,WR,,,,,
2026,2,956,00-0027966,Mark Ingram,RB,,,,,
2026,2,3514,00-0032997,Jake McGee,TE,,,,,
2026,2,8174,,Kevin Harris,RB,,,,,
2026,2,5462,00-0034876,Christopher Ezeala,RB,,,,,
2026,2,12235,,Marcus Riley,WR,,,,,
2026,2,4593, 00-0033745,Brandon Barnes,TE,,,,,
2026,2,5403,00-0034219,Peter Pujals,QB,,,,,
2026,2,13658,,Brady Boyd,WR,,,,,
2026,2,8177,,Grant Calcaterra,TE,PHI,,IR,,3
2026,2,13657,,Alex Bullock,WR,,,NA,,
2026,2,5293,00-0034669,Jordan Veasy,WR,,,,,
2026,2,8125,,Calvin Austin,WR,NYG,,IR,,7
2026,2,7746,,Austin Trammell,WR,JAX,,,,
2026,2,13422,,Jaren Kanak,TE,TEN,,IR,,6
2026,2,13802,,Jacob Clark,QB,,,,,
2026,2,12410,,John Jackson,WR,,,,,
2026,2,11897,,Jermaine Jackson,WR,,,,,
2026,2,8095,,Graham Adomitis,TE,,,,,
2026,2,11382,,Dontay Demus,WR,,,,,
2026,2,4794,,Tommy Armstrong Jr.,QB,,,,,
2026,2,2452,00-0031590,Jay Ajayi,RB,,,,,
2026,2,1211,00-0029587,Rhett Ellison,TE,,,,,
2026,2,8117,,Jalen Tolbert,WR,MIA,,Out,,3
2026,2,7483,,Farrod Green,TE,,,,,
2026,2,6849,,Denzel Mims,WR,,,,,
2026,2,3774,00-0032689,Jason Vander Laan,TE,,,,,
2026,2,13041,,Jahmal Banks,WR,,,,,
2026,2,5884, 00-0035297,Kelvin Harmon,WR,,,,,
2026,2,5781,00-0034867,Malik Turner,WR,,,,,
2026,2,11262,,Damien Caffrey,TE,,,,,
2026,2,4669,00-0033705,Andre Patton,WR,,,,,
2026,2,1555,00-0030085,Kenny Stills,WR,,,,,
2026,2,12149,,Gavin Hardison,QB,,,,,
2026,2,11567,,Jordan Travis,QB,,,,,
2026,2,8660,,Leroy Watson,TE,,,,,
2026,2,6506, 00-0035176,Trayone Gray,RB,,,,,
2026,2,8699,,Cyrus Holder,WR,,,,,
2026,2,12792,,Garrett Greene,QB,TB,,,,
2026,2,812,00-0028097,Lee Smith,TE,ATL,,,,
2026,2,5609,00-0034494,Stephen Baggett,TE,,,,,
2026,2,8921,,Maurice Alexander,WR,,,,,
2026,2,12546,,Marcus Yarns,RB,,,,,
2026,2,6661, 00-0035574,Joseph Parker,WR,,,,,
2026,2,11633,,Jamari Thrash,WR,,,Questionable,,
2026,2,13964,,Myles Montgomery,RB,NE,,IR,,
2026,2,8628,,Jontre Kirklin,WR,,,,,
2026,2,7359,,Nakia Griffin-Stewart,TE,,,,,
2026,2,6712, 00-0035701,Marcus Simms,WR,,,,,
2026,2,12246,,Mike Rigerman,TE,,,,,
2026,2,6629,,Brian Burt,WR,,,,,
2026,2,3433,00-0032543,Alex Erickson,WR,,,,,
2026,2,13189,,Luke Floriea,WR,,,,,
2026,2,8638,,Grayson Gunter,TE,,,,,
2026,2,13744,,Cameron Ross,WR,,,,,
2026,2,12868,,Montrell Johnson,RB,,,,,
2026,2,4111,00-0033925,D'Onta Foreman,RB,,,,,
2026,2,6386, 00-0035602,Alex Bachman,WR,LAR,,,,
2026,2,12259,,Taulia Tagovailoa,QB,,,,,
2026,2,11524,,Izaiah Gathings,TE,,,,,
2026,2,2785,,Gus Johnson,RB,,,,,
2026,2,4443,00-0033439,Pharaoh Brown,TE,IND,,,,
2026,2,13088,,Quali Conley,RB,,,,,
2026,2,7078,,Tony Brown,WR,,,,,
2026,2,6448, 00-0035043,Darrin Hall,RB,,,,,
2026,2,2399,00-0032200,Ty Montgomery,RB,,,,,
2026,2,8523,,Nick Muse,TE,ATL,,Questionable,,4
2026,2,11957,,Sam Schnee,WR,,,,,
2026,2,5775,00-0034862,Jared Murphy,WR,,,,,
2026,2,5539,00-0034258,Derrick Willies,WR,,,,,
2026,2,7539,,Gerrid Doaks,RB,,,,,
2026,2,4994,00-0034799,Kalen Ballage,RB,,,,,
2026,2,1737,00-0028986,Case Keenum,QB,CHI,,Out,,3
2026,2,6469, 00-0035083,Davis Koppenhaver,TE,,,,,
2026,2,7624,,Carson Williams,TE,,,,,
2026,2,6247, 00-0035432,Jason Moore,WR,,,,,
2026,2,14063,,Liam Clifford,WR,,,,,
2026,2,11495,,Bryan Thompson,WR,,,,,
2026,2,7425,,Patrick Carr,RB,,,,,
2026,2,7854,,Miller Forristall,TE,,,,,
2026,2,5253,00-0034532,Jordan Franks,TE,,,,,
2026,2,1346,00-0030068,Marquise Goodwin,WR,,,,,
2026,2,2949,,Synjyn Days,RB,,,,,
2026,2,200,00-0024221,Vernon Davis,TE,,,,,
2026,2,8650,,Lujuan Winningham,WR,,,,,
2026,2,13199,,Montorie Foster,WR,SEA,,Out,,10
2026,2,13632,,Devonte Ross,WR,,,,,
2026,2,13428,,Joey Aguilar,QB,JAX,,,,
2026,2,10870,,Deneric Prince,RB,,,,,
2026,2,7860,,Osirus Mitchell,WR,,,,,
2026,2,13349,,Eli Stowers,TE,PHI,,IR,,2
2026,2,13430,,RJ Maryland,TE,,,Questionable,,
2026,2,167,00-0019596,Tom Brady,QB,,,,,
2026,2,4219,00-0033955,Jeremy McNichols,RB,WAS,,IR,,3
2026,2,13202,,Dalevon Campbell,WR,,,Questionable,,
2026,2,12963,,Kayron Lynch-Adams,RB,,,,,
2026,2,10983,,Sean Clifford,QB,CIN,,,,
2026,2,3555,,Canaan Severin,WR,,,,,
2026,2,7272,,Dylan Stapleton,TE,,,,,
2026,2,8820,,Troy Hairston,RB,,,,,
2026,2,6492, 00-0035097,Terry Wright,WR,,,,,
2026,2,4042,00-0033286,Joe Williams,RB,,,,,
2026,2,12408,,Michael Hiers,QB,,,,,
2026,2,12941,,Bryson Nesbit,TE,,,Questionable,,
2026,2,4420, 00-0033386,Cody Hollister,WR,,,,,
2026,2,8198,,Charleston Rambo,WR,,,,,
2026,2,827,00-0028118,Tyrod Taylor,QB,GB,,,,2
2026,2,13667,,Marcus Burke,WR,,,,,
2026,2,6352,,Matt Colburn,RB,,,,,
2026,2,2822,00-0032009,Adam Humphries,WR,,,,,
2026,2,13647,,Ben Patterson,WR,,,,,
2026,2,6985,,Dezmon Patmon,WR,,,,,
2026,2,6107, 00-0034943,Emmanuel Butler,WR,,,,,
2026,2,2787,,David Porter,WR,,,,,
2026,2,4137,00-0033553,James Conner,RB,ARI,,IR,,3
2026,2,12277,,John Matocha,QB,,,,,
2026,2,5608,00-0034528,Devonte Boyd,WR,,,,,
2026,2,13432,,Khalil Dinkins,TE,SF,,,,
2026,2,10862,,Dorian Thompson-Robinson,QB,,,,,
2026,2,3640,,Soma Vainuku,RB,,,,,
2026,2,12068,,Mason Pline,TE,,,,,
2026,2,4696,00-0033838,Trey Edmunds,RB,,,,,
2026,2,11961,,Emory Jones,QB,,,,,
2026,2,8203,,Jeremiah Hall,TE,,,,,
2026,2,13816,,Mark Gronowski,QB,,,,,
2026,2,7106,,Lawrence Cager,TE,,,,,
2026,2,12191,,Trent Pennix,TE,,,,,
2026,2,5997, 00-0035090,Jazz Ferguson,WR,,,,,
2026,2,7063,,Shea Patterson,QB,,,,,
2026,2,1678,,Uzoma Nwachukwu,WR,,,,,
2026,2,928,00-0028002,Randall Cobb,WR,,,,,
2026,2,5347,00-0034367,Nyheim Miller-Hines,RB,,,,,
2026,2,4456,00-0033309,K.D. Cannon,WR,,,,,
2026,2,12755,,Kelly Akharaiyi,WR,,,,,
2026,2,7317,,Jared Rice,TE,,,,,
2026,2,7607,,Michael Carter,RB,TEN,,,,
2026,2,8211,,Tyrion Davis-Price,RB,,,,,
2026,2,5777,00-0032604,Malachi Jones,WR,,,,,
2026,2,5798,00-0034888,Darren Carrington,WR,,,NA,,
2026,2,3456,,Joel Stave,QB,,,,,
2026,2,5432,00-0034104,Cam Sims,WR,,,,,
2026,2,7599,,Jermar Jefferson,RB,,,Questionable,,
2026,2,2346,00-0032055,Devin Funchess,TE,,,,,
2026,2,2703,,Ezell Ruffin,WR,,,,,
2026,2,12897,,Nate Carter,RB,KC,,,,
2026,2,3505,,Dom Williams,WR,,,,,
2026,2,5223,00-0034243,Caleb Scott,WR,TEN,,,,
2026,2,642,00-0027891,Golden Tate,WR,,,,,
2026,2,9999,,Will Levis,QB,,,,,
2026,2,13344,,Preston Fox,WR,,,,,
2026,2,6420, 00-0035417,Jon'Vea Johnson,WR,,,,,
2026,2,6373, 00-0035491,A.J. Richardson,WR,,,,,
2026,2,7990,,Garrett Groshek,RB,,,,,
2026,2,1612,00-0030151,Tyler Bray,QB,,,,,
2026,2,7279,,DeMichael Harris,WR,,,,,
2026,2,11529,,Ed Lee,WR,,,,,
2026,2,12690,,Tommy Mellott,WR,,,,,
2026,2,2580,,Titus Davis,WR,,,,,
2026,2,12778,,Jerjuan Newton,WR,,,,,
2026,2,11521,,Jadakis Bonds,WR,,,,,
2026,2,12946,,Dontae Fleming,WR,MIN,,Questionable,,
2026,2,2790,,Nigel King,WR,,,,,
2026,2,8158,,Carson Strong,QB,,,,,
2026,2,8613,,Taysir Mack,WR,,,,,
2026,2,2462,00-0032112,J.J. Nelson,WR,,,,,
2026,2,14020,,Dean Patterson,WR,TB,,,,
2026,2,6246, 00-0035427,Jeremy Cox,RB,,,,,
2026,2,6237, 00-0035037,Wilton Speight,QB,,,,,
2026,2,3846, 00-0032945,Duke Williams,WR,,,,,
2026,2,6392, 00-0035614,Johnathan Lloyd,WR,,,,,
2026,2,13272,,Carson Beck,QB,ARI,,Out,,2
2026,2,8831,,Ethan Fernea,WR,,,,,
2026,2,8751,,Dylan Parham,TE,,,,,
2026,2,11189,,Zay Malone,WR,,,,,
2026,2,3593,,Anthony Kelly,WR,,,,,
2026,2,2360,00-0031558,Maxx Williams,TE,,,,,
2026,2,830,00-0027942,A.J. Green,WR,,,,,
2026,2,11960,,Steven Stilianos,TE,,,,,
2026,2,12453,,Ontaria Wilson,WR,,,,,
2026,2,12700,,Gavin Bartholomew,TE,MIN,,,,4
2026,2,8068,,C.J. Saunders,WR,,,,,
2026,2,13673,,Trent Battle,RB,,,,,
2026,2,5977, 00-0035313,Terry Godwin,WR,,,,,
2026,2,11267,,Aron Cruickshank,WR,,,,,
2026,2,2906,,Bell Braylon,WR,,,,,
2026,2,1502,00-0030404,Chris Thompson,RB,,,,,
2026,2,12761,,Jordan Moore,WR,CIN,,,,
2026,2,7457,,Michael Dereus,WR,,,,,
2026,2,7174,,Juwan Green,WR,,,,,
2026,2,12940,,Tre Stewart,RB,,,,,
2026,2,2342, 00-0031934,Devin Smith,WR,,,,,
2026,2,3208,00-0032411,Kenneth Dixon,RB,,,,,
2026,2,4988,00-0034791,Nick Chubb,RB,,,,,
2026,2,1535,00-0030578,Cordarrelle Patterson,RB,,,,,
2026,2,11638,,Ricky Pearsall,WR,SF,,IR,,9
2026,2,7605,,Kyle Trask,QB,,,,,
2026,2,8218,,Max Borghi,RB,,,,,
2026,2,13292,,Lake McRee,TE,PIT,,,,
2026,2,7435,,Cameron Scarlett,RB,,,,,
2026,2,13255,,Shane Watts,RB,,,,,
2026,2,6317, 00-0035394,Jacob Dolegala,QB,,,,,
2026,2,7569,,Nico Collins,WR,HOU,,Out,,1
2026,2,13582,,Anthony Smith,WR,DAL,,,,
2026,2,6659, 00-0035567,Craig Reynolds,RB,WAS,,,,
2026,2,8090,,Daniel Crawford,TE,,,,,
2026,2,8694,,Henry Litwin,WR,,,,,
2026,2,10221,,Ronnie Bell,WR,LV,,,,
2026,2,6195, 00-0034915,Damon Sheehy-Guiseppi,WR,,,,,
2026,2,4131,00-0033932,Kenny Golladay,WR,,,,,
2026,2,11367,,Daewood Davis,WR,,,,,
2026,2,6870,,Bryan Edwards,WR,,,,,
2026,2,8408,,Jordan Mason,RB,MIN,,IR,,1
2026,2,12884,,Quincy Skinner,WR,GB,,,,
2026,2,8226,,Greg Bell,RB,,,,,
2026,2,5128,00-0034438,Logan Woodside,QB,,,,,
2026,2,13603,,Gregory Desrosiers,RB,LAC,,,,
2026,2,10869,,Matt Landers,WR,,,,,
2026,2,11650,,Luke McCaffrey,WR,WAS,,Out,,4
2026,2,7235,,Aleva Hifo,WR,,,,,
2026,2,8798,,Felix Harper,QB,,,,,
2026,2,6168, 00-0035597,John Ursua,WR,,,,,
2026,2,6988,,Raymond Calais,RB,,,,,
2026,2,2635,,Vernon Johnson,WR,,,,,
2026,2,6263, 00-0035170,Trevor Wood,TE,,,,,
2026,2,11301,,Braxton Westfield,WR,,,,,
2026,2,11895,,Mason Tipton,WR,NO,,PUP,,6
2026,2,13852,,Dontae McMillan,RB,,,,,
2026,2,7228,,Ahmad Wagner,WR,,,,,
2026,2,5260,00-0034631,Vyncint Smith,WR,,,,,
2026,2,1701,,Eric Rogers,WR,,,,,
2026,2,7083,,Tyler Huntley,QB,BAL,,,,2
2026,2,12735,,Caleb Lohner,TE,DEN,,IR,,6
2026,2,12288,,Mathieu Severance,RB,,,,,
2026,2,2636,,Jarred Haggins,WR,,,,,
2026,2,5987, 00-0034972,Alexander Mattison,RB,,,,,
2026,2,12046,,Chevan Cordeiro,QB,,,,,
2026,2,6396, 00-0034932,Austin Fort,TE,,,,,
2026,2,8179,,Snoop Conner,RB,,,,,
2026,2,12066,,Elijah Collins,RB,,,,,
2026,2,11504,,Jose Barbon,WR,,,,,
2026,2,5962, 00-0035287,KeeSean Johnson,WR,,,,,
2026,2,8656,,Tyshaun James,WR,,,,,
2026,2,7418,,Broc Rutter,QB,,,,,
2026,2,6153, 00-0034995,Dexter Williams,RB,,,,,
2026,2,13053,,Daniel Jackson,WR,,,,,
2026,2,10215,,Jake Haener,QB,NYG,,,,
2026,2,11270,,Hassan Hall,RB,,,,,
2026,2,5076,00-0034808,John Kelly,RB,,,,,
2026,2,3556,,Christian Powell,RB,,,,,
2026,2,8169,,Tre Turner,WR,,,,,
2026,2,6371, 00-0035483,Drew Anderson,QB,,,,,
2026,2,13325,,Jordan Hudson,WR,DAL,,,,
2026,2,7596,,Elijah Moore,WR,PHI,,Out,,6
2026,2,8799,,Zaire Mitchell-Paden,TE,HOU,,,,
2026,2,6040, 00-0035356,Tyree Jackson,TE,,,Questionable,,
2026,2,8543,,Drew Estrada,WR,,,,,
2026,2,5209,00-0034208,Mike Boone,RB,,,,,
2026,2,4663,00-0033699,Austin Ekeler,RB,,,,,
2026,2,7286,,Marvelle Ross,WR,,,,,
2026,2,943,00-0027981,Kyle Rudolph,TE,,,,,
2026,2,7521,,Chris Blair,WR,ATL,,,,5
2026,2,5902, 00-0035022,Penny Hart,WR,,,,,
2026,2,7352,,Matt Cole,WR,,,,,
2026,2,7438,,Kristian Wilkerson,WR,,,,,
2026,2,8186,,Devon Williams,WR,,,,,
2026,2,1855,,Shaquelle Evans,WR,,,,,
2026,2,1604,00-0029848,Nick Williams,WR,DEN,,,,
2026,2,3817,00-0032832,Marcus Tucker,WR,,,,,
2026,2,8908,,Brandon Lewis,WR,,,,,
2026,2,11139,,Elijah Cooks,WR,,,,,
2026,2,6389, 00-0035605,Keenen Brown,TE,,,,,
2026,2,7339,,J.J. Koski,WR,,,,,
2026,2,13909,,Elijah Tau-Tolliver,RB,,,,,
2026,2,12959,,Bryce Pierre,TE,,,,,
2026,2,8252,,Travell Harris,WR,,,,,
2026,2,13619,,Marcus Sanders,WR,,,,,
2026,2,4322,,Dalton Crossan,RB,,,,,
2026,2,12079,,Treyton Welch,TE,NO,,,,6
2026,2,11925,,Terique Owens,WR,,,,,
2026,2,7065,,Eli Wolf,TE,,,,,
2026,2,5950, 00-0035730,Nyqwan Murray,WR,,,,,
2026,2,3476,00-0032935,Johnny Holton,WR,,,,,
2026,2,4545,00-0033623,Keith Towbridge,TE,,,,,
2026,2,5637,00-0034592,Garrett Johnson,WR,,,,,
2026,2,2142,,Rajion Neal,RB,,,,,
2026,2,5750,00-0034783,Garrett Hudson,TE,,,,,
2026,2,11644,,Cody Schrader,RB,DEN,,,,
2026,2,6465, 00-0035074,Thomas Ives,WR,CHI,,,,
2026,2,4040,00-0033857,JuJu Smith-Schuster,WR,,,,,
2026,2,8206,,Skylar Thompson,QB,BAL,,IR,,3
2026,2,7316,,Darius Bradwell,RB,,,,,
2026,2,14061,,Jeremiah Franklin,TE,,,,,
2026,2,11214,,Tanner Morgan,QB,,,,,
2026,2,5110,00-0034411,Russell Gage,WR,,,,,
2026,2,6363, 00-0035374,Michael Walker,WR,,,,,
2026,2,3321,00-0033040,Tyreek Hill,WR,,,,,
2026,2,8013,,Tim Jones,WR,JAX,,,,
2026,2,4571,00-0033658,Blake Jarwin,TE,,,,,
2026,2,13074,,Isaiah Neyor,WR,GB,,,,
2026,2,12198,,Wayne Ruby,WR,,,,,
2026,2,13415,,Haynes King,QB,CAR,,Out,,3
2026,2,6185, 00-0035282,Easton Stick,QB,TB,,,,
2026,2,12224,,David White,WR,,,,,
2026,2,6361, 00-0035366,Raphael Leonard,WR,,,,,
2026,2,4153,00-0033953,Jordan Leggett,TE,,,,,
2026,2,11081,,Cephus Johnson,WR,,,,,
2026,2,8197,,Peyton Hendershot,TE,,,,,
2026,2,6664, 00-0035583,A.J. Ouellette,RB,,,,,
2026,2,6959,,LeVante Bellamy,RB,,,,,
2026,2,2674,,Paul Browning,WR,,,,,
2026,2,11357,,Tyler Adams,WR,,,,,
2026,2,7149,,Tommy Stevens,TE,NYG,,,,
2026,2,8817,,Nolan Givan,TE,,,,,
2026,2,5762,,Josh Smith,WR,,,,,
2026,2,12523,,Jimmy Horn,WR,CLE,,,,
2026,2,3157,00-0033127,William Fuller,WR,,,,,
2026,2,13401,,Michael Trigg,TE,DAL,,,,
2026,2,13261,,Layne Pryor,TE,,,,,
2026,2,8107,,Nikola Kalinic,TE,CHI,,IR,,5
2026,2,11172,,Shae Wyatt,WR,,,,,
2026,2,12489,,RJ Harvey,RB,DEN,,Out,,2
2026,2,4324,00-0033259,Trey Griffey,WR,,,,,
2026,2,963,00-0028042,Luke Stocker,TE,,,,,
2026,2,7244,,Ja'Marcus Bradley,WR,,,,,
2026,2,3398,,Kenny Lawler,WR,,,,,
2026,2,5294,,Mikah Holder,WR,,,,,
2026,2,4519,00-0033515,Devine Redding,RB,,,,,
2026,2,1333,00-0030147,Russell Shepard,WR,,,,,
2026,2,2106,00-0031076,David Fales,QB,,,,,
2026,2,7107,,Jason Huntley,RB,,,,,
2026,2,12283,,Dylan McDuffie,RB,,,,,
2026,2,2161,00-0031376,Jerick McKinnon,RB,,,,,
2026,2,8157,,Bailey Zappe,QB,NYJ,,,,
2026,2,8223,,Velus Jones,WR,SEA,,,,
2026,2,7001,,Brian Herrien,RB,,,,,
2026,2,232,00-0023500,Frank Gore,RB,,,,,
2026,2,5786,,Marcus Peterson,WR,,,,,
2026,2,6159,,Mike Weber,RB,,,,,
2026,2,2820,,Dominique Brown,RB,,,,,
2026,2,7960,,T.J. Simmons,WR,,,,,
2026,2,8663,,Jared Bernhardt,WR,,,,,
2026,2,7867,,Spencer Brown,RB,,,,,
2026,2,7535,,Hunter Long,TE,ARI,,,,5
2026,2,12482,,Savion Williams,WR,GB,,IR,,4
2026,2,13190,,Taylor Elgersma,QB,,,,,
2026,2,8088,,Kalif Jackson,TE,MIA,,,,
2026,2,5142,00-0034131,Kurt Benkert,QB,,,,,
2026,2,1546,00-0030465,Kenjon Barner,RB,,,,,
2026,2,11384,,Owen Wright,RB,,,,,
2026,2,13972,,Brandon Frazier,TE,,,,,
2026,2,5772,,Aaron Lacombe,WR,,,,,
2026,2,5929, 00-0035474,Anthony Johnson,WR,,,,,
2026,2,5163,00-0034597,Ryan Nall,RB,,,,,
2026,2,11959,,Bryce Oliver,WR,HOU,,,,
2026,2,11511,,John Stephens,TE,,,,,
2026,2,4835,,Darrius Sims,RB,,,,,
2026,2,7530,,Frank Darby,WR,,,,,
2026,2,13119,,Collin Schlee,QB,,,,,
2026,2,6909,,Lynn Bowden,WR,,,,,
2026,2,3445,00-0032980,Marcus Johnson,WR,,,,,
2026,2,3178,00-0032760,Josh Doctson,WR,,,,,
2026,2,7378,,Kyle Markway,TE,,,,,
2026,2,8253,,Deven Thompkins,WR,LV,,,,
2026,2,745,00-0025399,Marshawn Lynch,RB,,,,,
2026,2,11526,,Malachi Carter,WR,,,,,
2026,2,7465,,Nick Tiano,QB,,,,,
2026,2,6421, 00-0035414,Jalen Guyton,WR,,,,,
2026,2,4468,00-0033421,Antony Auclair,TE,,,,,
2026,2,11964,,Dayton Wade,WR,,,,,
2026,2,3695,00-0032986,J.P. Holtz,TE,,,,,
2026,2,7623,,Darece Roberson,WR,,,,,
2026,2,8861,,Irv Charles,WR,SEA,,IR,,7
2026,2,13258,,Phil Lutz,WR,,,,,
2026,2,6697, 00-0035635,Floyd Allen,WR,,,,,
2026,2,3170,00-0033108,Paxton Lynch,QB,,,,,
2026,2,3407,,Beau Sandland,TE,,,,,
2026,2,7703,,Jacob Harris,WR,,,,,
2026,2,5558,00-0034240,Marcus Martin,RB,,,,,
2026,2,4351,00-0033375,Tim Patrick,WR,NYJ,,IR,,7
2026,2,11276,,Joseph Ngata,WR,,,,,
2026,2,12355,,Treveyon Pratt,WR,,,,,
2026,2,2846,,Marquez Clark,WR,,,,,
2026,2,13835,,Mekhi Mews,WR,,,,,
2026,2,4863,00-0034343,Josh Rosen,QB,,,,,
2026,2,13250,,Nay'Quan Wright,RB,,,,,
2026,2,11190,,Keilahn Harris,WR,,,,,
2026,2,12909,,Eli Pancol,WR,,,,,
2026,2,5108,00-0034412,Luke Falk,QB,,,,,
2026,2,13335,,Cole Payton,QB,PHI,,Out,,3
2026,2,6490,,Mik'Quan Deane,TE,,,,,
2026,2,4108,,Carlos Henderson,WR,,,,,
2026,2,2410,00-0031941,Jamison Crowder,WR,,,,,
2026,2,9220,,Evan Hull,RB,ARI,,,,
2026,2,6984,,Tony Jones,RB,,,,,
2026,2,1706,00-0030181,Jack Doyle,TE,IND,,,,
2026,2,3588,,Michael Miller,TE,,,,,
2026,2,4926,,Nick Schuessler,QB,PIT,,,,
2026,2,4829,00-0034035,Daniel Williams,WR,,,,,
2026,2,2495,00-0032117,Nick O'Leary,TE,,,,,
2026,2,6885,,Ke'Shawn Vaughn,RB,,,,,
2026,2,11387,,Sean Ryan,WR,,,,,
2026,2,2262,,Trey Millard,RB,,,,,
2026,2,7426,,Seth Dawkins,WR,,,,,
2026,2,8143,,Jerome Ford,RB,MIN,,,,
2026,2,6694, 00-0035628,D'Ernest Johnson,RB,,,,,
2026,2,3599,,Dez Stewart,WR,,,,,
2026,2,11652,,Louis Rees-Zammit,RB,,,,,
2026,2,7734,,Bruno Labelle,TE,,,,,
2026,2,12656,,Robbie Ouzts,RB,SEA,,IR,,8
2026,2,5211,00-0034222,Jake Wieneke,WR,,,,,
2026,2,5257,00-0034177,Tim Boyle,QB,,,,,
2026,2,2750,00-0031763,DeAndre Carter,WR,,,,,
2026,2,13321,,Dan Villari,TE,LAR,,,,
2026,2,12019,,Devin Carter,WR,,,,,
2026,2,4285,00-0033530,Robert Davis,WR,,,,,
2026,2,8248,,Kalil Pimpleton,WR,,,,,
2026,2,5431,00-0034100,Shay Fields,WR,,,,,
2026,2,2397,00-0032227,Jeff Heuerman,TE,,,,,
2026,2,5167,,Dalton Sturm,QB,,,,,
2026,2,13116,,Tre Watson,TE,MIA,,,,
2026,2,8189,,Trestan Ebner,RB,,,,,
2026,2,3312,00-0032975,Jonathan Williams,RB,,,,,
2026,2,6996,,JaMycal Hasty,RB,,,,,
2026,2,7191,,Jaylon Moore,WR,,,,,
2026,2,5976, 00-0035454,Karan Higdon,RB,,,,,
2026,2,6906,,Antonio Gandy-Golden,TE,,,,,
2026,2,12245,,Jelani Baker,WR,,,,,
2026,2,12765,,Keleki Latu,TE,BUF,,,,4
2026,2,12095,,Jjay Mcafee,TE,,,,,
2026,2,2673,00-0031868,Damiere Byrd,WR,,,,,
2026,2,6710, 00-0035691,Josh Caldwell,RB,,,,,
2026,2,4171,00-0033943,Josh Reynolds,WR,,,,,
2026,2,6926,,Brycen Hopkins,TE,,,,,
2026,2,7893,,Dedrick Mills,RB,,,,,
2026,2,7946,,Jack Stoll,TE,SF,,,,
2026,2,7729,,Dez Fitzpatrick,WR,,,Questionable,,
2026,2,7439,,Tommy Hudson,TE,,,,,
2026,2,13417,,De'Zhaun Stribling,WR,SF,,IR,,3
2026,2,8077,,Otis Anderson,RB,,,,,
2026,2,2935,,Ricky Collins,WR,,,,,
2026,2,5722,00-0034710,Darvin Kidsy,WR,,,,,
2026,2,3328,00-0032977,Rashard Higgins,WR,,,,,
2026,2,10224,,Brayden Willis,TE,SF,,,,5
2026,2,2373,00-0032256,Clive Walford,TE,,,,,
2026,2,12906,,Cam Camper,WR,,,,,
2026,2,8160,,Kenny Pickett,QB,CAR,,,,2
2026,2,7752,,Kawaan Baker,WR,,,,,
2026,2,3978,,Jacob Huesman,QB,,,,,
2026,2,5859, 00-0035676,A.J. Brown,WR,NE,,IR,,1
2026,2,6699, 00-0035645,Gunner Olszewski,WR,NYG,,IR,,6
2026,2,4738,,Colby Pearson,WR,,,,,
2026,2,2487,00-0031953,Geremy Davis,WR,,,,,
2026,2,5937, 00-0035216,Diontae Johnson,WR,,,,,
2026,2,11102,,Charles McClelland,RB,,,,,
2026,2,7056,,Darrell Stewart,WR,,,,,
2026,2,4263,00-0033295,Elijah McGuire,RB,KC,,,,
2026,2,12721,,Kaden Prather,WR,,,,,
2026,2,11940,,JaQuae Jackson,WR,,,,,
2026,2,3883,,Romar Morris,RB,,,,,
2026,2,4162,00-0033562,Ryan Switzer,WR,,,,,
2026,2,11148,,Tyler Hudson,WR,,,,,
2026,2,6967,,Aaron Fuller,WR,,,,,
2026,2,4678,00-0033742,Tyrone Swoopes,TE,,,,,
2026,2,11351,,Thomas Greaney,TE,,,,,
2026,2,11163,,Tim DeMorat,QB,,,,,
2026,2,14056,,Kyre Duplessis,WR,,,,,
2026,2,4455,00-0033308,Matt Breida,RB,,,,,
2026,2,2291,00-0028411,Dontrelle Inman,WR,,,,,
2026,2,8240,,BJ Baylor,RB,,,,,
2026,2,7591,,Justin Fields,QB,KC,,,,2
2026,2,8824,,Samson Nacua,WR,,,,,
2026,2,6460, 00-0035109,Cole Herdman,TE,,,,,
2026,2,5714,00-0034703,Tim Wilson,WR,,,,,
2026,2,12173,,Jaxon Janke,WR,,,,,
2026,2,5134,00-0034317,Keith Kirkwood,WR,,,,,
2026,2,3447,00-0032963,Cayleb Jones,WR,,,,,
2026,2,2309,00-0031544,Amari Cooper,WR,,,,,
2026,2,7771,,Jake Funk,RB,,,,,
2026,2,3397,,Keith Marshall,RB,,,,,
2026,2,4599,,Michael Rector,WR,,,,,
2026,2,4406,,Wes Lunt,QB,,,,,
2026,2,2378,00-0032058,Tevin Coleman,RB,,,,,
2026,2,8778,,Justin Rigg,TE,,,,,
2026,2,1500,00-0030472,Jordan Reed,TE,,,,,
2026,2,13217,,Hunter Dekkers,QB,,,,,
2026,2,2921,,Taylor Sloat,TE,,,,,
2026,2,8424,,Kevin Marks,RB,,,,,
2026,2,8152,,Kennedy Brooks,RB,,,,,
2026,2,4068,00-0033536,Mike Williams,WR,,,DNR,,
2026,2,12370,,Praise Olatoke,WR,,,,,
2026,2,8170,,James Mitchell,TE,DAL,,,,
2026,2,12488,,Kobe Hudson,WR,,,,,
2026,2,1833,00-0030874,Damien Williams,RB,,,,,
2026,2,5787,00-0034878,Bryce Bobo,WR,,,,,
2026,2,4791,00-0034007,Darius Victor,RB,,,,,
2026,2,13110,,Zach Horton,TE,,,,,
2026,2,12144,,Je'Quan Burton,WR,,,,,
2026,2,6662, 00-0035572,Parker Hesse,TE,,,,,
2026,2,12036,,Ian Wheeler,RB,,,,,
2026,2,5140,00-0034180,Jaelon Acklin,WR,,,,,
2026,2,4929,,Ahmad Fulwood,WR,,,,,
2026,2,1244,00-0029664,Josh Gordon,WR,,,,,
2026,2,5384,00-0034504,Jonah Trinnaman,WR,,,,,
2026,2,8076,,Michael Bandy,WR,DEN,,,,
2026,2,695,00-0025396,Ted Ginn,WR,,,,,
2026,2,12756,,Stephen Gosnell,WR,BUF,,,,
2026,2,10217,,Clayton Tune,QB,,,,,
2026,2,12888,,Dalen Cambre,WR,NYG,,,,
2026,2,13353,,Chris Brazzell,WR,CAR,,IR,,9
2026,2,3454,,Danny Anthrop,WR,,,,,
2026,2,11496,,Braydon Johnson,WR,,,,,
2026,2,7379,,Rysen John,TE,,,,,
2026,2,13696,,Ja'Mori Maclin,WR,BUF,,,,
2026,2,5916, 00-0035664,Darrell Henderson,RB,,,,,
2026,2,6069, 00-0035399,Stanley Morgan,WR,,,,,
2026,2,3908,,Eric Wallace,TE,,,,,
2026,2,12165,,Spencer Sanders,QB,,,,,
2026,2,10211,,Camerun Peoples,RB,,,,,
2026,2,6163, 00-0035018,Alex Wesley,WR,,,,,
2026,2,6491, 00-0035086,Adam Choice,RB,,,,,
2026,2,13339,,Davon Booth,RB,IND,,,,
2026,2,11298,,Ryan Jones,TE,,,,,
2026,2,2465,00-0032113,Kenny Bell,WR,,,,,
2026,2,7045,,Joshua Kelley,RB,,,,,
2026,2,7086,,John Hightower,WR,,,,,
2026,2,7616,,Kai Locksley,WR,,,,,
2026,2,6548, 00-0035209,Marcus Marshall,RB,,,,,
2026,2,13309,,Aaron Anderson,WR,,,Questionable,,
2026,2,7210,,Kendall Hinton,WR,,,,,
2026,2,2875,,Tony Creecy,RB,,,,,
2026,2,6964,,Sean McKeon,TE,,,Questionable,,
2026,2,11648,,Kedon Slovis,QB,GB,,,,
2026,2,7336,,James Gilbert,RB,,,,,
2026,2,12254,,Phillip Brooks,WR,,,,,
2026,2,5277,00-0034319,Deon Yelder,TE,,,,,
2026,2,2925,,Darius Davis,WR,,,,,
2026,2,3976,00-0033869,Mitchell Trubisky,QB,TEN,,,,2
2026,2,13416,,Roman Hemby,RB,LV,,,,
2026,2,12215,,Kevin Foelsch,TE,,,,,
2026,2,7584,,Brennan Eagles,WR,,,,,
2026,2,13356,,Trebor Pena,WR,JAX,,,,
2026,2,8164,,Matt Corral,QB,,,,,
2026,2,13674,,Chris Hilton,WR,,,,,
2026,2,11605,,Jaheim Bell,TE,,,,,
2026,2,13839,,Chase Curtis,TE,,,Questionable,,
2026,2,5207,,Marchie Murdock,WR,,,,,
2026,2,7897,,Roland Rivers,QB,,,,,
2026,2,8700,,Savon Scarver,WR,,,,,
2026,2,11329,,Josh Vann,WR,,,,,
2026,2,13670,,Harrison Wallace,WR,ARI,,,,
2026,2,6524,,Jamire Jordan,WR,,,,,
2026,2,3164,00-0033045,Ezekiel Elliott,RB,,,,,
2026,2,6227, 00-0035353,Nick Easley,WR,,,,,
2026,2,8087,,K.J. Costello,QB,,,,,
2026,2,3052,,Kendrick Ings,WR,,,,,
2026,2,5903, 00-0035251,Will Grier,QB,,,NA,,
2026,2,6886,,Chase Claypool,WR,,,,,
2026,2,6945,,Antonio Gibson,RB,,,Questionable,,
2026,2,954,00-0027939,Cam Newton,QB,,,,,
2026,2,14080,,Barika Kpeenu,RB,,,,,
2026,2,4704,,Tyler Ferguson,QB,,,,,
2026,2,12787,,Josh Williams,RB,TB,,,,
2026,2,6932,,Charlie Taumoepeau,TE,,,,,
2026,2,5144,00-0034156,Malik Williams,RB,,,,,
2026,2,8227,,Teagan Quitoriano,TE,ARI,,,,
2026,2,9223,,Tiyon Evans,RB,,,,,
2026,2,8232,,Jaquarii Roberson,WR,,,,,
2026,2,11111,,Sy Barnett,WR,,,,,
2026,2,3148,,Anthony Dable,WR,,,,,
2026,2,2898,,Cameron Clear,TE,,,,,
2026,2,6362,,Dredrick Snelson,WR,,,,,
2026,2,11565,,J.J. McCarthy,QB,MIN,,,,2
2026,2,11859,,John Rhys Plumlee,QB,,,,,
2026,2,8171,,Kyle Philips,WR,,,,,
2026,2,6385, 00-0035606,Matt Colburn,RB,,,,,
2026,2,8220,,Sincere McCormick,RB,SF,,,,
2026,2,12039,,TD Ayo-Durojaiye,RB,,,,,
2026,2,490,00-0026544,Chase Daniel,QB,,,,,
2026,2,5756,00-0034795,Garrett Dickerson,TE,,,,,
2026,2,13392,,Jeff Caldwell,WR,KC,,IR,,8
2026,2,11848,,Casey Bauman,QB,,,,,
2026,2,11885,,Ramel Keyton,WR,,,,,
2026,2,6866,,KJ Hill,WR,LAC,,,,
2026,2,2756,,Andrew Gleichert,TE,,,,,
2026,2,4416,00-0033382,Austin Carr,WR,,,,,
2026,2,12086,,Cam Johnson,WR,,,,,
2026,2,2651,,Phillip Sims,QB,,,,,
2026,2,4660,00-0033696,Sean Culkin,TE,,,,,
2026,2,6920,,Isaiah Hodgins,WR,,,,,
2026,2,3516,,Mitch Mathews,WR,,,,,
2026,2,12470,,Riley Leonard,QB,IND,,Out,,3
2026,2,12118,,Jacob Warren,TE,,,,,
2026,2,4827,,Germone Hopper,WR,,,,,
2026,2,8428,,Zander Horvath,RB,,,,,
2026,2,13780,,Terion Stewart,RB,,,,,
2026,2,12880,,Silas Bolden,WR,,,,,
2026,2,4051,00-0033597,Chad Kelly,QB,,,,,
2026,2,4563,,Taylor McNamara,TE,,,,,
2026,2,5271,00-0034449,Buddy Howell,RB,,,,,
2026,2,4985,00-0034750,Rashaad Penny,RB,,,,,
2026,2,4725,,Phazahn Odom,TE,,,,,
2026,2,5917, 00-0035140,Mecole Hardman,WR,,,,,
2026,2,2945,,Lee Ward,RB,,,,,
2026,2,12460,,Antwane Wells,WR,ATL,,,,
2026,2,12849,,Traeshon Holden,WR,,,,,
2026,2,616,00-0027696,Jimmy Graham,TE,,,,,
2026,2,13334,,C.J. Charleston,WR,,,,,
2026,2,7436,,Mason Kinsey,WR,,,,,
2026,2,4434,,Brisly Estime,WR,,,,,
2026,2,3045,00-0031711,Gannon Sinclair,TE,,,,,
2026,2,2923,,Connor Neighbors,RB,,,,,
2026,2,5176, 00-0034748,Davon Grayson,WR,,,,,
2026,2,14031,,Kyron Hudson,WR,,,Questionable,,
2026,2,1943,,Lacoltan Bester,WR,,,,,
2026,2,6701, 00-0035653,Fred Trevillion,WR,,,,,
2026,2,6031, 00-0035512,Alex Barnes,RB,,,,,
2026,2,11182,,Ronald Awatt,RB,,,,,
2026,2,13042,,Xavier Guillory,WR,BAL,,,,
2026,2,7556,,Marquez Stevenson,WR,,,,,
2026,2,3462,,Jared Dangerfield,WR,,,,,
2026,2,4273,00-0033594,Chris Carson,RB,,,,,
2026,2,4708,,KeVonn Mabon,WR,,,,,
2026,2,3205,00-0033104,Cody Kessler,QB,,,,,
2026,2,6692, 00-0035601,Joe Horn,WR,,,,,
2026,2,13043,,Chris Tyree,WR,,,,,
2026,2,13160,,Reggie Brown,TE,,,,,
2026,2,2886,,Justin Sinz,TE,,,,,
2026,2,5799,00-0034892,Darius Prince,WR,,,,,
2026,2,8705,,Landon Lenoir,WR,,,,,
2026,2,1689,00-0030035,Adam Thielen,WR,,,NA,,
2026,2,12231,,JJ Laap,WR,,,,,
2026,2,11082,,Ben Sims,TE,,,Questionable,,
2026,2,12085,,Alec Holler,TE,,,,,
2026,2,12033,,OJ Hiliare,WR,,,,,
2026,2,8233,,Mataeo Durant,RB,,,,,
2026,2,8755,,Kaden Davis,WR,CHI,,,,
2026,2,12392,,Tre Mosley,WR,,,,,
2026,2,5292,00-0034667,Devin Ross,WR,,,,,
2026,2,6955,,James Robinson,RB,,,,,
2026,2,6606, 00-0035471,Nick Fitzgerald,QB,,,,,
2026,2,5068,00-0034349,Kerryon Johnson,RB,,,,,
2026,2,2121,00-0031189,T.J. Jones,WR,,,,,
2026,2,7387,,George Campbell,WR,,,,,
2026,2,11941,,Isaiah Wooden,WR,,,,,
2026,2,14055,,Louis Hansen,TE,,,,,
2026,2,1170,00-0029141,Alfred Morris,RB,,,,,
2026,2,5102,00-0034395,Daurice Fountain,WR,,,,,
2026,2,5261,00-0034633,Jester Weah,WR,,,,,
2026,2,6187, 00-0035716,Aca'Cedric Ware,RB,,,,,
2026,2,7586,,Dazz Newsome,WR,,,,,
2026,2,4125,00-0033911,Taywan Taylor,WR,,,,,
2026,2,5919, 00-0035442,Elijah Holyfield,RB,,,,,
2026,2,4364,,Karel Hamilton,WR,,,,,
2026,2,3727,,Dennis Parks,WR,,,,,
2026,2,11544,,Avery Davis,WR,,,,,
2026,2,4497,,Tony Stevens,WR,,,,,
2026,2,5005,00-0034267,Jaleel Scott,WR,,,,,
2026,2,1794,00-0030711,David Fluellen,RB,,,,,
2026,2,13354,,Eric McAlister,WR,,,Questionable,,
2026,2,8825,,Kekoa Crawford,WR,,,,,
2026,2,5695,00-0034646,Brandon Powell,WR,,,,,
2026,2,12260,,Mason Fairchild,TE,,,,,
2026,2,12863,,Andrew Armstrong,WR,KC,,,,
2026,2,12852,,Monaray Baldwin,WR,,,,,
2026,2,13100,,Eli Wilson,TE,,,,,
2026,2,5734,00-0034709,C.J. Duncan,WR,,,,,
2026,2,6370, 00-0035443,Damion Jeanpiere,WR,,,,,
2026,2,11140,,Leonard Taylor,TE,,,,,
2026,2,11176,,Khalan Laborn,RB,,,,,
2026,2,8221,,Keaontay Ingram,RB,,,,,
2026,2,7885,,Bailey Gaither,WR,,,,,
2026,2,12320,,Treyton Pickering,TE,,,,,
2026,2,3646,,Quayvon Hicks,RB,,,,,
2026,2,12775,,Max Brosmer,QB,MIN,,,,
2026,2,12901,,Patrick Herbert,TE,LAC,,,,
2026,2,12291,,Dakota Caton,WR,,,,,
2026,2,7901,,Rico Bussey,WR,,,,,
2026,2,2374,00-0032211,Tyler Lockett,WR,,,,,
2026,2,6957,,James Proche,WR,,,,,
2026,2,3357,00-0032434,Brandon Allen,QB,,,,,
2026,2,7573,,Damon Hazelton,WR,,,,,
2026,2,8881,,Willie Johnson,WR,,,,,
2026,2,7466,,Nathan Cottrell,RB,,,,,
2026,2,1451,00-0029854,C.J. Anderson,RB,,,,,
2026,2,7161,,Shane Leatherbury,WR,,,,,
2026,2,4208,00-0033957,Rodney Adams,WR,,,,,
2026,2,12776,,Connor Bazelak,QB,,,,,
2026,2,6685, 00-0035610,Jalen Greene,WR,,,,,
2026,2,6956,,Devin Asiasi,TE,,,,,
2026,2,5536,00-0034253,Dontrell Hilliard,RB,,,,,
2026,2,9494,,Marvin Mims,WR,DEN,,Out,,5
2026,2,5243,,Detrich Clark,WR,,,,,
2026,2,4362,00-0033338,Cethan Carter,TE,,,,,
2026,2,4973,00-0034830,Hayden Hurst,TE,,,,,
2026,2,12905,,John Copenhaver,TE,,,,,
2026,2,4535,,Steven Wroblewski,TE,,,,,
2026,2,2382,00-0032257,Duke Johnson,RB,,,,,
2026,2,11559,,Michael Penix,QB,ATL,,Out,,2
2026,2,6878,,Anthony McFarland,RB,,,,,
2026,2,7993,,Trey Ragas,RB,,,,,
2026,2,8184,,D'Vonte Price,RB,,,,,
2026,2,4665,,Eli Jenkins,QB,,,,,
2026,2,12070,,McCallan Castles,TE,,,Questionable,,
2026,2,4613,,Shaq Hill,WR,,,,,
2026,2,4367,,Monty Madaris,WR,,,,,
2026,2,6394,,Romell Guerrier,WR,,,,,
2026,2,12928,,Amar Johnson,RB,LAC,,,,
2026,2,7848,,Scooter Harrington,TE,,,,,
2026,2,12113,,Thomas Yassmin,TE,GB,,IR,,6
2026,2,5248,00-0034184,Gus Edwards,RB,,,,,
2026,2,2755,00-0031690,Eric Tomlinson,TE,,,,,
2026,2,7735,,Cary Angeline,TE,,,,,
2026,2,1273,,Francis Owusu,WR,,,,,
2026,2,5955, 00-0034983,Hunter Renfrow,WR,,,,,
2026,2,13403,,Jam Miller,RB,,,Questionable,,
2026,2,2191,00-0031121,Marcus Lucas,WR,,,,,
2026,2,6493, 00-0035092,Justin Johnson,TE,,,,,
2026,2,1592,00-0029738,Darren Fells,TE,TB,,,,
2026,2,3868,00-0033025,Jalen Richard,RB,LV,,,,
2026,2,5323,00-0034279,Equanimeous St. Brown,WR,,,,,
2026,2,13151,,Nick Kallerup,TE,SEA,,,,4
2026,2,5166,00-0034256,Da'Mari Scott,WR,,,,,
2026,2,13946,,Jamal Haynes,RB,,,,,
2026,2,6982,,Cheyenne O'Grady,TE,,,,,
2026,2,533,00-0027688,Colt McCoy,QB,,,,,
2026,2,13212,,Cade McDonald,WR,,,,,
2026,2,4641,,Keeon Johnson,WR,,,,,
2026,2,1388,00-0030549,Tyler Eifert,TE,,,,,
2026,2,344,00-0027150,Julian Edelman,WR,,,,,
2026,2,13427,,Diego Pavia,QB,,,,,
2026,2,11654,,Dante Miller,RB,,,Questionable,,
2026,2,4175,00-0033840,Chad Hansen,WR,,,,,
2026,2,6108,,Jacques Patrick,RB,,,,,
2026,2,13017,,Hajj-Malik Williams,QB,,,,,
2026,2,13256,,Roderick Daniels,WR,,,,,
2026,2,13830,,Kyle Dixon,WR,NE,,,,
2026,2,4480,00-0033434,Bobo Wilson,WR,,,,,
2026,2,13923,,Joshua Pitsenberger,RB,,,,,
2026,2,6115, 00-0035489,Wes Hills,RB,,,,,
2026,2,6234, 00-0035215,Deonte Harty,WR,,,Questionable,,
2026,2,2918,,Demetrius Wilson,WR,,,,,
2026,2,2573,,DaVaris Daniels,WR,,,,,
2026,2,11292,,Tommy DeVito,QB,NE,,,,3
2026,2,8433,,Cade Brewer,TE,,,,,
2026,2,12476,,Devin Neal,RB,,,Questionable,,
2026,2,8595,,Kyric McGowan,WR,,,,,
2026,2,3894,00-0033095,Garrett Griffin,TE,,,,,
2026,2,12511,,Will Howard,QB,PIT,,Out,,3
2026,2,8002,,Shane Buechele,QB,BUF,,,,
2026,2,11554,,Chase Cota,WR,,,,,
2026,2,7540,,Amari Rodgers,WR,,,,,
2026,2,8118,,David Bell,WR,,,,,
2026,2,13355,,DJ Rogers,TE,DAL,,IR,,7
2026,2,4864,00-0034057,Jevoni Robinson,TE,,,,,
2026,2,2632,,Desmond Martin,RB,,,,,
2026,2,3343,00-0032792,Nate Sudfeld,QB,,,,,
2026,2,6165, 00-0035126,Antoine Wesley,WR,,,,,
2026,2,8207,,Tyler Goodson,RB,DAL,,Out,,4
2026,2,8769,,Josh Bist,TE,,,,,
2026,2,11123,,Tyler Hoosman,RB,,,,,
2026,2,12478,,Nick Nash,WR,,,,,
2026,2,12457,,Jaydon Blue,RB,PHI,,,,
2026,2,7578,,Myron Mitchell,WR,,,,,
2026,2,7548,,Tyler Vaughns,WR,,,,,
2026,2,13859,,Jalen Walthall,WR,,,Questionable,,
2026,2,4373,,Stanley Williams,RB,,,,,
2026,2,3475,,Keyarris Garrett,WR,,,,,
2026,2,6049, 00-0035361,Tyre Brady,WR,,,,,
2026,2,8212,,Dustin Crum,QB,,,,,
2026,2,4699,,Kevin Snead,WR,,,,,
2026,2,12966,,Moose Muhammad,WR,,,,,
2026,2,2238,00-0031051,John Brown,WR,,,,,
2026,2,6954,,Cole McDonald,QB,,,,,
2026,2,1992,00-0031428,Allen Robinson,WR,,,,,
2026,2,2028,00-0031280,Derek Carr,QB,,,NA,,
2026,2,12168,,Zach Mathis,WR,,,,,
2026,2,13113,,Dante Wright,WR,,,,,
2026,2,8438,,Corey Sutton,WR,,,,,
2026,2,13001,,Mario Williams,WR,,,Questionable,,
2026,2,6021, 00-0034961,Nick Brossette,RB,,,,,
2026,2,9512,,DeWayne McBride,RB,,,,,
2026,2,2749,00-0031687,Raheem Mostert,RB,,,Questionable,,
2026,2,8435,,Kwamie Lassiter,WR,,,,,
2026,2,4358,00-0033409,Austin Duke,WR,,,,,
2026,2,12757,,Hal Presley,WR,,,,,
2026,2,13850,,Octavian Smith,WR,,,,,
2026,2,13825,,Malik McClain,WR,NYJ,,,,
2026,2,6723, 00-0035723,Vincent Testaverde,QB,,,,,
2026,2,1854,00-0031023,Quincy Enunwa,WR,,,,,
2026,2,11169,,Dresser Winn,QB,,,,,
2026,2,8246,,Bryant Koback,RB,,,,,
2026,2,11371,,Julian Hill,TE,NE,,IR,,4
2026,2,6598, 00-0035341,Trenton Irwin,WR,,,,,
2026,2,12090,,Corey Crooms,WR,,,,,
2026,2,13662,,Will Pauling,WR,SF,,,,
2026,2,7101,,Rodney Smith,RB,,,,,
2026,2,12715,,Thomas Fidone,TE,NYG,,,,4
2026,2,4650,00-0033735,Billy Brown,TE,,,,,
2026,2,13328,,Anthony Hankerson,RB,,,,,
2026,2,10857,,Stetson Bennett,QB,LAR,,,,2
2026,2,2733,,Kasey Closs,WR,,,,,
2026,2,9229,,Anthony Richardson,QB,IND,,,,2
2026,2,8624,,Changa Hodge,WR,,,,,
2026,2,7915,,Landen Akers,WR,,,,,
2026,2,11543,,Lachlan Pitts,TE,,,,,
2026,2,13139,,Taylor Morin,WR,,,,,
2026,2,8153,,Isaiah Spiller,RB,,,,,
2026,2,7308,,Nick Bowers,TE,,,,,
2026,2,5107,00-0034331,Jaylen Samuels,RB,,,,,
2026,2,4179,00-0033949,Joshua Dobbs,QB,DET,,,,2
2026,2,13888,,DeShawn Hanika,TE,,,,,
2026,2,11216,,Holton Ahlers,QB,,,,,
2026,2,10866,,Aidan O'Connell,QB,LV,,Out,,3
2026,2,4301,,Josh Magee,WR,,,,,
2026,2,6037, 00-0034955,Brett Rypien,QB,,,,,
2026,2,3859,00-0033035,Jalen Simmons,RB,,,,,
2026,2,9503,,Jacob Copeland,WR,,,,,
2026,2,4775,,David Olson,QB,,,,,
2026,2,4055,00-0033879,O.J. Howard,TE,,,,,
2026,2,6142, 00-0035320,Caleb Wilson,TE,,,,,
2026,2,13013,,Mark Redman,TE,GB,,,,7
2026,2,13967,,Jimmy Kibble,WR,,,Questionable,,
2026,2,12528,,Ajou Ajou,WR,,,,,
2026,2,12222,,Joseph Scates,WR,,,,,
2026,2,606,00-0027796,Joe Webb,QB,,,,,
2026,2,13595,,Cash Jones,RB,ATL,,,,
2026,2,11299,,Zavier Scott,RB,CHI,,,,
2026,2,11901,,Kyle Sheets,WR,,,,,
2026,2,14068,,Drew Biber,TE,,,,,
2026,2,3486,,Chris Brown,WR,,,,,
2026,2,964,00-0027985,Lance Kendricks,TE,,,,,
2026,2,8747,,Roger Carter,TE,,,,,
2026,2,13779,,Al-Jay Henderson,RB,NYJ,,,,
2026,2,7983,,Collin Hill,QB,,,,,
2026,2,455,00-0026986,Michael Crabtree,WR,,,,,
2026,2,8690,,Jake Herslow,WR,,,,,
2026,2,6895,,Quintez Cephus,WR,,,,,
2026,2,11380,,Johnny Lumpkin,TE,,,,,
2026,2,12891,,Jordan Bly,WR,,,,,
2026,2,8858,,Keshunn Abram,WR,,,,,
2026,2,7951,,B.J. Emmons,RB,,,,,
2026,2,12151,,Julian Hicks,WR,SEA,,,,
2026,2,4832,,Andrew Price,TE,,,,,
2026,2,13240,,Toa Taua,RB,,,,,
2026,2,3770,,Quenton Bundrage,WR,,,,,
2026,2,3688,00-0032540,Tra Carson,RB,,,,,
2026,2,7462,,Stephen Guidry,WR,,,,,
2026,2,11410,,Braxton Burmeister,WR,,,,,
2026,2,7610,,Trey Lance,QB,LAC,,,,2
2026,2,4777,,De'Chavon Hayes,RB,,,,,
2026,2,6846,,Hunter Bryant,TE,,,,,
2026,2,6223, 00-0035593,Juwann Winfree,WR,,,,,
2026,2,13849,,Cortez Braham,WR,,,,,
2026,2,12800,,Oscar Cardenas,TE,,,,,
2026,2,12013,,Jaden Shirden,RB,,,,,
2026,2,5885, 00-0035652,Ryan Finley,QB,,,,,
2026,2,13313,,Emmanuel Henderson,WR,SEA,,,,
2026,2,7568,,Brevin Jordan,TE,HOU,,Out,,5
2026,2,13776,,Hank Beatty,WR,,,,,
2026,2,14041,,Anderson Castle,RB,IND,,,,
2026,2,2578,,John Harris,WR,,,,,
2026,2,11158,,Jalen Sample,WR,,,,,
2026,2,3340,00-0032429,Jerell Adams,TE,,,,,
2026,2,5425,00-0034106,John Diarse,WR,,,,,
2026,2,13410,,Chase Roberts,WR,,,Questionable,,
2026,2,4463,,Tyler McCloskey,RB,,,,,
2026,2,11601,,Trey Knox,TE,,,,,
2026,2,14040,,Terrill Davis,WR,,,,,
2026,2,12953,,Jalen White,RB,,,,,
2026,2,7563,,Javian Hawkins,RB,,,,,
2026,2,7503,,Connor Davis,TE,,,,,
2026,2,8190,,Abram Smith,RB,,,,,
2026,2,13904,,Jacob De Jesus,WR,,,,,
2026,2,5162,00-0034578,Reggie Bonnafon,RB,,,,,
2026,2,536,00-0027793,Antonio Brown,WR,,,,,
2026,2,7989,,DJ Turner,WR,,,Questionable,,
2026,2,23,00-0022127,Jason Witten,TE,,,,,
2026,2,4622,00-0033681,Keelan Cole,WR,,,,,
2026,2,3041,00-0032319,Ross Travis,TE,,,,,
2026,2,818,00-0028064,Bilal Powell,RB,,,,,
2026,2,7414,,Johnathon Johnson,WR,,,,,
2026,2,11204,,Duece Watts,WR,,,,,
2026,2,13426,,Sawyer Robertson,QB,,,,,
2026,2,11975,,Jordan Terrell,RB,,,,,
2026,2,147,00-0026189,DeSean Jackson,WR,,,,,
2026,2,7237,,Scotty Washington,WR,,,,,
2026,2,7949,,Trevon Grimes,WR,,,,,
2026,2,7978,,Tre Walker,WR,,,,,
2026,2,4605,00-0033763,Evan Baylis,TE,,,,,
2026,2,7370,,JoJo Ward,WR,,,,,
2026,2,574,00-0027902,Dez Bryant,WR,,,,,
2026,2,8247,,Gerrit Prince,TE,,,,,
2026,2,7541,,Cornell Powell,WR,,,,,
2026,2,4408,,Terrell Newby,RB,,,,,
2026,2,5233,00-0034169,Marcus Baugh,TE,,,,,
2026,2,10444,,Cedric Tillman,WR,NO,,,,
2026,2,2200,,Timothy Flanders,RB,,,,,
2026,2,1144,00-0029000,Cole Beasley,WR,,,,,
2026,2,13085,,Kole Taylor,TE,,,,,
2026,2,6539, 00-0034935,Devontae Jackson,RB,,,,,
2026,2,1825,00-0031382,Jarvis Landry,WR,,,,,
2026,2,6203, 00-0035725,Valentine Holmes,RB,,,,,
2026,2,6238, 00-0035034,Tyree Mayfield,TE,,,,,
2026,2,7612,,Dee Eskridge,WR,,,,,
2026,2,12100,,Chris Autman-Bell,WR,,,,,
2026,2,3319,00-0032423,Trevor Davis,WR,,,,,
2026,2,12480,,Moliki Matavao,TE,NO,,IR,,4
2026,2,4283,00-0033797,Khalfani Muhammad,RB,,,,,
2026,2,8215,,Austin Allen,TE,,,,,
2026,2,4955,,Ronald Jones,RB,,,,,
2026,2,7529,,Gary Brightwell,RB,,,,,
2026,2,8061,,Jake Hausmann,TE,,,,,
2026,2,2306,00-0031503,Jameis Winston,QB,NYG,,,,2
2026,2,4924,,Zach Terrell,QB,BAL,,,,
2026,2,13032,,Marshall Lang,TE,MIN,,,,
2026,2,5699,,Matt Fleming,WR,,,,,
2026,2,3258,00-0032394,Nick Vannett,TE,BAL,,,,
2026,2,6164, 00-0035660,Kahale Warring,TE,,,,,
2026,2,184,00-0025394,Adrian Peterson,RB,,,,,
2026,2,2587,00-0031504,Dres Anderson,WR,,,,,
2026,2,5547,00-0034306,Ryan Smith,TE,,,,,
2026,2,5549,00-0034301,Darrel Williams,RB,,,,,
2026,2,7211,,Zimari Manning,WR,,,,,
2026,2,3410,,Jake Coker,QB,,,,,
2026,2,11556,,Devin Leary,QB,,,,,
2026,2,12188,,Justin Strong,RB,,,,,
2026,2,973,00-0028074,Anthony Sherman,RB,,,,,
2026,2,4381,00-0033357,Taysom Hill,TE,,,,,
2026,2,12477,,Kurtis Rourke,QB,SF,,Out,,3
2026,2,4169,00-0033464,Jehu Chesson,WR,,,,,
2026,2,7899,,Isaiah McKoy,WR,,,,,
2026,2,5117,00-0034420,Jordan Thomas,TE,,,,,
2026,2,7454,,Travis Jonsen,WR,,,,,
2026,2,1793,00-0030710,Trey Burton,TE,,,,,
2026,2,8741,,Jamal Pettigrew,TE,,,,,
2026,2,4962,00-0034845,Sony Michel,RB,,,,,
2026,2,6167, 00-0035275,Jordan Scarlett,RB,MIA,,,,
2026,2,11595,,Jared Wiley,TE,KC,,Out,,4
2026,2,12531,,Trevor Etienne,RB,CAR,,IR,,4
2026,2,4790,,Robert Wheelwright,WR,,,,,
2026,2,5123,00-0034164,Trenton Cannon,RB,,,,,
2026,2,4183,00-0033958,Nathan Peterman,QB,,,,,
2026,2,5264,00-0034292,Blake Mack,TE,,,,,
2026,2,7320,,Dalton Schoen,WR,,,,,
2026,2,8238,,Emeka Emezie,WR,,,,,
2026,2,7335,,Bryce Perkins,QB,,,,,
2026,2,8420,,Jack Sorenson,WR,,,,,
2026,2,4221,00-0033528,Jeremy Sprinkle,TE,,,,,
2026,2,6554, 00-0035035,Shawn Poindexter,WR,,,,,
2026,2,4531,00-0033611,Ricky Seals-Jones,TE,,,,,
2026,2,6963,,Patrick Taylor,RB,,,Questionable,,
2026,2,4676,,Darreus Rogers,WR,,,,,
2026,2,8057,,Kenji Bahar,QB,,,,,
2026,2,5101,00-0034406,Deon Cain,WR,,,,,
2026,2,12431,,Rory Starkey,WR,,,,,
2026,2,13705,,Ty Pezza,TE,BAL,,,,
2026,2,12973,,DJ Thomas-Jones,TE,,,,,
2026,2,1619,00-0030155,Demetrius Harris,TE,,,,,
2026,2,13117,,Qualan Jones,RB,,,,,
2026,2,4839,,Mitch Leidner,QB,,,,,
2026,2,11808,,Jha'Quan Jackson,WR,,,,,
2026,2,4831,00-0034038,Justice Liggins,WR,,,,,
2026,2,7357,,Dan Chisena,WR,,,Questionable,,
2026,2,8568,,John Lovett,RB,,,,,
2026,2,12281,,Dimitri Stanley,WR,,,,,
2026,2,6843,,Albert Okwuegbunam,TE,,,,,
2026,2,11136,,Oliver Martin,WR,,,,,
2026,2,6898,,Anthony Gordon,QB,,,,,
2026,2,12777,,Joaquin Davis,WR,,,,,
2026,2,8864,,Ben Beise,TE,,,,,
2026,2,14039,,Mante Morrow,WR,,,,,
2026,2,3660,,Valdez Showers,WR,,,,,
2026,2,5009,00-0034766,Chris Herndon,TE,,,,,
2026,2,3606,,Amir Carlisle,WR,,,,,
2026,2,6147, 00-0035283,Clayton Thorson,QB,NYG,,,,
2026,2,7789,,Jalen Camp,WR,,,,,
2026,2,8749,,Tyreik McAllister,RB,,,,,
2026,2,14008,,Rodney Hammond,RB,,,,,
2026,2,13275,,Ty Simpson,QB,LAR,,,,3
2026,2,7087,,Jonathan Ward,RB,BAL,,,,
2026,2,12969,,Lan Larison,RB,NE,,,,
2026,2,8423,,Brittain Brown,RB,CHI,,IR,,3
2026,2,10865,,Travis Dye,RB,,,,,
2026,2,12815,,Stevo Klotz,TE,,,,,
2026,2,4309,00-0033240,Scott Orndoff,TE,,,,,
2026,2,13920,,Jonathan Brady,WR,,,,,
2026,2,12080,,Aidan Robbins,RB,,,,,
2026,2,14067,,Jeff Weimer,WR,,,,,
2026,2,14037,,Rashad Rochelle,WR,,,,,
2026,2,12007,,Nathaniel Peat,RB,,,,,
2026,2,7084,,Jake Luton,QB,,,,,
2026,2,11133,,Jaray Jenkins,WR,,,,,
2026,2,1234,00-0029263,Russell Wilson,QB,,,,,
2026,2,2900,,Terrence Franks,RB,,,,,
2026,2,12541,,Dont'e Thornton,WR,LV,,IR,,5
2026,2,2913,,Gavin Lutman,WR,,,,,
2026,2,12306,,La'Damian Webb,RB,,,,,
2026,2,11491,,Austin Aune,QB,,,,,
2026,2,12732,,Dominic Lovett,WR,DET,,,,
2026,2,12296,,Kaylon Horton,WR,,,,,
2026,2,13781,,Ken Seals,QB,,,,,
2026,2,7996,,Dillon Stoner,WR,,,,,
2026,2,13269,,Fernando Mendoza,QB,LV,,,,1
2026,2,1338,00-0030533,Matt Barkley,QB,,,,,
2026,2,8634,,Chris Pierce,TE,,,,,
2026,2,4187,00-0033567,Brian Hill,RB,,,,,
2026,2,2279,00-0031257,Paul Richardson,WR,,,,,
2026,2,1476,00-0030513,Latavius Murray,RB,,,,,
2026,2,5080,00-0034273,Damion Ratley,WR,,,,,
2026,2,12634,,Jordan Watkins,WR,SF,,Out,,10
2026,2,8884,,JJ Howland,TE,,,,,
2026,2,12107,,Dylan Leonard,TE,,,,,
2026,2,4151,00-0033564,Jake Butt,TE,,,,,
2026,2,13124,,Jeremiah Webb,WR,NE,,IR,,7
2026,2,5195,00-0034670,Akrum Wadley,RB,,,,,
2026,2,1110,00-0029608,T.Y. Hilton,WR,,,,,
2026,2,5710,00-0034733,Nick Holley,WR,,,,,
2026,2,7565,,Terrace Marshall,WR,,,,,
2026,2,11374,,James Blackman,QB,,,,,
2026,2,11257,,Shedrick Jackson,WR,,,,,
2026,2,7103,,Tavien Feaster,RB,ARI,,,,
2026,2,8589,,Marcus Santos-Silva,TE,,,,,
2026,2,1352,00-0030431,Robert Woods,WR,,,NA,,
2026,2,4930,,Franko House,TE,CHI,,,,
2026,2,8419,,Stanley Berryhill,WR,,,,,
2026,2,7005,,Scottie Phillips,RB,,,,,
2026,2,6144, 00-0035291,Trayveon Williams,RB,,,,,
2026,2,3542,,DeAndre Reaves,WR,,,,,
2026,2,3495,,Mike Bercovici,QB,,,,,
2026,2,11385,,Brian Walker,TE,,,,,
2026,2,6334, 00-0035448,Damarea Crockett,RB,,,,,
2026,2,13166,,Kisean Johnson,WR,,,,,
2026,2,10230,,Jalen Wayne,WR,,,,,
2026,2,6951,,Eno Benjamin,RB,,,,,
2026,2,13810,,Rohan Jones,TE,,,,,
2026,2,4335,00-0033275,P.J. Walker,QB,,,,,
2026,2,4392,00-0033402,Malcolm Lewis,WR,,,,,
2026,2,11472,,Alfonzo Graham,RB,,,,,
2026,2,6919,,Thaddeus Moss,TE,,,,,
2026,2,13773,,Isaiah Jacobs,RB,,,,,
2026,2,12003,,Gunnar Watson,QB,,,,,
2026,2,12383,,John Jiles,WR,,,Questionable,,
2026,2,12352,,Jeremy Moussa,QB,,,,,
2026,2,4752,00-0033994,Fred Brown,WR,,,,,
2026,2,12062,,Cam Grandy,TE,MIN,,,,
2026,2,11247,,Mac Hippenhammer,WR,,,,,
2026,2,4338,,Levern Jacobs,WR,,,,,
2026,2,12462,,Damien Martinez,RB,,,,,
2026,2,6487, 00-0035119,Charles Scarff,TE,,,,,
2026,2,12893,,Nate McCollum,WR,,,,,
2026,2,5295, 00-0034103,De'Mornay Pierson-El,WR,,,,,
2026,2,4485, 00-0033508,William Stanback,RB,,,,,
2026,2,3732,,Richard Mullaney,WR,,,,,
2026,2,8026,,Landon Rice,TE,,,,,
2026,2,6089, 00-0035428,Daniel Helm,TE,,,,,
2026,2,11900,,Jacob Kibodi,RB,,,,,
2026,2,8413,,Chris Oladokun,QB,,,Questionable,,
2026,2,11474,,Dylan Drummond,WR,ATL,,,,
2026,2,13063,,Darius Lassiter,WR,,,,,
2026,2,3504,,Steven Scheu,TE,,,,,
2026,2,8928,,Daylen Baldwin,WR,,,,,
2026,2,12834,,Jimmy Bell,TE,,,,,
2026,2,8105,,Brayden Lenius,TE,,,,,
2026,2,5751,00-0034784,Austin Roberts,TE,,,,,
2026,2,7009,,Trishton Jackson,WR,,,,,
2026,2,4409,00-0033332,Josiah Price,TE,,,,,
2026,2,6364, 00-0035376,Papi White,WR,,,,,
2026,2,6059, 00-0035592,Travis Fulgham,WR,,,,,
2026,2,12829,,Coleman Owen,WR,,,Questionable,,
2026,2,13677,,Noah Short,WR,,,,,
2026,2,8828,,Michael Young,WR,,,,,
2026,2,12773,,DJ Uiagalelei,QB,LAC,,,,
2026,2,7176,,Caleb Repp,TE,,,,,
2026,2,2206,,Logan Kilgore,QB,,,,,
2026,2,9481,,Luke Musgrave,TE,GB,,PUP,,2
2026,2,11213,,Camren McDonald,TE,,,,,
2026,2,13419,,Jaydn Ott,RB,KC,,,,
2026,2,5224,,Taj Williams,WR,,,,,
2026,2,4600,,Noel Thomas,WR,,,,,
2026,2,5131,00-0034440,Justin Jackson,RB,,,,,
2026,2,12939,,Anthony Tyus,RB,CAR,,,,
2026,2,11548,,Aaron Dykes,RB,,,,,
2026,2,4326,00-0033261,Bug Howard,TE,,,,,
2026,2,7109,,Malcolm Perry,WR,,,,,
2026,2,12226,,Lorenzo Lingard,RB,,,,,
2026,2,8129,,Dameon Pierce,RB,PHI,,,,
2026,2,8685,,John Mitchell,TE,,,,,
2026,2,13281,,Jordyn Tyson,WR,NO,,IR,,3
2026,2,8437,,Thomas Hennigan,WR,,,,,
2026,2,6595, 00-0035577,Devlin Hodges,QB,,,,,
2026,2,8173,,ZaQuandre White,RB,,,,,
2026,2,8243,,DeAndre Torrey,RB,,,,,
2026,2,13303,,Cade Klubnik,QB,NYJ,,,,2
2026,2,559,,Tim Tebow,TE,,,,,
2026,2,5754,00-0034788,Jaeden Graham,TE,,,,,
2026,2,8201,,Jack Coan,QB,,,,,
2026,2,13962,,Cameron Dorner,WR,NE,,,,
2026,2,5032,00-0034364,Jordan Akins,TE,,,,,
2026,2,4080,00-0033891,Zay Jones,WR,,,,,
2026,2,14058,,Malick Meiga,WR,,,Questionable,,
2026,2,4997,00-0034679,Mark Walton,RB,,,,,
2026,2,3418,00-0032351,Mekale McKay,WR,,,,,
2026,2,4728,,Bart Houston,QB,,,,,
2026,2,11312,,T.J. Luther,WR,,,,,
2026,2,12538,,Brady Cook,QB,MIA,,Out,,2
2026,2,4050,00-0033215,Cyril Grayson,WR,,,,,
2026,2,13010,,Jordan Waters,RB,LAR,,,,
2026,2,7720,,Kene Nwangwu,RB,NYJ,,Out,,5
2026,2,11867,,Jaelen Gill,WR,,,,,
2026,2,8416,,Jalen Virgil,WR,,,Questionable,,
2026,2,8621,,Garrett Walston,TE,,,,,
2026,2,5126,00-0034442,Austin Proehl,WR,,,,,
2026,2,13193,,Ketron Jackson,WR,,,,,
2026,2,13726,,Camden Brown,WR,DAL,,Out,,6
2026,2,6973,,J.J. Taylor,RB,,,,,
2026,2,5548,,Elijah Marks,WR,,,,,
2026,2,6585, 00-0035551,Tony Brooks-James,RB,,,,,
2026,2,12314,,Beau Corrales,WR,,,,,
2026,2,10223,,Eric Gray,RB,CLE,,,,
2026,2,7597,,Kenny Yeboah,TE,,,Questionable,,
2026,2,7287,,Josh Hammond,WR,,,,,
2026,2,6161, 00-0035546,L.J. Scott,RB,,,,,
2026,2,12134,,Sam Wiglusz,WR,,,,,
2026,2,5250,00-0034510,Robert Foster,WR,,,,,
2026,2,2528,00-0032139,Ben Koyack,TE,,,,,
2026,2,13225,,Sam Brown,WR,,,,,
2026,2,5199,00-0034297,Byron Pringle,WR,,,,,
2026,2,8224,,Cole Kelley,QB,,,,,
2026,2,7622,,Sammis Reyes,TE,,,,,
2026,2,7236,,Devwah Whaley,RB,,,,,
2026,2,6401, 00-0034927,T.J. Rahming,WR,,,,,
2026,2,2394,00-0032245,Sean Mannion,QB,,,,,
2026,2,8209,,Makai Polk,WR,,,,,
2026,2,5156,00-0034491,Andrew Vollert,TE,,,,,
2026,2,13276,,Omar Cooper,WR,NYJ,,IR,,3
2026,2,12818,,Elijah Young,RB,,,,,
2026,2,8051,,Josh Johnson,RB,,,,,
2026,2,7245,,Nate Wieting,TE,,,,,
2026,2,11210,,Malik Heath,WR,ATL,,,,
2026,2,4636,00-0033762,Lenard Tillery,RB,,,,,
2026,2,13963,,Nick DeGennaro,WR,,,,,
2026,2,8089,,Sal Cannella,TE,,,,,
2026,2,3594,00-0032741,Peyton Barber,RB,,,,,
2026,2,7859,,Nick Eubanks,TE,,,,,
2026,2,3652,00-0033114,Mike Thomas,WR,,,,,
2026,2,8890,,Naz Bohannon,TE,,,,,
2026,2,111,00-0024243,Marcedes Lewis,TE,,,,,
2026,2,7550,,Warren Jackson,WR,,,,,
2026,2,13152,,Justin Lockhart,WR,,,,,
2026,2,13003,,Tru Edwards,WR,,,,,
2026,2,13121,,Ben Yurosek,TE,MIN,,IR,,5
2026,2,6943,,Gabe Davis,WR,,,Questionable,,
2026,2,1984,00-0030821,Allen Hurns,WR,MIA,,,,
2026,2,13760,,Jaden Bradley,WR,WAS,,,,
2026,2,12170,,Jaaron Hayek,WR,,,,,
2026,2,8539,,Seth Green,TE,,,,,
2026,2,6605, 00-0035479,Cortrelle Simpson,WR,,,,,
2026,2,7551,,Deon Jackson,RB,,,,,
2026,2,2880,,Zach Laskey,RB,,,,,
2026,2,7299,,Justice Shelton-Mosley,WR,,,,,
2026,2,7954,,Connor Wedington,WR,,,,,
2026,2,7032,,Tyrie Cleveland,WR,,,,,
2026,2,11802,,Tejhaun Palmer,WR,,,,,
2026,2,7522,,Hunter Thedford,TE,,,,,
2026,2,6540, 00-0035385,DeAndre Thompkins,WR,GB,,,,
2026,2,12217,,Shawn Bowman,TE,ARI,,,,
2026,2,7793,,Racey McMath,WR,,,,,
2026,2,8192,,Curtis Hodges,TE,,,,,
2026,2,11502,,Brian Cobbs,WR,,,,,
2026,2,5139,00-0034339,Trey Quinn,WR,,,,,
2026,2,1841,,Stephen Houston,RB,,,,,
2026,2,5590,00-0034330,Jordan Smallwood,WR,,,,,
2026,2,7572,,Kylin Hill,RB,,,,,
2026,2,5745,,Nick Stevens,QB,,,,,4
2026,2,1817,00-0031325,Sammy Watkins,WR,,,,,
2026,2,5801,00-0034893,Kobe McCrary,RB,,,,,
2026,2,3824,00-0032864,Alex Ellis,TE,,,,,
2026,2,7904,,Stevie Scott,RB,,,,,
2026,2,8583,,Stone Smartt,TE,NO,,,,
2026,2,14062,,Tyler Moore,TE,,,,,
2026,2,4323,00-0033258,Darrell Daniels,TE,,,,,
2026,2,13343,,Vinny Anthony,WR,ATL,,,,
2026,2,1386,00-0030456,Giovani Bernard,RB,,,,,
2026,2,6824,,Donovan Peoples-Jones,WR,,,,,
2026,2,2817,,Daniel Rodriguez,WR,,,,,
2026,2,2532,00-0031960,Da'Ron Brown,WR,,,,,
2026,2,268,00-0023436,Alex Smith,QB,,,,,
2026,2,7076,,Jeff Thomas,WR,,,,,
2026,2,11159,,Zion Bowens,WR,,,,,
2026,2,4803,,Nate Iese,TE,,,,,
2026,2,5863, 00-0035246,J.J. Arcega-Whiteside,WR,,,,,
2026,2,13844,,Coleman Bennett,RB,,,,,
2026,2,6873,,Austin Mack,WR,,,,,
2026,2,208,00-0021206,Josh McCown,QB,,,,,
2026,2,8560,,Davis Cheek,QB,,,,,
2026,2,12984,,CJ Dippre,TE,TB,,,,
2026,2,1029,00-0029567,Nick Foles,QB,,,,,
2026,2,11874,,Jaylen Johnson,WR,,,,,
2026,2,4344,00-0033367,C.J. Board,WR,,,,,
2026,2,12150,,Jarveon Howard,RB,,,,,
2026,2,6892,,Nate Stanley,QB,,,,,
2026,2,13890,,Michael Briscoe,WR,MIN,,,,
2026,2,4218,00-0033292,Trent Taylor,WR,,,,,
2026,2,6178, 00-0035148,Darwin Thompson,RB,,,,,
2026,2,12154,,Messiah Swinson,TE,CLE,,,,
2026,2,1642,00-0030443,Levine Toilolo,TE,NYG,,,,
2026,2,13597,,Matthew Caldwell,QB,LAR,,IR,,4
2026,2,8849,,Tanner Conner,TE,,,,,
2026,2,8159,,Desmond Ridder,QB,,,,,
2026,2,2751,00-0032098,Daniel Brown,TE,,,,,
2026,2,2938,,Cam Worthy,WR,,,,,
2026,2,4895,,Lamar Atkins,WR,,,,,
2026,2,3554,,David Reeves,TE,,,,,
2026,2,2152,00-0031237,Teddy Bridgewater,QB,,,NA,,
2026,2,8018,,Shaun Beyer,TE,,,,,
2026,2,13931,,E.J. Horton,WR,,,,,
2026,2,5392,00-0034074,Jack Heneghan,QB,,,,,
2026,2,868,00-0028142,Virgil Green,TE,,,,,
2026,2,2600,,Ricky Seale,RB,,,,,
2026,2,7190,,Bronson Rechsteiner,RB,,,,,
2026,2,13101,,Gage Larvadain,WR,BAL,,,,
2026,2,12061,,Noah Cain,RB,,,,,
2026,2,3582,00-0032355,Chester Rogers,WR,,,,,
2026,2,5358,00-0034563,Anthony Manzo-Lewis,TE,,,,,
2026,2,11523,,Cody Chrest,WR,,,,,
2026,2,12212,,Austin Stogner,TE,,,,,
2026,2,8572,,Andrew Parchment,WR,,,,,
2026,2,13681,,Kaidon Salter,QB,,,,,
2026,2,13941,,Omari Kelly,WR,,,,,
2026,2,6007, 00-0035268,Ryquell Armstead,RB,,,,,
2026,2,4327,00-0033262,Colin Jeter,TE,,,,,
2026,2,5210,00-0034220,Korey Robertson,WR,,,,,
2026,2,3355,00-0032795,Cody Core,WR,,,,,
2026,2,13162,,Maximilian Mang,TE,,,,,
2026,2,2118,00-0031387,Eric Ebron,TE,PIT,,,,
2026,2,7081,,James Morgan,QB,,,,,
2026,2,6755,,Tavonn Salter,WR,,,NA,,
2026,2,6290, 00-0035298,Scotty Miller,WR,CHI,,,,
2026,2,11186,,Carlos Washington,RB,MIA,,,,
2026,2,7396,,Devin Phelps,WR,,,,,
2026,2,5127,00-0034577,Kyle Allen,QB,BUF,,,,3
2026,2,11447,,Kris Leach,TE,,,,,
2026,2,5408,00-0034609,Sergio Bailey,WR,,,,,
2026,2,12469,,Dylan Sampson,RB,CLE,,IR,,2
2026,2,3020,,Dan Light,TE,,,,,
2026,2,2879,,Isiah Ferguson,WR,,,,,
2026,2,5285,00-0034073,Ross Dwelley,TE,,,,,
2026,2,1603,00-0030089,Luke Willson,TE,,,,,
2026,2,2930,,Justin Tukes,TE,,,,,
2026,2,4931,,Austin Appleby,QB,,,,,
2026,2,8697,,Kevin Shaa,WR,,,,,
2026,2,13291,,Kejon Owens,RB,,,Questionable,,
2026,2,13336,,Dane Key,WR,DEN,,,,
2026,2,12933,,Caden Prieskorn,TE,,,,,
2026,2,4274,00-0033589,David Moore,WR,CAR,,,,
2026,2,13179,,Ja'seem Reed,WR,CAR,,,,
2026,2,8217,,Leddie Brown,RB,,,,,
2026,2,6845,,Zack Moss,RB,,,Questionable,,
2026,2,11366,,Chris Coleman,WR,,,,,
2026,2,13834,,Cody Hardy,TE,,,,,
2026,2,6535, 00-0035322,Nate Becker,TE,,,,,
2026,2,13425,,Jalon Daniels,QB,TB,,,,3
2026,2,4305,,Tyler Renew,RB,,,,,
2026,2,246,00-0023564,Darren Sproles,RB,,,,,
2026,2,178,00-0022787,Matt Schaub,QB,,,,,
2026,2,8187,,CJ Verdell,RB,,,,,
2026,2,4489,00-0033474,Gehrig Dieter,WR,,,,,
2026,2,7603,,Shi Smith,WR,,,,,
2026,2,7751,,Dax Milne,WR,,,,,
2026,2,8052,,Donte Sylencieux,WR,,,,,
2026,2,8731,,Shemar Bridges,WR,,,,,
2026,2,5463,00-0034200,Mark Thompson,RB,,,,,
2026,2,7935,,Eli Stove,WR,,,,,
2026,2,13297,,Reggie Virgil,WR,ARI,,Out,,5
2026,2,6618, 00-0035718,Isaiah Searight,TE,,,,,
2026,2,5046,00-0034838,Royce Freeman,RB,,,,,
2026,2,4621,,Caleb Bluiett,TE,,,,,
2026,2,1329,00-0028237,Chris Hogan,WR,,,,,
2026,2,8783,,Kendric Pryor,WR,,,,,
2026,2,6728,,Jackson Harris,TE,,,,,
2026,2,5465,00-0034192,Nick Keizer,TE,,,,,
2026,2,4854,00-0034054,River Cracraft,WR,,,Questionable,,
2026,2,1601,00-0030414,Spencer Ware,RB,,,,,
2026,2,2783,,Kenzel Doe,WR,,,,,
2026,2,5197,00-0034660,Rico Gafford,WR,,,,,
2026,2,13120,,Jacoby Jones,WR,,,Questionable,,
2026,2,11590,,Jase McClellan,RB,,,,,
2026,2,12210,,Cole Burgess,WR,,,IR,,9
2026,2,13577,,Dallen Bentley,TE,DEN,,Out,,4
2026,2,13357,,Lance Mason,TE,,,,,
2026,2,4878,00-0034052,Brandon Zylstra,WR,,,,,
2026,2,2040,00-0031167,Scott Simonson,TE,,,,,
2026,2,5975, 00-0035309,Alize Mack,TE,,,,,
2026,2,8924,,Thomas Odukoya,TE,KC,,,,
2026,2,627,00-0027691,Andre Roberts,WR,,,,,
2026,2,11615,,Ainias Smith,WR,,,Questionable,,
2026,2,6705, 00-0035658,Taj McGowan,RB,,,,,
2026,2,11418,,Taye Barber,WR,,,,,
2026,2,11306,,Xavier Gipson,WR,PHI,,,,
2026,2,7554,,Tre' McKitty,TE,,,,,
2026,2,12308,,Samson Evans,RB,,,,,
2026,2,6209, 00-0034922,Ishmael Hyman,WR,,,,,
2026,2,5974, 00-0035146,Trace McSorley,QB,,,,,
2026,2,14029,,Johnny Pascuzzi,TE,,,,,
2026,2,5618,00-0034666,Larry Rose,RB,,,NA,,
2026,2,4515,,B.J. Johnson,WR,,,,,
2026,2,2595,00-0032006,Tim Semisch,TE,,,,,
2026,2,6449, 00-0035038,Dorian Baker,WR,,,,,
2026,2,6156, 00-0035217,Benny Snell,RB,,,,,
2026,2,4950,00-0034775,Christian Kirk,WR,SF,,IR,,4
2026,2,3150,,Xavier Rush,WR,,,,,
2026,2,6399,,Kano Dillon,TE,,,,,
2026,2,1777,00-0030216,Josh Hill,TE,,,,,
2026,2,12865,,AJ Henning,WR,,,,,
2026,2,13316,,Eric Rivers,WR,TB,,,,
2026,2,4004,,Chris Briggs,TE,,,,,
2026,2,284,00-0024389,Delanie Walker,TE,,,,,
2026,2,13242,,Lawrance Toafili,RB,,,,,
2026,2,4085,00-0033896,Adam Shaheen,TE,,,,,
2026,2,3621, 00-0032876,Jordan Williams-Lambert,WR,,,,,
2026,2,3880,,M.J. McFarland,TE,,,,,
2026,2,8019,,Devontres Dukes,WR,,,,,
2026,2,12169,,Reggie Brown,WR,,,,,
2026,2,12850,,Tyler Neville,TE,,,,,
2026,2,6154, 00-0035359,David Sills,WR,TB,,IR,,8
2026,2,2597,,Michael Dyer,RB,,,,,
2026,2,5886, 00-0035529,Hakeem Butler,TE,,,,,
2026,2,5915, 00-0035527,Andy Isabella,WR,,,,,
2026,2,6097,,Jamal Custis,WR,,,,,
2026,2,7158,,Riley Neal,QB,,,,,
2026,2,6450, 00-0035040,David Blough,QB,,,,,
2026,2,2004,00-0031344,Cody Latimer,WR,,,,,
2026,2,2549,00-0032156,Trevor Siemian,QB,,,,,
2026,2,8863,,Kaylon Geiger,WR,,,,,
2026,2,6365, 00-0035367,Carson Meier,TE,,,,,
2026,2,2082,00-0031035,Xavier Grimble,TE,,,,,
2026,2,7218,,Cam Sutton,TE,,,,,
2026,2,7589,,Ian Book,QB,,,,,
2026,2,6063, 00-0035457,Tyron Billy-Johnson,WR,,,,,
2026,2,4018,00-0033897,Joe Mixon,RB,,,,,
2026,2,13227,,Mitch Van Vooren,WR,,,,,
2026,2,2319,00-0031547,DeVante Parker,WR,,,,,
2026,2,13407,,Carson Towt,TE,IND,,IR,,6
2026,2,4533,00-0033613,James Summers,RB,,,,,
2026,2,4721,,Shakeir Ryan,WR,,,,,
2026,2,8094,,Michael Jacobson,TE,,,,,
2026,2,13348,,J'Mari Taylor,RB,JAX,,,,
2026,2,4229,00-0033798,Mason Schreck,TE,,,,,
2026,2,11863,,Leon Johnson,WR,,,,,
2026,2,12190,,Jason Bean,QB,,,,,
2026,2,6438, 00-0034949,Kelvin McKnight,WR,,,,,
2026,2,2039,00-0031166,Seth Roberts,WR,,,,,
2026,2,5249,00-0034196,Andre Levrone,WR,,,,,
2026,2,3548,,Jamal Robinson,WR,,,,,
2026,2,9757,,Kendre Miller,RB,NO,,Out,,3
2026,2,7035,,Kendrick Rogers,WR,,,,,
2026,2,13205,,Luke Deal,TE,,,Questionable,,
2026,2,2229,00-0031395,Garrett Gilbert,QB,,,,,
2026,2,4626,00-0033687,Amba Etta-Tawo,WR,,,,,
2026,2,5796,,Austin Wolf,WR,,,,,
2026,2,5275,00-0034207,Jeff Badet,WR,,,,,
2026,2,5125,00-0034698,Damoun Patterson,WR,,,,,
2026,2,8101,,Mark Vital,TE,,,,,
2026,2,3333,00-0033112,Temarrick Hemingway,TE,WAS,,,,
2026,2,4747,,Stevie Donatell,TE,,,,,
2026,2,3297,00-0032778,Tajae Sharpe,WR,,,,,
2026,2,5276,00-0034214,Tyler Hoppes,TE,,,,,
2026,2,11857,,Daijun Edwards,RB,,,,,
2026,2,538,00-0027685,Emmanuel Sanders,WR,,,,,
2026,2,4197,00-0033466,Isaiah McKenzie,WR,,,,,
2026,2,5890, 00-0035657,Damien Harris,RB,,,,,
2026,2,8005,,Tarik Black,WR,,,,,
2026,2,12187,,Malcolm Epps,TE,,,,,
2026,2,8123,,Hassan Haskins,RB,,,,,
2026,2,8033,,Bernhard Seikovits,TE,,,,,
2026,2,5111,00-0034426,Javon Wims,WR,,,,,
2026,2,5791,00-0034883,Gerald Holmes,RB,,,,,
2026,2,12705,,Graham Mertz,QB,HOU,,IR,,3
2026,2,13026,,Moochie Dixon,WR,,,,,
2026,2,6002, 00-0035273,Qadree Ollison,RB,,,,,
2026,2,8602,,Danny Davis,WR,,,,,
2026,2,11645,,Javon Baker,WR,,,,,
2026,2,2672,,Damarr Aultman,WR,,,,,
2026,2,12860,,Theo Wease,WR,LAC,,,,
2026,2,223,00-0022921,Larry Fitzgerald,WR,,,,,
2026,2,331,00-0022942,Philip Rivers,QB,,,,,
2026,2,11104,,SaRodorick Thompson,RB,,,,,
2026,2,5168,00-0034551,Jordan Chunn,RB,,,,,
2026,2,12688,,Cam Miller,QB,,,,,
2026,2,4922,,Garrett Scantling,WR,ATL,,,,
2026,2,12486,,Dillon Gabriel,QB,CLE,,IR,,4
2026,2,5831, 00-0034901,Bryant Mitchell,WR,,,,,
2026,2,11381,,Travis Vokolek,TE,ARI,,,,
2026,2,5201,00-0034632,Terry Swanson,RB,,,,,
2026,2,1559,00-0030520,Mike Glennon,QB,,,,,
2026,2,7558,,Whop Philyor,WR,,,,,
2026,2,4951,00-0034777,DJ Chark,WR,,,,,
2026,2,11483,,Ellis Merriweather,RB,,,,,
2026,2,4786,,Jhajuan Seales,WR,,,,,
2026,2,5774,00-0034863,Cam Serigne,TE,,,,,
2026,2,8229,,Isaiah Weston,WR,,,,,
2026,2,11562,,Spencer Rattler,QB,NO,,,,2
2026,2,8230,,Ty Chandler,RB,NO,,IR,,4
2026,2,6011, 00-0035289,Gardner Minshew,QB,ARI,,,,3
2026,2,5089,00-0034401,Mike White,QB,,,,,
2026,2,3296,00-0033080,Seth DeValve,TE,,,,,
2026,2,4453,00-0033306,Victor Bolden,WR,,,,,
2026,2,12268,,Colby Suits,QB,,,,,
2026,2,4680,,Larry Clark,WR,,,,,
2026,2,8732,,Raleigh Webb,WR,,,,,
2026,2,3921, 00-0033149,Nick Truesdell,TE,,,,,
2026,2,7581,,Kellen Mond,QB,,,,,
2026,2,6136, 00-0035264,Jarrett Stidham,QB,DEN,,,,2
2026,2,4749,,Cameron Posey,WR,,,,,
2026,2,6590, 00-0035552,Michael Colubiale,TE,,,,,
2026,2,7173,,Jalen McCleskey,WR,,,,,
2026,2,13280,,Chamon Metayer,TE,,,,,
2026,2,5171,00-0034193,Kevin Rader,TE,,,,,
2026,2,12494,,Kyle McCord,QB,MIA,,,,3
2026,2,13929,,Sahmir Hagans,WR,,,,,
2026,2,4942,00-0034747,Marcell Ateman,WR,,,,,
2026,2,4146,00-0033839,Dede Westbrook,WR,,,,,
2026,2,11582,,Carson Steele,RB,PHI,,,,
2026,2,7744,,Antonio Nunn,WR,,,,,
2026,2,9489,,Justin Shorter,WR,LV,,IR,,10
2026,2,8559,,Josh Babicz,TE,,,,,
2026,2,11864,,Zach Heins,TE,,,,,
2026,2,11573,,Frank Gore,RB,BUF,,,,
2026,2,13408,,Tanner Koziol,TE,JAX,,Out,,3
2026,2,5700,00-0034708,Robert Martin,RB,,,,,
2026,2,7288,,Ben Ellefson,TE,,,,,
2026,2,12725,,Luke Lachey,TE,,,Questionable,,
2026,2,12500,,Quinn Ewers,QB,JAX,,Out,,3
2026,2,6730, 00-0035735,Jordan Ta'amu,QB,,,,,
2026,2,7395,,Rashad Medaris,WR,,,,,
2026,2,8103,,Ryan Willis,QB,,,,,
2026,2,13065,,Ben Wooldridge,QB,,,,,
2026,2,491,00-0026035,Danny Amendola,WR,,,,,
2026,2,5154,00-0034487,Trent Sherfield,WR,BUF,,,,
2026,2,3347,00-0032431,Jake Rudock,QB,,,,,
2026,2,13889,,Levi Wentz,WR,,,,,
2026,2,12520,,Xavier Restrepo,WR,TEN,,,,
2026,2,13624,,Shaleak Knotts,WR,,,,,
2026,2,11073,,Thayer Thomas,WR,,,,,
2026,2,6357, 00-0035194,Shawn Bane,WR,,,,,
2026,2,5094,00-0034270,Ryan Izzo,TE,,,,,
2026,2,12479,,Ja'Quinden Jackson,RB,,,Questionable,,
2026,2,5265,00-0034574,Nic Shimonek,QB,,,,,
2026,2,8027,,Tre Harbison,RB,,,,,
2026,2,12484,,Jayden Higgins,WR,HOU,,IR,,11
2026,2,8234,,Jaivon Heiligh,WR,,,,,
2026,2,13645,,Michael Wortham,WR,JAX,,,,
2026,2,6074, 00-0035329,Donald Parham,TE,,,,,
2026,2,13404,,Garrett Nussmeier,QB,KC,,Out,,3
2026,2,2593,,Antwan Goodley,WR,,,,,
2026,2,6308, 00-0035067,Ian Bunting,TE,,,,,
2026,2,11815,,Cornelius Johnson,WR,,,,,
2026,2,4934,,Jalen Williams,WR,,,,,
2026,2,12077,,Lincoln Victor,WR,,,,,
2026,2,2093,00-0031068,Ryan Grant,WR,,,,,
2026,2,11942,,Colson Yankoff,TE,WAS,,,,5
2026,2,13436,,Kentrel Bullock,RB,CIN,,,,
2026,2,3336,00-0032341,Moritz Bohringer,TE,,,,,
2026,2,11347,,Chase Cota,WR,,,,,
2026,2,11089,,Jordan Byrd,WR,,,,,
2026,2,11377,,Tyrell Shavers,WR,BUF,,PUP,,5
2026,2,11184,,Daniel Arias,WR,,,,,
2026,2,7400,,Manasseh Bailey,WR,,,,,
2026,2,7988,,Riley Lees,WR,,,,,
2026,2,6322, 00-0035182,Xavier Ubosi,WR,,,,,
2026,2,8411,,Devon Allen,WR,,,,,
2026,2,2943,,Mark Weisman,RB,,,,,
2026,2,7992,,Matt Bushman,TE,,,,,
2026,2,8202,,Michael Woods,WR,,,Questionable,,
2026,2,1067,00-0029293,Marvin Jones,WR,,,,,
2026,2,2381,00-0032128,Chris Conley,WR,,,,,
2026,2,11600,,Ja'Tavion Sanders,TE,CAR,,Out,,3
2026,2,4475,,Sefo Liufau,QB,,,,,
2026,2,2917,,Brian Vogler,TE,,,,,
2026,2,676,00-0027029,LeSean McCoy,RB,,,,,
2026,2,12126,,Isaac Rex,TE,,,,,
2026,2,6553, 00-0035187,Austin Walter,RB,,,,,
2026,2,5980, 00-0035311,Myles Gaskin,RB,,,,,
2026,2,1903,00-0031228,Taylor Gabriel,WR,,,,,
2026,2,9230,,Tanner McKee,QB,PHI,,Out,,4
2026,2,5785,00-0034870,James Butler,RB,,,,,
2026,2,6628, 00-0035548,Ventell Bryant,WR,,,,,
2026,2,8665,,Armani Rogers,TE,,,,,
2026,2,10651,,Mohamed Ibrahim,RB,,,,,
2026,2,4160,00-0033859,Josh Malone,WR,,,,,
2026,2,6269, 00-0035163,Kyle Shurmur,QB,,,,,
2026,2,2939,,Javess Blue,WR,,,,,
2026,2,5760,00-0034819,Josh Crockett,WR,,,,,
2026,2,14018,,Jordan Nubin,RB,,,,,
2026,2,5112,00-0034432,Bo Scarbrough,RB,,,,,
2026,2,2431,00-0032063,Mike Davis,RB,,,,,
2026,2,2752,,Trent Steelman,WR,,,,,
2026,2,5800,00-0034890,Justin Stockton,RB,,,,,
2026,2,4607, 00-0033766,Zach Conque,QB,,,,,
2026,2,12363,,Xavier Wade,WR,,,,,
2026,2,13867,,Sean Brown,WR,,,,,
2026,2,11126,,Michael Ezeike,TE,,,,,
2026,2,6453, 00-0035045,D.J. Montgomery,WR,IND,,IR,,7
2026,2,5587,00-0034315,Chris Warren,RB,,,,,
2026,2,5235,00-0034575,David Wells,TE,,,,,
2026,2,5705,00-0034705,John Franklin,WR,,,,,
2026,2,11607,,Hayden Hatten,WR,,,,,
2026,2,11580,,Dillon Johnson,RB,,,,,
2026,2,3177,00-0032966,Corey Coleman,WR,,,,,
2026,2,4537,,Jordan Johnson,RB,,,,,
2026,2,5570,00-0034309,Chad Beebe,WR,,,,,
2026,2,13238,,Winston Wright,WR,,,,,
2026,2,13210,,Drake Dabney,TE,GB,,,,
2026,2,233, 00-0025708,Matt Moore,QB,,,,,
2026,2,6446, 00-0035013,Jon Hilliman,RB,,,,,
2026,2,6894,,Mitchell Wilcox,TE,,,,,
2026,2,12786,,Anthony Landphere,TE,,,,,
2026,2,3440,00-0032658,Josh Woodrum,QB,,,,,
2026,2,4806,00-0033268,Brandon Radcliff,RB,,,,,
2026,2,7618,,Micah Simon,WR,CAR,,,,
2026,2,12389,,Hayden Rucci,TE,JAX,,,,
2026,2,4610,,Deante' Gray,WR,,,,,
2026,2,5747,00-0034761,Kayaune Ross,WR,,,,,
2026,2,11540,,La'Michael Pettway,TE,,,,,
2026,2,2922,,Devin Mahina,TE,,,,,
2026,2,6938,,Cam Akers,RB,,,,,
2026,2,7367,,Will Hastings,WR,,,,,
2026,2,11080,,Malik Knowles,WR,,,,,
2026,2,7972,,Tony Poljan,TE,,,,,
2026,2,4198,00-0033572,Jamal Agnew,WR,,,Questionable,,
2026,2,4938,,Speedy Noil,WR,,,,,
2026,2,6552, 00-0035031,Malik Henry,WR,,,,,
2026,2,11821,,Tahj Washington,WR,,,,,
2026,2,3655,,Reggie Diggs,WR,,,,,
2026,2,8407,,T.J. Pledger,RB,,,,,
2026,2,2800,,Mario Hull,WR,,,,,
2026,2,7537,,Jaret Patterson,RB,,,,,
2026,2,12471,,DJ Giddens,RB,IND,,Out,,2
2026,2,2909,,Beau Gardner,TE,,,,,
2026,2,5889, 00-0035256,Bryce Love,RB,,,,,
2026,2,2577,,Devante Davis,WR,,,,,
2026,2,5661,00-0034593,Chris Lacy,WR,,,,,
2026,2,6439, 00-0035025,Hale Hentges,TE,,,,,
2026,2,8114,,Erik Ezukanma,WR,,,,,
2026,2,3503,00-0032626,Geronimo Allison,WR,,,,,
2026,2,11621,,Brenden Rice,WR,,,,,
2026,2,6529, 00-0035345,Chris Myarick,TE,LV,,,,4
2026,2,11053,,Antoine Green,WR,,,,,
2026,2,7234,,Maurice Ffrench,WR,,,,,
2026,2,1848,00-0031062,James White,RB,,,,,
2026,2,12938,,Jackson Meeks,TE,DET,,,,4
2026,2,7579,,Austin Watkins,WR,,,,,
2026,2,14005,,Tommy Thomas,WR,,,,,
2026,2,12029,,Tyler Harrell,WR,,,,,
2026,2,7580,,Khalil McClain,WR,,,,,
2026,2,4937,,Al Riles,WR,IND,,,,
2026,2,12907,,Quentin Skinner,WR,,,,,
2026,2,4328,,Jerome Lane,WR,,,,,
2026,2,947,00-0027944,Julio Jones,WR,,,,,
2026,2,6261, 00-0035019,Reggie White,WR,,,,,
2026,2,7582,,Jhamon Ausbon,WR,,,,,
2026,2,7602,,Kylen Granson,TE,TEN,,Out,,3
2026,2,12516,,Kalel Mullings,RB,TEN,,,,
2026,2,12357,,David Martin-Robinson,TE,TEN,,,,5
2026,2,3668,00-0032599,Joshua Perkins,TE,NYJ,,,,
2026,2,11231,,Christian Trahan,TE,,,,,
2026,2,11130,,Pokey Wilson,WR,,,,,
2026,2,6318, 00-0035396,Jordan Ellis,RB,,,,,
2026,2,13315,,Dean Connors,RB,LAR,,,,
2026,2,1048,00-0029615,Lamar Miller,RB,,,,,
2026,2,5010,00-0034159,Will Dissly,TE,,,Questionable,,
2026,2,6039, 00-0035537,Ty Johnson,RB,BUF,,Out,,2
2026,2,6803,,Brandon Aiyuk,WR,SF,,DNR,,5
2026,2,14069,,Connor Hulstein,TE,,,Questionable,,
2026,2,11249,,Chris Smith,RB,,,,,
2026,2,9997,,Zay Flowers,WR,BAL,,Out,,1
2026,2,5407,00-0034618,Ervin Philips,RB,,,,,
2026,2,6032, 00-0035120,Keelan Doss,WR,,,,,
2026,2,13943,,Squirrel White,WR,,,NA,,
2026,2,4730,,Sam Cotton,TE,,,,,
2026,2,11359,,Kody Case,WR,,,,,
2026,2,7092,,Chris Finke,WR,,,,,
2026,2,2916,,Ify Umodu,WR,,,,,
2026,2,12398,,Jadon Janke,WR,,,,,
2026,2,9222,,Zach Evans,RB,,,,,
2026,2,7576,,Sage Surratt,TE,,,,,
2026,2,14034,,Brock Rechsteiner,WR,,,Sus,,
2026,2,7613,,Jonathan Adams,WR,,,,,
2026,2,8222,,Josh Johnson,WR,,,,,
2026,2,2331,00-0032054,Breshad Perriman,WR,,,,,
2026,2,12093,,Geordon Porter,WR,,,,,
2026,2,8193,,E.J. Perry,QB,,,,,
2026,2,13870,,Quentin Moore,TE,,,Questionable,,
2026,2,11421,,Ryan Miller,WR,MIA,,,,7
2026,2,6778,,Chris Streveler,QB,,,,,
2026,2,7050,,Josiah Deguara,TE,PHI,,,,
2026,2,7903,,Briley Moore,TE,,,,,
2026,2,5395,00-0034621,Shaun Wilson,RB,,,,,
2026,2,8706,,Kehinde Oginni,TE,,,,,
2026,2,5464,00-0034201,De'Lance Turner,RB,,,,,
2026,2,12009,,Jack Plummer,QB,,,,,
2026,2,11773,,Keilan Robinson,RB,,,Questionable,,
2026,2,3551,,Max Wittek,QB,,,,,
2026,2,8249,,Lucas Krull,TE,DEN,,,,
2026,2,13712,,Hayden Large,TE,CHI,,IR,,7
2026,2,2914,,Luke Lundy,RB,,,,,
2026,2,6853,,Van Jefferson,WR,WAS,,,,
2026,2,6557, 00-0035510,Jeff Smith,WR,,,,,
2026,2,13293,,Ja'Kobi Lane,WR,BAL,,IR,,3
2026,2,11537,,Wayne Taulapapa,RB,,,,,
2026,2,2771,,Jimmie Hunt,WR,,,,,
2026,2,5239,00-0034144,Lamar Jordan,QB,,,,,
2026,2,8801,,Dennis Houston,WR,,,Questionable,,
2026,2,12954,,Kye Robichaux,RB,,,Questionable,,
2026,2,8571,,Ra'Shaun Henry,WR,,,,,
2026,2,2430,00-0031577,Javorius Allen,RB,,,,,
2026,2,11943,,Michael Wiley,RB,,,,,
2026,2,6239, 00-0035480,Malik Taylor,WR,,,,,
2026,2,11438,,Dallas Daniels,WR,,,,,
2026,2,5286,00-0034608,Austin Allen,QB,,,,,
2026,2,8120,,Jerrion Ealy,RB,,,,,
2026,2,5752,00-0034786,Sherman Badie,RB,,,,,
2026,2,6789,,Henry Ruggs,WR,,,,,
2026,2,11851,,Carter Bradley,QB,,,Questionable,,
2026,2,8235,,Samori Toure,WR,,,,,
2026,2,13122,,Carter Runyon,TE,LV,,IR,,5
2026,2,2446,00-0031585,MyCole Pruitt,TE,,,,,
2026,2,2567,,Bryan Bennett,QB,,,,,
2026,2,11528,,Garett Maag,WR,,,,,
2026,2,11946,,Marcus Rosemy-Jacksaint,WR,,,,,
2026,2,4823,,Keevan Lucas,WR,,,,,
2026,2,11388,,Nolan Henderson,QB,,,,,
2026,2,9497,,Jalin Hyatt,WR,NYG,,,,
2026,2,6591, 00-0035553,Charles Jones,TE,,,,,
2026,2,7175,,Chris Rowland,WR,,,,,
2026,2,9492,,Trey Palmer,WR,NO,,,,
2026,2,4774,,De'Mard Llorens,RB,,,,,
2026,2,3934,00-0033164,Troymaine Pope,RB,,,,,
2026,2,6665, 00-0035547,Jody Fortson,TE,,,,,
2026,2,12772,,Courtney Jackson,WR,,,,,
2026,2,8570,,Derek Wright,WR,,,,,
2026,2,8122,,Zonovan Knight,RB,ARI,,,,4
2026,2,5120,00-0034423,Danny Etling,QB,,,,,
2026,2,4853,,Jerod Evans,QB,,,,,
2026,2,4536,00-0033627,Jason Croom,TE,,,,,
2026,2,4940,,DeSean Smith,TE,,,,,
2026,2,6879,,Quartney Davis,WR,,,,,
2026,2,11508,,Princeton Fant,TE,DAL,,IR,,6
2026,2,5427,,LaQuvionte Gonzalez,WR,,,,,
2026,2,3852,00-0033006,Jaydon Mickens,WR,,,,,
2026,2,2981,,Ross Scheuerman,RB,,,,,
2026,2,13208,,Kyrese Rowan,WR,NO,,,,
2026,2,7452,,Josh Pearson,WR,,,,,
2026,2,5252,00-0034535,Ray Lawry,RB,,,,,
2026,2,11493,,Jordan Murray,TE,,,,,
2026,2,12341,,Markese Stepp,RB,,,,,
2026,2,5246,,Jake Roh,TE,,,,,
2026,2,13326,,DT Sheffield,WR,,,Questionable,,
2026,2,5254,,Jimmy Williams,WR,,,,,
2026,2,3348,,Kolby Listenbee,WR,,,,,
2026,2,6850,,Harrison Bryant,TE,,,Questionable,,
2026,2,5096,00-0034407,Ray-Ray McCloud,WR,,,Questionable,,
2026,2,3811,,Alstevis Squirewell,RB,,,,,
2026,2,7100,,Derrick Dillon,WR,,,,,
2026,2,4098,00-0033923,Kareem Hunt,RB,,,,,
2026,2,13402,,Skyler Bell,WR,BUF,,Out,,6
2026,2,12001,,Lawrence Keys,WR,,,Questionable,,
2026,2,12883,,Joshua Simon,TE,,,,,
2026,2,5103,00-0034409,Dylan Cantrell,TE,,,,,
2026,2,3200,00-0032385,Sterling Shepard,WR,NYJ,,,,
2026,2,4089,00-0033895,Gerald Everett,TE,,,,,
2026,2,8760,,Dre Miller,TE,,,,,
2026,2,8418,,Jared Smart,WR,,,,,
2026,2,6175, 00-0035596,Kerrith Whyte,RB,GB,,,,
2026,2,13989,,E.J. Warner,QB,,,,,
2026,2,2390,00-0032214,Tyler Kroft,TE,,,,,
2026,2,2341,00-0032209,T.J. Yeldon,RB,,,,,
2026,2,3393,,Devin Fuller,WR,,,,,
2026,2,8888,,Kameron Brown,WR,,,,,
2026,2,4718,00-0033854,Dare Ogunbowale,RB,LV,,,,
2026,2,8431,,Chase Garbers,QB,,,,,
2026,2,7559,,Ihmir Smith-Marsette,WR,,,,,
2026,2,11536,,Milton Wright,WR,,,,,
2026,2,3520,,Jay Lee,WR,,,,,
2026,2,2588,00-0031806,Malcolm Brown,RB,,,,,
2026,2,11748,,Bub Means,WR,CLE,,,,
2026,2,5744,,Eldridge Massington,WR,NO,,,,
2026,2,12412,,Terrell Jennings,RB,,,Questionable,,
2026,2,886,00-0028063,Taiwan Jones,RB,,,,,
2026,2,13725,,Dominic Richardson,RB,,,Questionable,,
2026,2,8745,,Lance McCutcheon,WR,,,,,
2026,2,7319,,Jeff Cotton,WR,,,,,
2026,2,8255,,Raheem Blackshear,RB,,,Questionable,,
2026,2,8915,,Drew Plitt,QB,,,,,
2026,2,2639,,Tony Jones,WR,,,,,
2026,2,8191,,Slade Bolden,WR,,,,,
2026,2,138,00-0022924,Ben Roethlisberger,QB,PIT,,,,
2026,2,4526,00-0033604,Krishawn Hogan,WR,,,,,
2026,2,11924,,Tanner Mordecai,QB,,,,,
2026,2,3412,,Devon Johnson,RB,,,,,
2026,2,11862,,Luke Benson,TE,,,,,
2026,2,6617,,Andre Lindsey,WR,,,,,
2026,2,6727, 00-0035733,Joe Walker,WR,,,,,
2026,2,1842,,Derrick Johnson,WR,,,,,
2026,2,3204,00-0032393,C.J. Prosise,RB,,,,,
2026,2,8800,,Malik Davis,RB,DAL,,IR,,2
2026,2,7941,,Nick Ralston,RB,,,,,
2026,2,7337,,Easop Winston,WR,,,,,
2026,2,14038,,Trayvon Rudolph,WR,MIN,,,,
2026,2,4435,00-0033455,Anthony Firkser,TE,,,Questionable,,
2026,2,12803,,Luke Grimm,WR,,,Questionable,,
2026,2,7532,,Rakeem Boyd,RB,,,,,
2026,2,11558,,Sam Hartman,QB,WAS,,,,
2026,2,8573,,Talolo Limi-Jones,WR,,,,,
2026,2,8239,,Ricky Person,RB,,,,,
2026,2,10863,,A.T. Perry,WR,,,,,
2026,2,11969,,Xavier Johnson,WR,,,,,
2026,2,1290,00-0029159,Jermaine Kearse,WR,,,,,
2026,2,12743,,Junior Bergen,WR,,,,,
2026,2,12278,,Jacob Sirmon,QB,,,,,
2026,2,8162,,Sam Howell,QB,DAL,,,,3
2026,2,8196,,Ty Fryfogle,WR,,,,,
2026,2,2927,,Keshawn Hill,RB,,,,,
2026,2,9490,,Tyler Scott,WR,,,,,
2026,2,8149,,Master Teague,RB,,,,,
2026,2,2476,00-0031951,James O'Shaughnessy,TE,,,,,
2026,2,5130,00-0034686,Auden Tate,WR,,,,,
2026,2,181,00-0025430,Drew Stanton,QB,,,,,
2026,2,4349,00-0033373,Taquan Mizzell,RB,NYG,,,,
2026,2,2821,00-0031787,Jake Kumerow,WR,,,,,
2026,2,6798,,Jalen Reagor,WR,MIA,,,,
2026,2,4861,,Kent Taylor,TE,,,,,
2026,2,8441,,Justin Hall,WR,,,,,
2026,2,6593, 00-0035587,Spencer Schnell,WR,,,,,
2026,2,6359, 00-0035206,C.J. Worton,WR,,,,,
2026,2,7351,,Kirk Merritt,WR,,,,,
2026,2,13698,,Max Tomczak,WR,,,,,
2026,2,2905,,Josh Reese,WR,,,,,
2026,2,12402,,Ramon Jefferson,RB,,,,,
2026,2,7455,,John Hurst,WR,,,,,
2026,2,8041,,Shane Zylstra,TE,,,Questionable,,
2026,2,11989,,D.J. Williams,RB,,,Questionable,,
2026,2,2557,,Jerry Lovelocke,QB,,,,,
2026,2,8756,,Brandon Johnson,WR,PIT,,,,
2026,2,6036, 00-0034965,Ryan Davis,WR,,,,,
2026,2,6596,,Jalan McClendon,QB,,,,,
2026,2,3464,,Marquez North,WR,,,,,
2026,2,7546,,Tre Nixon,WR,,,,,
2026,2,2836,,Kenny Cook,WR,,,,,
2026,2,11569,,Jarquez Hunter,RB,MIA,,,,
2026,2,5401,,Armanti Foreman,WR,,,,,
2026,2,12114,,Joshua Cephus,WR,,,,,
2026,2,4805,,Pig Howard,WR,,,,,
2026,2,11538,,Toriano Clinton,RB,,,,,
2026,2,3803,00-0032813,Elijhaa Penny,RB,,,,,
2026,2,7079,,Pete Guerriero,RB,,,,,
2026,2,5709,00-0034737,Luis Perez,QB,,,,,
2026,2,7015,,Jacob Breeland,TE,,,,,
2026,2,12097,,Ayir Asante,WR,,,,,
2026,2,11716,,Tip Reiman,TE,ARI,,PUP,,4
2026,2,6753,,Derrick Gore,RB,,,,,
2026,2,6763,,Reggie Begelton,WR,,,,,
2026,2,12166,,Trey Potts,RB,,,,,
2026,2,6443,,Eric Dungey,QB,,,,,
2026,2,8102,,DeShon Williams,TE,,,,,
2026,2,5113, 00-0034418,Cedrick Wilson,WR,,,Questionable,,
2026,2,13862,,Treyvhon Saunders,WR,,,,,
2026,2,11197,,Joel Honigford,TE,,,,,
2026,2,8813,,Anthony Turner,WR,,,,,
2026,2,8421,,Mike Harley,WR,,,,,
2026,2,2570,,Donatella Luckett,WR,,,,,
2026,2,3570,,Brandon Ross,RB,,,,,
2026,2,12551,,Colin Granger,TE,,,,,
2026,2,11850,,Jeff Foreman,WR,,,,,
2026,2,6822,,Jake Fromm,QB,,,,,
2026,2,11419,,Kade Warner,WR,,,,,
2026,2,8892,,Keric Wheatfall,WR,,,,,
2026,2,8140,,Justyn Ross,WR,,,,,
2026,2,11024,,Grant DuBose,WR,,,Questionable,,
2026,2,3362,00-0032436,Jeff Driskel,QB,,,,,
2026,2,13022,,Sone Ntoh,RB,,,,,
2026,2,4588,00-0033672,Kyle Sloter,QB,,,,,
2026,2,4683,,Aaron Bailey,QB,BAL,,,,4
2026,2,7309,,Siaosi Mariner,WR,,,,,
2026,2,6155, 00-0035121,Jaylen Smith,WR,,,,,
2026,2,13222,,Montana Lemonious-Craig,WR,,,Questionable,,
2026,2,1223,00-0028903,Garrett Celek,TE,,,,,
2026,2,333,00-0023682,Ryan Fitzpatrick,QB,,,,,
2026,2,12746,,JP Richardson,WR,CHI,,,,
2026,2,12443,,Devon Garrison,TE,,,,,
2026,2,11413,,Ronnie Brown,RB,,,,,
2026,2,1425,00-0030108,Ryan Griffin,TE,,,,,
2026,2,5918, 00-0035299,Rodney Anderson,RB,,,,,
2026,2,8242,,Shermari Jones,RB,,,,,
2026,2,1232,00-0029273,Robert Turbin,RB,,,,,
2026,2,3199,00-0032765,Michael Thomas,WR,,,,,
2026,2,13351,,Junior Vandeross,WR,,,,,
2026,2,7085,,Isaiah Coulter,WR,,,,,
2026,2,8707,,Tayon Fleet-Davis,RB,,,,,
2026,2,4186,00-0033789,T.J. Logan,RB,,,,,
2026,2,14021,,Kadarius Calloway,RB,,,Questionable,,
2026,2,4972,00-0034771,Mason Rudolph,QB,PIT,,,,2
2026,2,12026,,Kobe Lewis,RB,,,,,
2026,2,13153,,Giles Jackson,WR,,,,,
2026,2,11105,,Shaquan Davis,WR,,,,,
2026,2,8021,,Branden Mack,WR,,,,,
2026,2,3078,,Jamel Johnson,WR,,,,,
2026,2,312,00-0026293,Matthew Slater,WR,,,,,
2026,2,7227,,Artavis Pierce,RB,,,,,
2026,2,9227,,Israel Abanikanda,RB,DAL,,,,
2026,2,11222,,Marcus Cooper,RB,,,,,
2026,2,13831,,Kevorian Barnes,RB,,,,,
2026,2,6592, 00-0035569,Dontae Strickland,RB,,,,,
2026,2,12237,,Lincoln Sefcik,TE,,,,,
2026,2,6834,,Jared Pinkney,TE,,,,,
2026,2,3380,00-0032447,Devin Lucien,WR,,,,,
2026,2,8185,,Johnny Johnson,WR,,,,,
2026,2,6384,,Justin Sumpter,WR,,,,,
2026,2,11113,,Joel Wilson,TE,TEN,,,,
2026,2,12133,,Drake Stoops,WR,,,,,
2026,2,5970, 00-0035500,Greg Dortch,WR,BUF,,,,
2026,2,1652,00-0029981,Terrell Sinkfield,WR,,,,,3
2026,2,5924, 00-0035070,Emanuel Hall,WR,,,,,
2026,2,2931,,Deshon Foxx,WR,,,,,
2026,2,5273,,Kamryn Pettway,RB,,,,,
2026,2,7481,,Chase Harrell,TE,,,,,
2026,2,5228,00-0034126,J.T. Barrett,QB,,,,,
2026,2,3465,00-0032661,Ben Braunecker,TE,,,,,
2026,2,12892,,Da'Quan Felton,WR,,,Questionable,,
2026,2,2753,00-0031645,Rasheed Bailey,WR,,,,,
2026,2,13996,,Trent Howland,RB,,,,,
2026,2,2412,00-0031570,Justin Hardy,WR,,,,,
2026,2,2932,,Eric Frohnapfel,TE,,,,,
2026,2,2312,00-0031545,Kevin White,WR,,,,,
2026,2,6805,,KJ Hamler,WR,,,,,
2026,2,7733,,Josh Pederson,TE,,,,,
2026,2,13930,,Jordon Vaughn,RB,,,,,
2026,2,9502,,Tank Dell,WR,HOU,,IR,,4
2026,2,11456,,Tre'Shaun Harrison,WR,,,,,
2026,2,8199,,D'Eriq King,QB,,,,,
2026,2,13014,,Pat Conroy,TE,,,,,
2026,2,11886,,Tulu Griffin,WR,,,,,
2026,2,2307,00-0032268,Marcus Mariota,QB,WAS,,,,2
2026,2,8178,,Braylon Sanders,WR,,,,,
2026,2,3969,00-0033856,Leonard Fournette,RB,,,,,
2026,2,11932,,Mike DiLiello,QB,,,,,
2026,2,12975,,JJ Galbreath,TE,,,,,
2026,2,5612,,Anthony Mahoungou,WR,,,,,
2026,2,12340,,Alex Larson,TE,,,,,
2026,2,11378,,Jordan Mims,RB,,,,,
2026,2,6149, 00-0035535,Darius Slayton,WR,,,,,
2026,2,6047, 00-0035002,Dillon Mitchell,WR,,,,,
2026,2,3515,00-0032653,K.J. Maye,WR,,,,,
2026,2,8214,,Cole Turner,TE,MIA,,IR,,4
2026,2,13145,,ShunDerrick Powell,RB,,,,,
2026,2,8039,,Jibri Blount,TE,,,,,
2026,2,4815,,Brian Riley,WR,,,,,
2026,2,4149,00-0033948,Jamaal Williams,RB,,,,,
2026,2,2214,00-0031273,Cameron Brate,TE,,,,,
2026,2,4464,00-0033319,Nick Mullens,QB,JAX,,,,2
2026,2,13011,,Brennan Presley,WR,LAR,,,,
2026,2,5310,00-0034772,Antonio Callaway,WR,,,,,
2026,2,2044,,Brelan Chancellor,WR,,,,,
2026,2,4768,,Adam Zaruba,TE,,,,,
2026,2,8139,,Zamir White,RB,NO,,,,
2026,2,11588,,Jawhar Jordan,RB,HOU,,,,
2026,2,902,00-0028114,Dwayne Harris,WR,,,,,
2026,2,7098,,Ty'Son Williams,RB,,,,,
2026,2,8632,,JaVonta Payton,WR,,,,,
2026,2,7809,,Avery Williams,RB,,,,,
2026,2,13630,,Evan Svoboda,TE,LAC,,,,
2026,2,13778,,EJ Smith,RB,,,Questionable,,
2026,2,12510,,Jalen Milroe,QB,SEA,,,,3
2026,2,13772,,Eni Falayi,TE,,,,,
2026,2,14085,,Matthew Henry,WR,,,,,
2026,2,8579,,Brandon Peters,QB,,,,,
2026,2,2422,00-0032062,Blake Bell,TE,,,,,
2026,2,11963,,Chris Collier,RB,LV,,IR,,7
2026,2,13327,,Desmond Reid,RB,,,Questionable,,
2026,2,1426,00-0030564,DeAndre Hopkins,WR,,,,,
2026,2,3614,00-0032881,Tommylee Lewis,WR,,,,,
2026,2,12218,,Jalen Jackson,RB,,,,,
2026,2,11114,,Elijah Dotson,RB,,,,,
2026,2,5220,00-0034614,Godwin Igwebuike,RB,,,,,
2026,2,4651,00-0033725,Corey Clement,RB,,,,,
2026,2,12045,,Jack Westover,TE,WAS,,,,
2026,2,13191,,TJ Sheffield,WR,,,,,
2026,2,4807,,Mike Estes,TE,,,,,
2026,2,6451, 00-0035039,Stephen Carlson,TE,CHI,,,,
2026,2,8210,,Chig Okonkwo,TE,WAS,,Out,,1
2026,2,6151, 00-0035243,Miles Sanders,RB,,,,,
2026,2,12670,,KeAndre Lambert-Smith,WR,LAC,,IR,,5
2026,2,4750,00-0033992,Lance Lenoir,WR,,,,,
2026,2,11431,,Isaiah Bowser,RB,,,,,
2026,2,5236,00-0034642,Kyle Lewis,WR,,,,,
2026,2,7943,,Zach Davidson,TE,,,,,
2026,2,13306,,Taylen Green,QB,CLE,,Out,,3
2026,2,13034,,Tyrone Broden,WR,,,Questionable,,
2026,2,4996,00-0034369,Kyle Lauletta,QB,,,,,
2026,2,11256,,Tyson Bagent,QB,CHI,,,,2
2026,2,13770,,J. Michael Sturdivant,WR,GB,,,,9
2026,2,6148, 00-0035350,Preston Williams,WR,,,,,
2026,2,5961, 00-0035505,Jalin Moore,RB,,,,,
2026,2,3584,,Marcus Leak,WR,,,,,
2026,2,5086,00-0034272,Marquez Valdes-Scantling,WR,LAC,,,,
2026,2,11568,,Blake Watson,RB,,,,,
2026,2,13702,,Malik Rutherford,WR,,,,,
2026,2,12851,,Rivaldo Fairweather,TE,,,,,
2026,2,11911,,Jeshaun Jones,WR,MIN,,Sus,,5
2026,2,4490,,Wyatt Houston,TE,CAR,,,,40
2026,2,13161,,Zakhari Franklin,WR,,,,,
2026,2,2937,,Damond Powell,WR,,,,,
2026,2,289,00-0020531,Drew Brees,QB,,,,,
2026,2,9499,,Bryce Ford-Wheaton,WR,,,Questionable,,
2026,2,6311, 00-0035342,Patrick Laird,RB,,,,,
2026,2,2947,,Clay Burton,TE,,,,,
2026,2,3391,00-0032450,Dwayne Washington,RB,,,,,
2026,2,1262,00-0029623,Alex Tanney,QB,,,,,
2026,2,8891,,Ryan McDaniel,WR,,,,,
2026,2,7404,,Noah Togiai,TE,,,,,
2026,2,12135,,Neal Johnson,TE,,,,,
2026,2,13435,,Joe Royer,TE,CLE,,PUP,,3
2026,2,4150,00-0033950,Wayne Gallman,RB,,,,,
2026,2,8085,,Mekhi Sargent,RB,,,,,
2026,2,2996,,Logan Stokes,TE,,,,,
2026,2,13158,,Sam Pitz,TE,,,,,
2026,2,7865,,Brandon Smith,WR,PIT,,,,
2026,2,3780,,Cedric O'Neal,RB,,,,,
2026,2,4384,,Aaron Peck,TE,,,,,
2026,2,3280,00-0032404,Tyler Ervin,RB,,,,,
2026,2,6989,,Marquez Callaway,WR,,,,,
2026,2,9498,,Jadon Haselwood,WR,,,,,
2026,2,13661,,Ethan Conner,TE,,,,,
2026,2,8436,,Neil Pau'u,WR,,,,,
2026,2,5850, 00-0035700,Josh Jacobs,RB,GB,,NA,,1
2026,2,5804,00-0034894,Julian Williams,WR,,,,,
2026,2,9753,,Zach Charbonnet,RB,SEA,,PUP,,2
2026,2,2838,,Trevor Harman,WR,,,,,
2026,2,12267,,Qadir Ismail,WR,CHI,,,,
2026,2,2502,,Bud Sasser,WR,,,,,
2026,2,7864,,Artayvious Lynn,TE,,,,,
2026,2,11065,,Adrian Martinez,QB,,,,,
2026,2,5880, 00-0035639,Parris Campbell,WR,,,NA,,
2026,2,2933,,Corey Knox,RB,,,,,
2026,2,13685,,Jake Retzlaff,QB,,,,,
2026,2,7527,,Mac Jones,QB,SF,,,,2
2026,2,6293, 00-0035304,Cullen Gillaspia,RB,,,,,
2026,2,2768,,Braylon Heard,RB,,,,,
2026,2,13806,,Matt Lauter,TE,,,,,
2026,2,12421,,David Wallis,WR,,,,,
2026,2,11452,,Jesse Matthews,WR,,,,,
2026,2,13350,,Joe Fagnano,QB,BAL,,Out,,4
2026,2,9505,,Deuce Vaughn,RB,,,,,
2026,2,862,00-0027948,Blaine Gabbert,QB,,,,,
2026,2,13818,,Romello Brinson,WR,,,,,
2026,2,2892,00-0031900,Rodney Smith,RB,,,,,
2026,2,2168,00-0031285,Devonta Freeman,RB,,,,,
2026,2,2545,00-0032141,Geoff Swaim,TE,,,,,
2026,2,4623,00-0033683,Tim Cook,RB,,,,,
2026,2,7157,,Josh Love,QB,,,,,
2026,2,13289,,Drew Allar,QB,PIT,,Out,,4
2026,2,6126, 00-0034970,Irv Smith,TE,,,Questionable,,
2026,2,7082,,Dalton Keene,TE,,,,,
2026,2,11604,,Brock Bowers,TE,LV,,Out,,1
2026,2,12826,,Ulysses Bentley,RB,,,,,
2026,2,4319,00-0033251,Zach Pascal,WR,,,,,
2026,2,13251,,Gunnar Oakes,TE,,,,,
2026,2,2569,,Jake Waters,QB,,,,,
2026,2,2920,,Jeret Smith,WR,,,,,
2026,2,1916,00-0031373,Martavis Bryant,WR,,,,,
2026,2,5984, 00-0035520,Anthony Ratliff-Williams,WR,,,,,
2026,2,7394,,Jermiah Braswell,WR,,,,,
2026,2,5468,00-0034340,Christian Scotland-Williamson,TE,,,,,
2026,2,9495,,Rakim Jarrett,WR,,,,,
2026,2,13314,,Luke Altmyer,QB,DET,,,,
2026,2,10860,,Malik Cunningham,WR,,,,,
2026,2,1312,00-0029319,Josh Bellamy,WR,,,,,
2026,2,2460,00-0032134,C.J. Uzomah,TE,,,,,
2026,2,8429,,Levi Lewis,QB,,,,,
2026,2,7368,,Sean Riley,WR,,,,,
2026,2,2560,00-0031665,Zach Zenner,RB,,,,,
2026,2,8176,,Danny Gray,WR,,,Questionable,,8
2026,2,4520,00-0033517,Travin Dural,WR,,,,,
2026,2,1971,00-0031339,Donte Moncrief,WR,,,,,
2026,2,6088,,Bisi Johnson,WR,,,,,
2026,2,5255,00-0034647,Teo Redding,WR,,,,,
2026,2,12395,,Tanner Knue,WR,,,,,
2026,2,6181, 00-0035259,Trevon Wesco,TE,,,,,
2026,2,4036,00-0033871,Corey Davis,WR,,,,,
2026,2,13827,,Tanner Arkin,TE,NE,,Out,,5
2026,2,5806,00-0034899,John Wolford,QB,,,,,
2026,2,8439,,Demetris Robertson,WR,,,,,
2026,2,11467,,John Samuel Shenker,TE,,,,,
2026,2,7131,,Tyler Davis,TE,,,,,
2026,2,13602,,Jack Strand,QB,ATL,,,,4
2026,2,12324,,William Thompson,QB,,,,,
2026,2,12788,,Will Sheppard,WR,MIA,,,,
2026,2,13708,,Kobe Prentice,WR,,,,,
2026,2,13768,,Josh Pitsenburger,RB,,,,,
2026,2,5245,00-0034146,Troy Mangen,TE,,,,,
2026,2,7340,,Brandon Polk,WR,,,,,
2026,2,13617,,Luke Wysong,WR,,,,,
2026,2,11506,,Jalen Moreno-Cropper,WR,NO,,,,
2026,2,4029,00-0033893,Dalvin Cook,RB,,,,,
2026,2,12797,,Ahmani Marshall,RB,CAR,,,,
2026,2,7890,,Javon McKinley,WR,,,,,
2026,2,13750,,TJ Harden,RB,,,,,
2026,2,5374,00-0034386,Justin Watson,WR,,,,,
2026,2,11619,,Ja'Lynn Polk,WR,,,NA,,
2026,2,11982,,Isaiah Washington,WR,,,,,
2026,2,7574,,Larry Rountree,RB,,,,,
2026,2,13621,,Dillon Bell,WR,MIN,,,,7
2026,2,4152,00-0033951,Marlon Mack,RB,,,,,
2026,2,12799,,Bryson Green,WR,,,,,
2026,2,3497,,Darion Griswold,TE,,,,,
2026,2,4595,00-0033747,Dontez Ford,WR,,,,,
2026,2,4360,00-0033412,Fred Ross,WR,,,,,
2026,2,4670,00-0033706,Artavis Scott,WR,,,,,
2026,2,13873,,Sam Scott,RB,,,Questionable,,
2026,2,13861,,Daniel Sobkowicz,WR,HOU,,,,
2026,2,13777,,Ademola Faleye,TE,,,,,
2026,2,9491,,Ty Scott,WR,,,,,
2026,2,14082,,Alex Tecza,RB,,,,,
2026,2,7502,,Dominique Dafney,TE,,,,,
2026,2,7464,,Connor Slomka,RB,,,,,
2026,2,2582,,Cole Stoudt,QB,,,,,
2026,2,7549,,CJ Marable,RB,,,,,
2026,2,5849, 00-0035228,Kyler Murray,QB,MIN,,Out,,1
2026,2,13783,,Raylen Sharpe,WR,,,,,
2026,2,5409,00-0034613,Tanner Hudson,TE,CIN,,,,
2026,2,13663,,Wesley Grimes,WR,SF,,,,
2026,2,12361,,Aeneas Dennis,QB,,,,,
2026,2,12889,,Beaux Collins,WR,ATL,,IR,,8
2026,2,12256,,Baylor Cupp,TE,,,,,
2026,2,7233,,Andre Baccellia,WR,,,Questionable,,
2026,2,587,00-0027215,Logan Paulsen,TE,,,,,
2026,2,7985,,Pro Wells,TE,,,,,
2026,2,6960,,Tyler Johnson,WR,NYJ,,,,
2026,2,11068,,Mitchell Tinsley,WR,HOU,,,,
2026,2,1215,00-0029572,Jarius Wright,WR,,,,,
2026,2,4252,00-0033471,Isaiah Ford,WR,,,,,
2026,2,6819,,Michael Pittman,WR,PIT,,Out,,2
2026,2,3300,00-0032940,DeAndre Washington,RB,,,,,
2026,2,7334,,Earnest Edwards,WR,,,,,
2026,2,3917,00-0033143,Kendal Thompson,WR,,,,,
2026,2,11245,,Patrick Murtagh,TE,,,,,
2026,2,8885,,Tucker Fisk,TE,,,,,
2026,2,13981,,Kolbe Katsis,WR,DEN,,,,
2026,2,6549, 00-0035401,Damion Willis,WR,,,,,
2026,2,3895,00-0033094,Marvin Hall,WR,,,,,
2026,2,11640,,Jermaine Burton,WR,,,,,
2026,2,11284,,Cody Chrest,WR,,,,,
2026,2,13913,,Patrick Gurd,TE,LV,,,,
2026,2,12738,,Phil Mafah,RB,NYG,,,,
2026,2,6387, 00-0035621,Nsimba Webster,WR,,,,,
2026,2,3402,,Zac Brooks,RB,,,,,
2026,2,9496,,Sam James,WR,,,,,
2026,2,4139,00-0033937,Amara Darboh,WR,,,,,
2026,2,7217,,Trevontae Hights,WR,,,,,
2026,2,7475,,Napoleon Maxwell,RB,,,,,
2026,2,3596,,Kivon Cartwright,TE,,,,,
2026,2,11070,,Kazmeir Allen,WR,,,,,
2026,2,6468, 00-0035078,Matthew Eaton,WR,,,,,
2026,2,8175,,Reggie Roberson,WR,,,,,
2026,2,2934,,Jonathon Rumph,WR,,,,,
2026,2,6814,,Laviska Shenault,WR,,,,,
2026,2,6939,,Binjimen Victor,WR,,,,,
2026,2,7172,,Mikey Daniel,RB,,,,,
2026,2,13879,,Jameson Geers,TE,ARI,,IR,,7
2026,2,12760,,Rashod Owens,WR,,,,,
2026,2,4320,,James Quick,WR,,,,,
2026,2,13437,,Noah Whittington,RB,HOU,,,,
2026,2,2576,,Cody Fajardo,QB,,,,,
2026,2,2870,,Ray Hamilton,TE,,,,,
2026,2,3893, 00-0033092,Reece Horn,WR,,,,,
2026,2,4411,,R.J. Shelton,WR,,,,,
2026,2,12935,,Jakobie Keeney-James,WR,,,,,
2026,2,11913,,Devron Harper,WR,,,,,
2026,2,6992,,Michael Warren,RB,DET,,,,
2026,2,12972,,Roc Taylor,WR,,,,,
2026,2,2325,00-0031549,Nelson Agholor,WR,,,,,
2026,2,1567,00-0030525,Tavon Austin,WR,,,,,
2026,2,5597,00-0034697,Brogan Roback,QB,,,,,
2026,2,7135,,Freddie Swain,WR,,,,,
2026,2,6139, 00-0035671,Jace Sternberger,TE,,,,,
2026,2,7401,,Khalil Tate,WR,,,,,
2026,2,3630,,Durron Neal,WR,,,,,
2026,2,12762,,Payton Thorne,QB,,,,,
2026,2,13949,,Damon Bankston,RB,GB,,,,
2026,2,14064,,Roydell Williams,RB,,,,,
2026,2,2730,,Kenneth Harper,RB,,,,,
2026,2,2962,,Zach D'Orazio,WR,,,,,
2026,2,5638,,Shaq Roland,WR,CHI,,,,
2026,2,8038,,Nick Guggemos,TE,,,,,
2026,2,12433,,Ben Bryant,QB,,,,,
2026,2,13125,,Micah Bernard,RB,,,,,
2026,2,4647,00-0033720,Colin Thompson,TE,,,,,
2026,2,8166,,Dontario Drummond,WR,,,,,
2026,2,6427, 00-0035021,Ashton Dulin,WR,IND,,Out,,4
2026,2,13005,,Anthony Torres,TE,,,Questionable,,
2026,2,5278,00-0034205,Jarvion Franklin,RB,,,,,
2026,2,11962,,Tayvion Robinson,WR,,,,,
2026,2,7560,,Pooka Williams,RB,,,,,
2026,2,13194,,Key'Shawn Smith,WR,,,,,
2026,2,3306,00-0032780,Jordan Howard,RB,,,,,
2026,2,13312,,Josh Kattus,TE,,,,,
2026,2,8581,,Trevon Bradford,WR,,,,,
2026,2,4779,,Bra'Lon Cherry,WR,,,,,
2026,2,8840,,Cole Fotheringham,TE,,,,,
2026,2,7545,,Marlon Williams,WR,,,,,
2026,2,5873, 00-0035590,Riley Ridley,WR,,,,,
2026,2,4494,,Alonzo Moore,WR,,,,,
2026,2,7424,,Anthony Jones,RB,,,,,
2026,2,5124,00-0034732,Alex McGough,QB,,,,,
2026,2,4741,00-0034011,Dan Arnold,TE,,,,,
2026,2,7080,,Omar Bayless,WR,,,,,
2026,2,6713, 00-0035706,Jamarius Way,WR,,,,,
2026,2,11415,,Tanner Taula,TE,,,,,
2026,2,12074,,Talik Keaton,WR,,,,,
2026,2,13143,,Dymere Miller,WR,,,,,
2026,2,6913,,Joe Reed,WR,,,,,
2026,2,12129,,Jalon Calhoun,WR,,,,,
2026,2,11820,,Devin Culp,TE,TB,,,,
2026,2,13743,,Joseph Manjack,WR,,,,,
2026,2,5000,00-0034681,Chase Edmonds,RB,,,,,
2026,2,4727,,Mitchell Paige,WR,,,,,
2026,2,8757,,Rodney Williams,TE,,,,,
2026,2,7741,,Caleb Huntley,RB,,,,,
2026,2,11115,,Terrell Bynum,WR,,,,,
2026,2,4998,00-0034370,DaeSean Hamilton,WR,,,,,
2026,2,5241,00-0034132,Christian Blake,WR,,,,,
2026,2,2602,00-0031972,Darius Jennings,WR,,,,,
2026,2,4936,,Skyler Howard,QB,SEA,,,,
2026,2,7091,,Aaron Parker,WR,,,,,
2026,2,9759,,C.J. Johnson,WR,,,,,
2026,2,2334,00-0032208,Phillip Dorsett,WR,,,,,
2026,2,1987,00-0031431,Marqise Lee,WR,,,,,
2026,2,12189,,Xavier White,WR,,,,,
2026,2,11192,,Malik Flowers,WR,,,,,
2026,2,3957,,Blake Sims,QB,,,,,
2026,2,8876,,Kevin Kassis,WR,,,,,
2026,2,12515,,Donovan Edwards,RB,,,,,
2026,2,6233, 00-0035436,Matt Sokol,TE,,,,,
2026,2,11530,,Nick Williams,WR,,,,,
2026,2,10216,,Kenny McIntosh,RB,,,,,
2026,2,12859,,Nate Noel,RB,,,,,
2026,2,2910,,Tyler Rutenbeck,WR,,,,,
2026,2,6231, 00-0035161,John Lovett,QB,,,,,
2026,2,4917,,Daryl Virgies,RB,,,,,
2026,2,3309,00-0032782,Wendell Smallwood,RB,WAS,,,,
2026,2,3242,00-0033118,Kenyan Drake,RB,,,,,
2026,2,8721,,De'Montre Tuggle,RB,,,,,
2026,2,5697,,Zach Olstad,RB,,,,,
2026,2,13412,,Kendrick Law,WR,DET,,IR,,8
2026,2,4787,,Jordan Westerkamp,WR,,,,,
2026,2,6700,,Marcelias Sutton,RB,,,,,
2026,2,6832,,Kalija Lipscomb,WR,,,,,
2026,2,7038,,Darius Anderson,RB,,,,,
2026,2,4401,00-0033417,Damore'ea Stringfellow,WR,,,,,
2026,2,11283,,Darius Hagans,RB,,,,,
2026,2,6372, 00-0035494,Xavier Turner,RB,,,,,
2026,2,8058,,Nate McCrary,RB,,,,,
2026,2,1077,00-0029269,Travis Benjamin,WR,,,,,
2026,2,3371,00-0033049,Darius Jackson,RB,,,,,
2026,2,2251,00-0031260,Logan Thomas,TE,,,,,
2026,2,4234,00-0033591,Noah Brown,WR,,,,,
2026,2,11223,,John Hall,WR,,,,,
2026,2,4504,,John Robinson-Woodgett,RB,,,,,
2026,2,5385,00-0034472,Alec Bloom,TE,,,,,
2026,2,663,00-0022943,Benjamin Watson,TE,,,,,
2026,2,4910,,Quincy McDuffie,WR,,,,,
2026,2,6744,00-0033733,Greg Ward,WR,,,,,
2026,3,11370,,Chris Brooks,RB,GB,6.64,,,2
2026,3,11559,,Michael Penix,QB,ATL,13.51,Out,,2
2026,3,12501,,Matthew Golden,WR,GB,11.03,,,3
2026,3,12504,,Kaleb Johnson,RB,GB,4.3,,,5
2026,3,4144,00-0033858,Jonnu Smith,TE,GB,3.22,,,4
2026,3,6271, 00-0035208,Olamide Zaccheaus,WR,ATL,3.29,,,4
2026,3,8167,,Christian Watson,WR,GB,15.22,,,1
2026,3,8204,,Bo Melton,WR,GB,0.44,Questionable,,4
2026,3,7075,,Charlie Woerner,TE,ATL,0.71,,,3
2026,3,7553,,Kyle Pitts,TE,ATL,9.47,,,1
2026,3,8112,,Drake London,WR,ATL,13.48,,,1
2026,3,8119,,Jahan Dotson,WR,ATL,4.03,,,2
2026,3,8154,,Brian Robinson,RB,ATL,4.46,Questionable,,2
2026,3,11581,,MarShawn Lloyd,RB,GB,9.74,,,1
2026,3,3202,00-0032392,Austin Hooper,TE,ATL,2.35,,,2
2026,3,8168,,Skyy Moore,WR,GB,4.59,,,5
2026,3,10222,,Jayden Reed,WR,GB,,Out,,2
2026,3,9484,,Tucker Kraft,TE,GB,11.24,,,1
2026,3,9509,,Bijan Robinson,RB,ATL,20.43,,,1
2026,3,10212,,Josh Whyle,TE,GB,0.56,,,2
2026,3,13320,,Zachariah Branch,WR,ATL,3.45,,,3
2026,3,6804,,Jordan Love,QB,GB,15.79,,,1
2026,3,10214,,Davis Allen,TE,LAR,0.67,,,4
2026,3,10225,,Jonathan Mingo,WR,DAL,0.42,,,5
2026,3,10226,,Andrei Iosivas,WR,CIN,4.94,,,3
2026,3,10234,,Derius Davis,WR,LAC,1.61,,,5
2026,3,11034,,Jalen Brooks,WR,ARI,0.36,,,4
2026,3,11563,,Bo Nix,QB,DEN,18.14,,,1
2026,3,11592,,Erick All,TE,CIN,2.93,,,2
2026,3,11596,,Ben Sinnott,TE,WAS,2.29,,,3
2026,3,11626,,Xavier Legette,WR,CAR,4.29,,,3
2026,3,11635,,Ladd McConkey,WR,LAC,13.87,,,1
2026,3,11637,,Keon Coleman,WR,BUF,7.0,,,3
2026,3,11643,,Jaylen Wright,RB,MIA,1.52,Questionable,,2
2026,3,11646,,Jalen Coker,WR,CAR,15.08,,,2
2026,3,11651,,Isaac Guerendo,RB,SF,,PUP,,6
2026,3,11655,,Tyrone Tracy,RB,NYG,0.8,,,2
2026,3,12171,,British Brooks,RB,HOU,0.18,,,4
2026,3,12455,,Brashard Smith,RB,KC,0.64,,,3
2026,3,12483,,Jack Bech,WR,LV,5.09,,,4
2026,3,12492,,Pat Bryant,WR,DEN,7.77,,,4
2026,3,12512,,Quinshon Judkins,RB,CLE,11.97,,,1
2026,3,12527,,Ashton Jeanty,RB,LV,14.34,,,1
2026,3,12536,,Jaylin Noel,WR,HOU,3.85,,,3
2026,3,12543,,Tahj Brooks,RB,CIN,0.52,,,3
2026,3,13277,,CJ Donaldson,RB,NO,1.53,,,7
2026,3,13287,,Jeremiyah Love,RB,ARI,15.18,,,1
2026,3,13380,,Brenen Thompson,WR,LAC,2.13,,,4
2026,3,13394,,Josh Cameron,WR,JAX,2.39,,,6
2026,3,13405,,Kaytron Allen,RB,WAS,2.0,,,3
2026,3,13433,,Riley Nowakowski,TE,PIT,0.21,,,3
2026,3,13434,,Will Kacmarek,TE,MIA,3.09,,,2
2026,3,13477,,Colbie Young,WR,CIN,0.88,,,4
2026,3,1466,00-0030506,Travis Kelce,TE,KC,12.16,,,1
2026,3,2078,00-0031235,Odell Beckham,WR,NYG,2.11,,,4
2026,3,2133,00-0031381,Davante Adams,WR,LAR,10.58,,,1
2026,3,2505,00-0031610,Darren Waller,TE,CAR,8.15,,,1
2026,3,3048,00-0031484,Chris Manhertz,TE,NYG,0.33,,,3
2026,3,3214,00-0033090,Hunter Henry,TE,NE,10.54,,,1
2026,3,3271,00-0033110,Tyler Higbee,TE,LAR,1.63,,,3
2026,3,4017,00-0033537,Deshaun Watson,QB,CLE,12.94,,,1
2026,3,4035,00-0033906,Alvin Kamara,RB,NO,7.28,,,2
2026,3,4066,00-0033881,Evan Engram,TE,DEN,5.5,,,1
2026,3,4217,00-0033288,George Kittle,TE,SF,12.52,,,1
2026,3,4993,00-0034829,Mike Gesicki,TE,CIN,6.69,,,1
2026,3,5857, 00-0035644,Noah Fant,TE,NO,3.08,,,2
2026,3,5870, 00-0035710,Daniel Jones,QB,IND,14.44,,,1
2026,3,6588, 00-0035544,Tom Kennedy,WR,DET,0.54,,,4
2026,3,6813,,Jonathan Taylor,RB,IND,20.24,,,1
2026,3,6869,,Adam Trautman,TE,DEN,2.03,,,2
2026,3,7204,,Reggie Gilliam,RB,NE,0.27,,,3
2026,3,7523,,Trevor Lawrence,QB,JAX,20.58,,,1
2026,3,7567,,Kenny Gainwell,RB,TB,7.44,,,2
2026,3,7828,,Noah Gray,TE,KC,3.53,,,2
2026,3,8136,,Rachaad White,RB,WAS,6.61,,,2
2026,3,8138,,James Cook,RB,BUF,16.21,,,1
2026,3,8142,,Alec Pierce,WR,IND,5.42,Out,,1
2026,3,8144,,Chris Olave,WR,NO,16.74,,,1
2026,3,8146,,Garrett Wilson,WR,NYJ,14.85,,,1
2026,3,8147,,John Metchie,WR,CAR,0.15,,,6
2026,3,8150,,Kyren Williams,RB,LAR,13.72,,,1
2026,3,8151,,Kenneth Walker,RB,KC,19.52,,,1
2026,3,8207,,Tyler Goodson,RB,DAL,0.7,Out,,3
2026,3,8228,,Jaylen Warren,RB,PIT,13.43,,,1
2026,3,8254,,Julius Chestnut,RB,TEN,0.31,,,5
2026,3,9224,,Chase Brown,RB,CIN,16.14,,,1
2026,3,9480,,Brenton Strange,TE,JAX,9.37,,,1
2026,3,9501,,DeMario Douglas,WR,NE,7.43,,,2
2026,3,9511,,Keaton Mitchell,RB,LAC,7.15,,,2
2026,3,9757,,Kendre Miller,RB,NO,,Out,,3
2026,3,10229,,Rashee Rice,WR,KC,12.58,,,1
2026,3,10232,,Michael Wilson,WR,ARI,12.28,,,2
2026,3,11157,,Brycen Tremayne,WR,CAR,1.09,,,5
2026,3,11435,,Emanuel Wilson,RB,SEA,1.83,,,2
2026,3,11570,,Rasheen Ali,RB,BAL,0.31,,,3
2026,3,11575,,Ray Davis,RB,BUF,2.98,,,3
2026,3,11586,,Blake Corum,RB,LAR,8.19,,,2
2026,3,11593,,Brevyn Spann-Ford,TE,DAL,1.18,,,4
2026,3,11608,,Isaiah Williams,WR,NYJ,5.0,,,3
2026,3,11616,,Jacob Cowing,WR,SF,2.8,,,7
2026,3,11617,,Malachi Corley,WR,CLE,0.22,,,5
2026,3,11627,,Troy Franklin,WR,DEN,1.63,,,3
2026,3,11629,,Devontez Walker,WR,BAL,2.51,,,3
2026,3,11631,,Brian Thomas,WR,JAX,9.22,,,1
2026,3,11834,,Devaughn Vele,WR,NO,9.55,,,2
2026,3,11994,,Kameron Johnson,WR,TB,0.46,,,7
2026,3,12467,,Jordan James,RB,SF,0.68,,,3
2026,3,12481,,Cam Skattebo,RB,NYG,14.76,,,1
2026,3,12487,,Terrance Ferguson,TE,LAR,3.59,,,1
2026,3,12503,,Isaiah Bond,WR,CLE,1.92,,,4
2026,3,12506,,Harold Fannin,TE,CLE,9.0,,,1
2026,3,12539,,Arian Smith,WR,NYJ,0.33,,,4
2026,3,12540,,Chimere Dike,WR,TEN,2.07,,,5
2026,3,12547,,Kyle Williams,WR,NE,3.23,,,4
2026,3,12718,,Konata Mumpfield,WR,LAR,1.84,,,3
2026,3,13300,,Le'Veon Moss,RB,,0.0,NA,,
2026,3,13301,,Antonio Williams,WR,WAS,4.28,,,3
2026,3,13311,,Chris Bell,WR,MIA,3.1,,,4
2026,3,13319,,Oscar Delp,TE,NO,1.83,,,3
2026,3,13402,,Skyler Bell,WR,BUF,0.27,Out,,5
2026,3,13580,,Carsen Ryan,TE,CLE,0.2,,,5
2026,3,2216,00-0031408,Mike Evans,WR,SF,13.63,Questionable,,1
2026,3,2307,00-0032268,Marcus Mariota,QB,WAS,13.86,,,2
2026,3,2359,00-0032104,Ameer Abdullah,RB,JAX,1.95,,,5
2026,3,4046,00-0033873,Patrick Mahomes,QB,KC,20.96,,,1
2026,3,4602,00-0033757,Robert Tonyan,TE,PIT,0.08,,,3
2026,3,4892,00-0034855,Baker Mayfield,QB,TB,15.51,,,1
2026,3,4984,00-0034857,Josh Allen,QB,BUF,21.91,,,1
2026,3,5045,00-0034348,Courtland Sutton,WR,DEN,10.74,,,2
2026,3,5892, 00-0035685,David Montgomery,RB,HOU,14.8,,,1
2026,3,5927, 00-0035659,Terry McLaurin,WR,WAS,10.42,,,1
2026,3,5938, 00-0035406,Lil'Jordan Humphrey,WR,DEN,1.72,,,7
2026,3,5985, 00-0034981,Foster Moreau,TE,HOU,3.2,,,4
2026,3,6797,,Justin Herbert,QB,LAC,17.34,,,1
2026,3,6801,,Tee Higgins,WR,CIN,14.64,,,2
2026,3,6806,,J.K. Dobbins,RB,DEN,6.42,Questionable,,1
2026,3,6819,,Michael Pittman,WR,PIT,9.17,Out,,2
2026,3,7090,,Darnell Mooney,WR,NYG,4.5,,,3
2026,3,7526,,Jaylen Waddle,WR,DEN,13.92,,,1
2026,3,7670,,Joshua Palmer,WR,BUF,1.88,,,4
2026,3,8121,,Romeo Doubs,WR,NE,8.96,,,1
2026,3,8130,,Trey McBride,TE,ARI,17.33,,,1
2026,3,8134,,Khalil Shakir,WR,BUF,10.22,,,2
2026,3,8145,,Jeremy Ruckert,TE,NYJ,0.93,,,3
2026,3,8172,,Greg Dulcich,TE,MIA,5.93,,,1
2026,3,8181,,Connor Heyward,RB,LV,0.88,,,3
2026,3,8219,,Jelani Woods,TE,NYJ,0.31,,,4
2026,3,8489,,Drew Ogletree,TE,IND,0.41,,,3
2026,3,9221,,Jahmyr Gibbs,RB,DET,23.4,,,1
2026,3,9228,,Bryce Young,QB,CAR,17.54,,,1
2026,3,9500,,Josh Downs,WR,IND,11.17,,,2
2026,3,9508,,Tyjae Spears,RB,TEN,8.78,,,2
2026,3,9756,,Jordan Addison,WR,MIN,9.3,,,2
2026,3,10218,,Xavier Hutchinson,WR,HOU,5.35,,,4
2026,3,10219,,Chris Rodriguez,RB,JAX,5.89,,,2
2026,3,10227,,Payne Durham,TE,TB,0.19,,,2
2026,3,11056,,Jared Wayne,WR,HOU,1.09,,,
2026,3,11168,,Xavier Smith,WR,LAR,1.13,,,4
2026,3,11237,,Jacob Saylors,RB,DET,1.25,,,2
2026,3,11439,,Jaleel McLaughlin,RB,CLE,1.84,,,5
2026,3,11571,,Isaiah Davis,RB,NYJ,2.44,,,3
2026,3,11574,,Dylan Laube,RB,LV,0.4,,,4
2026,3,11597,,Theo Johnson,TE,NYG,3.61,,,2
2026,3,11603,,AJ Barner,TE,SEA,8.63,,,1
2026,3,11624,,Xavier Worthy,WR,KC,10.67,,,2
2026,3,11625,,Adonai Mitchell,WR,NYJ,9.14,,,2
2026,3,11628,,Marvin Harrison,WR,ARI,7.0,,,1
2026,3,12474,,Woody Marks,RB,HOU,6.84,,,2
2026,3,12485,,Tez Johnson,WR,TB,1.99,,,5
2026,3,12489,,RJ Harvey,RB,DEN,8.18,Out,,2
2026,3,12495,,Ollie Gordon,RB,MIA,2.13,,,3
2026,3,12496,,Tai Felton,WR,MIN,1.89,,,4
2026,3,12499,,Elic Ayomanor,WR,TEN,4.92,,,4
2026,3,12507,,Omarion Hampton,RB,LAC,15.19,,,1
2026,3,12509,,Tre' Harris,WR,LAC,7.16,,,3
2026,3,12518,,Tyler Warren,TE,IND,10.28,,,1
2026,3,12542,,Efton Chism,WR,NE,1.28,,,5
2026,3,12634,,Jordan Watkins,WR,SF,2.21,Out,,9
2026,3,12699,,LaJohntay Wester,WR,BAL,2.31,,,6
2026,3,13268,,Elijah Sarratt,WR,BAL,0.17,,,4
2026,3,13285,,Malachi Fields,WR,NYG,6.58,,,2
2026,3,13286,,Jadarian Price,RB,SEA,11.38,Questionable,,1
2026,3,13288,,Nicholas Singleton,RB,TEN,1.89,,,3
2026,3,13333,,Deion Burks,WR,IND,0.65,,,10
2026,3,13345,,Jonah Coleman,RB,DEN,7.6,,,3
2026,3,13347,,Demond Claiborne,RB,MIN,2.54,,,2
2026,3,13429,,Seydou Traore,TE,MIA,0.49,,,3
2026,3,13533,,Barion Brown,WR,NO,1.96,,,5
2026,3,1373,00-0030565,Geno Smith,QB,NYJ,15.66,,,1
2026,3,3163,00-0033106,Jared Goff,QB,DET,19.79,,,1
2026,3,3269,00-0032398,Chris Moore,WR,BAL,2.17,,,5
2026,3,4037,00-0033921,Chris Godwin,WR,TB,9.84,,,2
2026,3,4039,00-0033908,Cooper Kupp,WR,SEA,6.81,,,3
2026,3,4054,00-0033217,Mo Alie-Cox,TE,IND,1.12,,,2
2026,3,5001,00-0034383,Dalton Schultz,TE,HOU,10.56,,,1
2026,3,5008,00-0034798,Durham Smythe,TE,BAL,2.57,,,2
2026,3,5854, 00-0035704,Drew Lock,QB,SEA,16.78,,,2
2026,3,5947, 00-0034960,Jakobi Meyers,WR,JAX,8.52,,,3
2026,3,5967, 00-0035261,Tony Pollard,RB,TEN,11.45,,,1
2026,3,6039, 00-0035537,Ty Johnson,RB,BUF,2.41,Out,,2
2026,3,6130, 00-0035250,Devin Singletary,RB,NYG,5.33,,,4
2026,3,6931,,DeeJay Dallas,RB,MIN,3.91,,,4
2026,3,7002,,Juwan Johnson,TE,NO,9.89,,,1
2026,3,7039,,Cody White,WR,LV,1.23,,,
2026,3,7562,,Tutu Atwell,WR,LAR,0.82,,,2
2026,3,7587,,Dyami Brown,WR,WAS,2.12,,,5
2026,3,7594,,Chuba Hubbard,RB,CAR,14.49,,,1
2026,3,7600,,Pat Freiermuth,TE,PIT,8.68,,,1
2026,3,7602,,Kylen Granson,TE,TEN,0.17,Out,,3
2026,3,7611,,Rhamondre Stevenson,RB,NE,11.02,,,2
2026,3,7694,,Tommy Tremble,TE,CAR,3.0,,,2
2026,3,7720,,Kene Nwangwu,RB,NYJ,0.11,Out,,5
2026,3,8110,,Jake Ferguson,TE,DAL,8.78,,,1
2026,3,8111,,Cade Otton,TE,TB,7.47,,,1
2026,3,8131,,Isaiah Likely,TE,NYG,10.46,,,1
2026,3,8148,,Jameson Williams,WR,DET,12.81,,,2
2026,3,8210,,Chig Okonkwo,TE,WAS,5.18,Out,,1
2026,3,9494,,Marvin Mims,WR,DEN,2.16,Out,,5
2026,3,9506,,Sean Tucker,RB,TB,0.39,,,3
2026,3,9758,,C.J. Stroud,QB,HOU,16.0,,,1
2026,3,10859,,Sam LaPorta,TE,DET,12.15,,,1
2026,3,11199,,Emari Demercado,RB,DAL,3.87,,,6
2026,3,11433,,Nate Adkins,TE,DEN,1.71,,,3
2026,3,11584,,Bucky Irving,RB,TB,12.76,,,1
2026,3,11650,,Luke McCaffrey,WR,WAS,,Out,,4
2026,3,12493,,Oronde Gadsden,TE,LAC,8.85,,,1
2026,3,12497,,Tory Horton,WR,SEA,3.68,,,4
2026,3,12502,,Gunnar Helm,TE,TEN,7.98,,,1
2026,3,12522,,Cam Ward,QB,TEN,14.45,,,1
2026,3,13075,,Myles Price,WR,MIN,0.11,,,6
2026,3,13279,,Carnell Tate,WR,TEN,10.0,,,1
2026,3,13282,,Jack Endries,TE,CIN,0.13,,,4
2026,3,13298,,KC Concepcion,WR,CLE,9.15,,,2
2026,3,13299,,Nate Boerkircher,TE,JAX,1.51,,,2
2026,3,13308,,Bauer Sharp,TE,TB,0.1,,,5
2026,3,13338,,Kevin Coleman,WR,MIA,2.1,,,5
2026,3,13420,,Bryce Lance,WR,NO,1.79,,,3
2026,3,13421,,Eli Raridon,TE,NE,1.85,Questionable,,2
2026,3,13423,,Eli Heidenreich,RB,PIT,0.26,,,4
2026,3,13491,,Kaden Wetjen,WR,PIT,0.15,,,6
2026,3,2449,00-0031588,Stefon Diggs,WR,WAS,9.81,,,2
2026,3,3155,00-0032951,Laquon Treadwell,WR,IND,2.76,,,6
2026,3,3257,00-0033119,Jacoby Brissett,QB,ARI,16.33,,,1
2026,3,3294,00-0033077,Dak Prescott,QB,DAL,17.42,,,1
2026,3,4034,00-0033280,Christian McCaffrey,RB,SF,19.92,,,1
2026,3,4189,00-0033576,Eric Saubert,TE,SEA,0.47,,,3
2026,3,421,00-0026498,Matthew Stafford,QB,LAR,16.03,,,1
2026,3,4454,00-0033307,Kendrick Bourne,WR,ARI,5.69,,,3
2026,3,4881,00-0034796,Lamar Jackson,QB,BAL,24.49,,,1
2026,3,4981,00-0034837,Calvin Ridley,WR,TEN,5.73,,,3
2026,3,4983,00-0034827,DJ Moore,WR,BUF,11.53,Out,,1
2026,3,4995,00-0034365,Ian Thomas,TE,LV,0.52,,,3
2026,3,5133,00-0034439,Tyler Conklin,TE,DET,0.36,,,3
2026,3,5846, 00-0035640,DK Metcalf,WR,PIT,11.0,,,1
2026,3,5849, 00-0035228,Kyler Murray,QB,MIN,17.69,Out,,1
2026,3,5872, 00-0035719,Deebo Samuel,WR,SF,11.46,,,2
2026,3,5906, 00-0035689,Dawson Knox,TE,BUF,4.06,,,2
2026,3,6828,,AJ Dillon,RB,CAR,4.44,,,3
2026,3,6847,,Devin Duvernay,WR,ARI,0.21,,,6
2026,3,6865,,Colby Parkinson,TE,LAR,5.0,,,2
2026,3,7547,,Amon-Ra St. Brown,WR,DET,19.88,,,1
2026,3,7842,,Luke Farrell,TE,SF,2.03,,,2
2026,3,8126,,Wan'Dale Robinson,WR,TEN,9.43,,,2
2026,3,8132,,Tyler Allgeier,RB,ARI,7.43,,,2
2026,3,8137,,George Pickens,WR,DAL,14.23,,,2
2026,3,8155,,Breece Hall,RB,NYJ,15.43,,,1
2026,3,8527,,Dareke Young,WR,LV,0.47,Questionable,,7
2026,3,9226,,De'Von Achane,RB,MIA,16.87,,,1
2026,3,10213,,Tre Tucker,WR,LV,8.89,,,1
2026,3,10231,,Elijah Higgins,TE,ARI,1.84,,,2
2026,3,10236,,Dalton Kincaid,TE,BUF,12.71,,,1
2026,3,10871,,Luke Schoonmaker,TE,DAL,1.52,,,3
2026,3,11320,,Nikko Remigio,WR,KC,0.17,,,6
2026,3,11599,,Cade Stover,TE,HOU,0.89,,,2
2026,3,11618,,Jalen McMillan,WR,TB,3.67,,,3
2026,3,11630,,Roman Wilson,WR,PIT,5.52,,,4
2026,3,1166,00-0029604,Kirk Cousins,QB,LV,15.18,,,2
2026,3,12472,,Raheim Sanders,RB,CLE,5.84,,,2
2026,3,12473,,Mitchell Evans,TE,CAR,1.62,,,4
2026,3,12490,,Bhayshul Tuten,RB,JAX,11.76,,,1
2026,3,12498,,Mason Taylor,TE,NYJ,3.47,Questionable,,2
2026,3,12505,,Jalen Royals,WR,KC,1.89,,,5
2026,3,12514,,Emeka Egbuka,WR,TB,9.93,,,1
2026,3,12521,,Elijah Arroyo,TE,SEA,3.2,,,2
2026,3,12529,,TreVeyon Henderson,RB,NE,13.45,,,1
2026,3,12544,,LeQuint Allen,RB,JAX,1.83,,,3
2026,3,12545,,Tyler Shough,QB,NO,16.02,,,1
2026,3,12641,,Jaylin Lane,WR,WAS,0.58,,,7
2026,3,12817,,Jake Briningstool,TE,KC,0.83,,,5
2026,3,13264,,Dohnte Meyers,WR,CIN,0.54,,,8
2026,3,13297,,Reggie Virgil,WR,ARI,0.38,Out,,5
2026,3,13307,,Marlin Klein,TE,HOU,1.83,,,3
2026,3,13324,,Matt Hibner,TE,BAL,2.08,,,3
2026,3,13329,,Malik Benson,WR,LV,0.99,,,3
2026,3,13400,,Justin Joly,TE,MIA,0.51,Out,,6
2026,3,13408,,Tanner Koziol,TE,JAX,1.29,Out,,3
2026,3,13414,,Kaelon Black,RB,SF,5.18,,,2
2026,3,13424,,Seth McGowan,RB,IND,1.59,,,3
2026,3,13577,,Dallen Bentley,TE,DEN,0.24,Out,,4
2026,3,4177,00-0033555,Mack Hollins,WR,NE,8.11,,,3
2026,3,5012,00-0034753,Mark Andrews,TE,BAL,11.65,,,1
2026,3,5995, 00-0034975,Justice Hill,RB,BAL,6.86,,,2
2026,3,6001, 00-0035631,Drew Sample,TE,CIN,2.75,,,3
2026,3,6427, 00-0035021,Ashton Dulin,WR,IND,1.42,Out,,4
2026,3,6786,,CeeDee Lamb,WR,DAL,16.41,,,1
2026,3,6794,,Justin Jefferson,WR,MIN,16.9,,,1
2026,3,7528,,Najee Harris,RB,NYG,3.83,,,3
2026,3,7536,,Quintin Morris,TE,JAX,0.51,,,4
2026,3,7543,,Travis Etienne,RB,NO,10.2,,,1
2026,3,7564,,Ja'Marr Chase,WR,CIN,18.1,,,1
2026,3,7569,,Nico Collins,WR,HOU,14.93,Out,,1
2026,3,7571,,Rashod Bateman,WR,BAL,10.09,,,2
2026,3,7588,,Javonte Williams,RB,DAL,15.5,,,1
2026,3,7595,,Tylan Wallace,WR,CLE,0.72,,,6
2026,3,7716,,John Bates,TE,WAS,1.68,,,2
2026,3,8117,,Jalen Tolbert,WR,MIA,0.87,Out,,3
2026,3,8161,,Malik Willis,QB,MIA,16.42,,,1
2026,3,8183,,Brock Purdy,QB,SF,21.31,,,1
2026,3,8208,,Tyler Badie,RB,DEN,2.03,,,5
2026,3,9479,,Darnell Washington,TE,PIT,3.62,,,2
2026,3,9754,,Quentin Johnston,WR,LAC,8.93,,,2
2026,3,9997,,Zay Flowers,WR,BAL,16.58,Out,,1
2026,3,10210,,Cameron Latu,TE,NE,0.22,,,3
2026,3,11201,,Blake Whiteheart,TE,CLE,2.16,,,2
2026,3,11564,,Drake Maye,QB,NE,18.87,,,1
2026,3,11576,,Braelon Allen,RB,NYJ,6.27,,,2
2026,3,11583,,Jonathon Brooks,RB,CAR,,Questionable,,2
2026,3,11604,,Brock Bowers,TE,LV,13.68,Out,,1
2026,3,11610,,Malik Washington,WR,MIA,9.79,,,1
2026,3,11632,,Malik Nabers,WR,NYG,14.5,Questionable,,1
2026,3,11647,,Kimani Vidal,RB,LAC,0.93,,,3
2026,3,11729,,Sione Vaki,RB,DET,2.12,,,4
2026,3,11783,,Ryan Flournoy,WR,DAL,7.43,,,3
2026,3,12048,,George Holani,RB,SEA,7.45,,,3
2026,3,12471,,DJ Giddens,RB,IND,0.43,Out,,2
2026,3,12491,,Corey Kiner,RB,NE,0.57,,,4
2026,3,12526,,Tetairoa McMillan,WR,CAR,14.45,,,1
2026,3,12533,,Jacory Croskey-Merritt,RB,WAS,10.64,,,1
2026,3,12535,,Isaac TeSlaa,WR,DET,4.51,,,3
2026,3,12658,,Jackson Hawes,TE,BUF,1.16,,,3
2026,3,13273,,Josh Cuevas,TE,BAL,1.0,,,4
2026,3,13274,,Germie Bernard,WR,PIT,4.11,,,3
2026,3,13278,,Max Klare,TE,LAR,0.96,,,5
2026,3,13296,,Caleb Douglas,WR,MIA,7.24,Questionable,,2
2026,3,13305,,Mike Washington,RB,LV,3.19,,,2
2026,3,13317,,Ted Hurst,WR,TB,6.1,,,4
2026,3,13330,,Kenyon Sadiq,TE,NYJ,5.15,,,1
2026,3,13337,,Emmett Johnson,RB,KC,4.63,,,2
2026,3,13346,,Denzel Boston,WR,CLE,9.62,,,3
2026,3,13413,,Cyrus Allen,WR,KC,0.69,,,4
2026,3,13516,,Max Bredeson,RB,MIN,0.11,,,3
2026,3,1479,00-0030279,Keenan Allen,WR,IND,7.51,,,3
2026,3,2306,00-0031503,Jameis Winston,QB,NYG,16.0,,,2
2026,3,3198,00-0032764,Derrick Henry,RB,BAL,19.26,,,1
2026,3,4147,00-0033526,Samaje Perine,RB,CIN,5.18,,,2
2026,3,4199,00-0033293,Aaron Jones,RB,MIN,12.84,Questionable,,1
2026,3,5844, 00-0035229,T.J. Hockenson,TE,MIN,8.87,,,1
2026,3,5973, 00-0035249,Josh Oliver,TE,MIN,2.5,,,2
2026,3,6012, 00-0035594,Travis Homer,RB,PIT,0.57,,,
2026,3,6770,,Joe Burrow,QB,CIN,18.94,,,1
2026,3,6783,,Jerry Jeudy,WR,CLE,6.69,,,1
2026,3,7021,,Rico Dowdle,RB,PIT,12.32,Out,,2
2026,3,7049,,Jauan Jennings,WR,MIN,7.04,Out,,3
2026,3,7531,,Feleipe Franks,TE,CAR,0.08,,,5
2026,3,7568,,Brevin Jordan,TE,HOU,0.44,Out,,5
2026,3,7757,,Ben Skowronek,WR,PIT,0.22,,,5
2026,3,7891,,Brock Wright,TE,DET,1.83,,,2
2026,3,8135,,Treylon Burks,WR,WAS,0.38,,,6
2026,3,8180,,Jalen Nailor,WR,LV,6.69,,,2
2026,3,8188,,Tyquan Thornton,WR,KC,7.08,,,3
2026,3,8195,,Ronnie Rivers,RB,LAR,0.16,Out,,4
2026,3,8225,,Daniel Bellinger,TE,TEN,2.25,,,2
2026,3,8250,,Tay Martin,WR,DET,0.81,,,5
2026,3,8484,,Ko Kieft,TE,TB,0.04,,,3
2026,3,8676,,Rashid Shaheed,WR,SEA,8.65,,,2
2026,3,8917,,KaVontae Turpin,WR,DAL,2.84,,,4
2026,3,9482,,Michael Mayer,TE,LV,4.52,,,2
2026,3,9487,,Parker Washington,WR,JAX,15.59,,,2
2026,3,9488,,Jaxon Smith-Njigba,WR,SEA,22.56,,,1
2026,3,9504,,Kayshon Boutte,WR,HOU,7.56,,,2
2026,3,96,00-0023459,Aaron Rodgers,QB,PIT,14.44,,,1
2026,3,10235,,Roschon Johnson,RB,CHI,0.22,,,4
2026,3,11256,,Tyson Bagent,QB,CHI,11.9,,,2
2026,3,11304,,E.J. Jenkins,TE,PHI,1.6,,,6
2026,3,12517,,Colston Loveland,TE,CHI,10.05,,,1
2026,3,13411,,Zavion Thomas,WR,CHI,0.25,,,3
2026,3,5848, 00-0035662,Marquise Brown,WR,PHI,0.58,,,4
2026,3,6790,,D'Andre Swift,RB,CHI,13.13,,,1
2026,3,7525,,DeVonta Smith,WR,PHI,16.4,,,1
2026,3,9225,,Tank Bigsby,RB,PHI,3.96,,,2
2026,3,11577,,Will Shipley,RB,PHI,2.64,,,3
2026,3,13294,,Makai Lemon,WR,PHI,7.69,,,2
2026,3,11620,,Rome Odunze,WR,CHI,9.12,,,1
2026,3,12519,,Luther Burden,WR,CHI,10.62,,,2
2026,3,13322,,Sam Roush,TE,CHI,2.05,,,3
2026,3,3634,00-0032464,Kalif Raymond,WR,CHI,6.93,,,5
2026,3,4314,00-0033246,Johnny Mundt,TE,PHI,2.56,,,2
2026,3,9486,,Dontayvion Wicks,WR,PHI,9.7,,,3
2026,3,13079,,Jahdae Walker,WR,CHI,1.86,,,4
2026,3,13150,,Darius Cooper,WR,PHI,2.72,,,5
2026,3,7596,,Elijah Moore,WR,PHI,0.27,Out,,6
2026,3,4866,00-0034844,Saquon Barkley,RB,PHI,16.1,Questionable,,1
2026,3,6826,,Cole Kmet,TE,CHI,3.64,,,2
2026,3,12534,,Kyle Monangai,RB,CHI,6.91,,,2
2026,3,6904,,Jalen Hurts,QB,PHI,19.74,,,1
2026,3,8414,,Britain Covey,WR,PHI,0.15,,,7
2026,3,6462, 00-0035057,Ellis Richardson,TE,,,,,
2026,3,7926,,Carl Tucker,TE,,,,,
2026,3,1408,00-0030496,Le'Veon Bell,RB,,,,,
2026,3,8074,,Matt Seybert,TE,,,,,
2026,3,13175,,Kinkead Dent,QB,,,,,
2026,3,2801,00-0031511,DeAndrew White,WR,,,,,
2026,3,7918,,A.J. Rose,RB,,,,,
2026,3,5428,,Ricky Jeune,WR,,,,,
2026,3,13221,,Brett Gabbert,QB,,,,,
2026,3,11522,,Jerome Kapp,WR,,,,,
2026,3,2474,00-0031598,Nick Boyle,TE,,,,,
2026,3,8809,,Aaron Shampklin,RB,,,,,
2026,3,3342,00-0032791,Jakeem Grant,WR,,,,,
2026,3,1684,00-0030300,Jaron Brown,WR,,,,,
2026,3,6918,,Salvon Ahmed,RB,CHI,,,,
2026,3,6137, 00-0035308,Tommy Sweeney,TE,,,,,
2026,3,3561,00-0032583,Bryce Williams,TE,,,,,
2026,3,5038,00-0034764,Michael Gallup,WR,,,,,
2026,3,2023,00-0031060,De'Anthony Thomas,WR,,,,,
2026,3,11649,,Kendall Milton,RB,CIN,,,,
2026,3,13600,,Tyren Montgomery,WR,TEN,,,,
2026,3,5965, 00-0035703,Miles Boykin,WR,,,,,
2026,3,13064,,Dorian Singer,WR,,,,,
2026,3,4992,00-0034860,Dante Pettis,WR,,,,,
2026,3,11155,,Christian Sims,TE,,,,,
2026,3,4828,00-0034034,Rashard Davis,WR,,,,,
2026,3,4396,00-0033407,Drew Morgan,WR,,,,,
2026,3,4038,00-0033460,John Ross,WR,,,,,
2026,3,11282,,Johnny King,WR,,,,,
2026,3,3730,00-0032728,Tevin Jones,WR,,,,,
2026,3,13302,,Adam Randall,RB,BAL,,IR,,5
2026,3,5718,00-0034725,Ryan Yurachek,TE,,,,,
2026,3,3916,,David Watford,WR,,,,,
2026,3,5530,,Evan Berry,WR,,,,,
2026,3,11445,,Taylor Grimes,WR,,,,,
2026,3,5619,00-0034654,Dalyn Dawkins,RB,,,,,
2026,3,5122,00-0034414,Boston Scott,RB,,,,,
2026,3,13295,,Behren Morton,QB,NE,,Out,,2
2026,3,2320,00-0032144,Melvin Gordon,RB,,,,,
2026,3,1895,00-0031288,AJ McCarron,QB,,,,,
2026,3,11906,,Ty James,WR,,,,,
2026,3,12028,,TaMerik Williams,RB,,,,,
2026,3,3488,00-0032577,D.J. Foster,RB,,,,,
2026,3,13323,,Rahsul Faison,RB,,,,,
2026,3,12244,,DeAngelo Hardy,WR,,,,,
2026,3,1387,00-0030288,Rex Burkhead,RB,,,,,
2026,3,5143,,Demario Richard,RB,,,,,
2026,3,8410,,Jequez Ezzard,WR,,,,,
2026,3,2025,00-0030669,Albert Wilson,WR,,,,,
2026,3,12300,,Joshua Lingenfelter,TE,,,,,
2026,3,19,00-0026158,Joe Flacco,QB,CIN,,,,2
2026,3,13352,,Lincoln Pare,RB,,,Questionable,,
2026,3,12967,,Jacolby George,WR,,,,,
2026,3,14017,,Brett Weaver,TE,,,,,
2026,3,13228,,Ife Adeyi,WR,,,,,
2026,3,6459, 00-0035114,Sean Modster,WR,,,,,
2026,3,12264,,Cole Beck,WR,,,,,
2026,3,801,00-0028112,Charles Clay,TE,,,,,
2026,3,6374, 00-0035484,Drew Belcher,TE,,,,,
2026,3,7944,,Michael Strachan,WR,,,,,
2026,3,1550,00-0029857,Ryan Griffin,QB,,,,,
2026,3,13108,,Julian Fleming,WR,,,,,
2026,3,3423,00-0032688,Robbie Chosen,WR,,,,,
2026,3,12121,,Deshaun Fenwick,RB,,,,,
2026,3,3496,00-0032725,Stephen Anderson,TE,,,,,
2026,3,4813,00-0034025,Marvin Bracy,WR,,,,,
2026,3,1800,00-0031299,Jordan Matthews,TE,,,,,
2026,3,5100,00-0034400,Jordan Wilkins,RB,,,,,
2026,3,7938,,Hunter Kampmoyer,TE,,,,,
2026,3,12848,,Josh Kelly,WR,HOU,,,,
2026,3,8698,,Jake Tonges,TE,SF,,IR,,4
2026,3,3453,00-0032377,Josh Ferguson,RB,,,,,
2026,3,4385,,Kalif Phillips,RB,,,,,
2026,3,7013,,Steven Montez,QB,,,,,
2026,3,7862,,T.J. Vasher,WR,,,,,
2026,3,10233,,Max Duggan,QB,,,,,
2026,3,1517,00-0030107,Theo Riddick,RB,,,,,
2026,3,6279, 00-0035102,Brandon Dillon,TE,,,,,
2026,3,6501, 00-0035009,C.J. Conrad,TE,,,,,
2026,3,5776,00-0034861,Mark Chapman,WR,,,,,
2026,3,2948,,Brandon Cottom,RB,,,,,
2026,3,12971,,Ke'Shawn Williams,WR,CIN,,,,7
2026,3,6381, 00-0035104,Alexander Hollins,WR,,,,,
2026,3,6016, 00-0035058,Dax Raymond,TE,PIT,,,,
2026,3,6908,,La'Mical Perine,RB,,,,,
2026,3,4569,00-0033655,Brian Brown,WR,,,,,
2026,3,5007,00-0034366,Keke Coutee,WR,,,,,
2026,3,8116,,Pierre Strong,RB,GB,,Questionable,,
2026,3,6823,,Jacob Eason,QB,,,,,
2026,3,3648,00-0032914,Matt Weiser,TE,,,,,
2026,3,7619,,Mathew Sexton,WR,,,,,
2026,3,7555,,Jamie Newman,QB,,,,,
2026,3,13409,,Donaven McCulley,WR,,,,,
2026,3,7585,,Davis Mills,QB,HOU,,,,2
2026,3,12399,,Caleb Chapman,WR,,,,,
2026,3,14076,,Justin Jones,RB,,,,,
2026,3,8931,,Josh Ali,WR,,,,,
2026,3,8633,,Stephon Robinson,WR,,,,,
2026,3,788,00-0028087,Dion Lewis,RB,,,,,
2026,3,8241,,Anthony Brown,QB,,,,,
2026,3,2936,,Rasheed Williams,RB,,,,,
2026,3,3211,00-0032417,Paul Perkins,RB,,,,,
2026,3,7593,,Trey Sermon,RB,ATL,,IR,,3
2026,3,6489,,Taryn Christion,QB,,,,,
2026,3,7614,,Darius Clark,RB,,,,,
2026,3,12832,,Blayne Taylor,WR,,,,,
2026,3,12809,,Mac Dalena,WR,,,,,
2026,3,6966,,Javon Leake,RB,,,,,
2026,3,4548,00-0033630,Joel Bouagnon,RB,,,,,
2026,3,12354,,Easton Dean,TE,,,,,
2026,3,3021,,Devin Gardner,WR,,,,,
2026,3,11579,,Audric Estime,RB,NO,,IR,,6
2026,3,4031,,Travis Wilson,TE,,,,,
2026,3,7274,,Tyler Simmons,WR,,,,,
2026,3,5359,00-0034524,Dorren Miller,WR,,,,,
2026,3,3609,,Chris King,WR,,,,,
2026,3,11636,,Johnny Wilson,WR,PHI,,IR,,9
2026,3,5398,00-0034137,Justin Crawford,RB,,,,,
2026,3,10861,,Xazavian Valladay,RB,,,,,
2026,3,4814,,De'Quan Hampton,WR,,,,,
2026,3,7397,,Parker Houston,TE,,,,,
2026,3,11557,,Joe Milton,QB,DAL,,,,
2026,3,5052,00-0034816,Ronald Jones,RB,,,,,
2026,3,4128,00-0033933,Chad Williams,WR,,,,,
2026,3,6626, 00-0035524,Isaac Zico,WR,,,,,
2026,3,13898,,Corey Rucker,WR,LV,,IR,,11
2026,3,13304,,O'Mega Blake,WR,,,,,
2026,3,3524,,Marquise Williams,QB,,,,,
2026,3,4421,00-0033387,Jacob Hollister,TE,,,,,
2026,3,12925,,Jamaal Pritchett,WR,NYJ,,,,
2026,3,6081, 00-0035603,Kendall Blanton,TE,,,,,
2026,3,4479,,Thomas Sperbeck,WR,,,,,
2026,3,3318,00-0032784,Kevin Hogan,QB,,,,,
2026,3,5269,00-0034735,Codey McElroy,TE,,,,,
2026,3,2553,00-0032072,Rory Anderson,TE,,,,,
2026,3,4585,,Anthony Nash,WR,,,,,
2026,3,11229,,Calvin Tyler,RB,,,,,
2026,3,89,00-0026197,Chad Henne,QB,,,,,
2026,3,13906,,Jaden Nixon,RB,,,,,
2026,3,2770,,Harold Spears,TE,,,,,
2026,3,13988,,Stone Eby,TE,,,,,
2026,3,7159,,Reid Sinnett,QB,,,,,
2026,3,9231,,Jaren Hall,QB,,,,,
2026,3,7262,,Jalen Morton,QB,IND,,,,
2026,3,8442,,Jarrett Guarantano,QB,,,,,
2026,3,8194,,Jashaun Corbin,RB,,,,,
2026,3,7863,,JaQuan Hardy,RB,,,,,
2026,3,5231,00-0034549,Cole Hunt,TE,,,,,
2026,3,7407,,Isaiah Wright,WR,,,,,
2026,3,5268,00-0034557,Ben Johnson,TE,,,,,
2026,3,6075, 00-0035562,Jesper Horsted,TE,,,,,
2026,3,4697,,Khalid Abdullah,RB,,,,,
2026,3,12831,,Tyler Kahmann,WR,,,,,
2026,3,12220,,Brevin Easton,WR,,,,,
2026,3,13418,,Robert Henry,RB,WAS,,,,
2026,3,5550,00-0034294,John David Moore,RB,,,,,
2026,3,7552,,Blake Proehl,WR,,,,,
2026,3,4733,00-0034010,Alex Gray,TE,,,,,
2026,3,3540,00-0033003,Jamaal Jones,WR,,,,,
2026,3,5024,00-0034676,James Washington,WR,,,,,
2026,3,13599,,Kyron Drones,QB,,,,,
2026,3,12413,,Hamze El-Zayat,WR,,,,,
2026,3,2304,00-0031462,Jerome Cunningham,TE,,,,,
2026,3,8070,,Travis Toivonen,WR,,,,,
2026,3,6519, 00-0035181,Darrius Shepherd,WR,,,,,
2026,3,11918,,Ahmarean Brown,WR,,,,,
2026,3,2565,,Jean Sifrin,TE,,,,,
2026,3,4943,00-0034869,Sam Darnold,QB,SEA,,Out,,1
2026,3,5809,00-0034900,Ja'Quan Gardner,RB,,,,,
2026,3,10228,,Charlie Jones,WR,NYG,,,,
2026,3,4026,00-0033899,DeShone Kizer,QB,,,,,
2026,3,1169, 00-0029665,Robert Griffin,QB,,,,,
2026,3,11598,,Tanner McLachlan,TE,,,Questionable,,
2026,3,11995,,Zack Annexstad,QB,,,,,
2026,3,11998,,Emani Bailey,RB,,,,,
2026,3,829,00-0027973,Andy Dalton,QB,PHI,,,,2
2026,3,7534,,Seth Williams,WR,,,,,
2026,3,2754,,Michael Johnson,WR,,,,,
2026,3,6388, 00-0035604,Romello Brooker,TE,,,,,
2026,3,2684,,Corbin Louks,WR,,,,,
2026,3,7905,,Dylan Soehner,TE,,,,,
2026,3,12284,,Michael Herzog,RB,,,,,
2026,3,11311,,Jason Brownlee,WR,,,,,
2026,3,4330,00-0033266,JoJo Natson,WR,,,,,
2026,3,6072,,Bruce Anderson,RB,,,,,
2026,3,12532,,Ja'Corey Brooks,WR,,,Questionable,,
2026,3,3278,00-0033111,Pharoh Cooper,WR,,,,,
2026,3,12981,,Gee Scott,TE,,,Questionable,,
2026,3,2581,,Jahwan Edwards,RB,,,,,
2026,3,4544,,Daikiel Shorts,WR,,,,,
2026,3,6196, 00-0035728,Christian Wade,RB,,,,,
2026,3,7794,,Chris Evans,RB,,,,,
2026,3,6323, 00-0034959,Andrew Beck,RB,NYJ,,,,4
2026,3,7606,,Kadarius Toney,WR,,,,,
2026,3,6927,,Quez Watkins,WR,,,,,
2026,3,3615,,Sione Houma,RB,,,,,
2026,3,2561,,Anthony Boone,QB,,,,,
2026,3,13246,,Jaden Smith,WR,,,,,
2026,3,2929,,Adrian Coxson,WR,,,,,
2026,3,6742,,Marquis Young,RB,,,,,
2026,3,8245,,Derrick Deese,TE,,,,,
2026,3,4061,00-0033550,Davis Webb,QB,,,,,
2026,3,13957,,Kenny Fletcher,TE,IND,,,,
2026,3,6970,,Stephen Sullivan,TE,,,,,
2026,3,8092,,Corey Taylor,RB,,,,,
2026,3,6259, 00-0035405,Darnell Holland,RB,,,,,
2026,3,12374,,Brenden Bates,TE,,,,,
2026,3,2957,,Ernst Brun,TE,,,,,
2026,3,13554,,CJ Williams,WR,JAX,,Out,,9
2026,3,12866,,Jalin Conyers,TE,,,,,
2026,3,6522,,T.J. Linta,QB,,,,,
2026,3,1911,00-0030663,Willie Snead,WR,,,,,
2026,3,1034,00-0029239,Brandon Bolden,RB,,,,,
2026,3,4798,,C.J. Germany,WR,,,,,
2026,3,13270,,CJ Daniels,WR,LAR,,Out,,9
2026,3,13805,,E.J. Williams,WR,CAR,,,,
2026,3,5808,00-0034897,Connor Jessop,QB,,,,,
2026,3,5242,00-0034133,Dontez Byrd,WR,,,,,
2026,3,5026,00-0034765,Tre'Quan Smith,WR,,,,,
2026,3,6045, 00-0035589,Gary Jennings,WR,LAC,,,,7
2026,3,4821,,Jamari Staples,WR,,,,,
2026,3,13608,,Jerand Bradley,WR,,,,,
2026,3,6395, 00-0034930,Trinity Benson,WR,,,,,
2026,3,11478,,Gavin Holmes,WR,,,,,
2026,3,8549,,Trevon Clark,WR,,,,,
2026,3,11266,,Thyrick Pitts,WR,,,,,
2026,3,7608,,Khalil Herbert,RB,ATL,,,,
2026,3,6402, 00-0034928,Steven Sims,WR,,,,,
2026,3,8213,,Dai'Jean Dixon,WR,,,,,
2026,3,11226,,Tyjon Lindsey,WR,,,,,
2026,3,1587,00-0030470,Vance McDonald,TE,,,,,
2026,3,7412,,Sandro Platzgummer,RB,,,,,
2026,3,7499,,Paul Quessenberry,TE,,,,,
2026,3,9510,,Lew Nichols,RB,PIT,,,,
2026,3,4949,00-0034358,Derrius Guice,RB,,,,,
2026,3,8115,,Jalen Wydermyer,TE,,,,,
2026,3,6248, 00-0035438,Trevion Thompson,WR,,,,,
2026,3,13047,,Jacardia Wright,RB,SEA,,,,
2026,3,4508,,Gabe Marks,WR,,,,,
2026,3,12820,,Landon Parker,WR,,,,,
2026,3,11505,,David Durden,WR,,,,,
2026,3,13318,,Noah Thomas,WR,CIN,,,,
2026,3,5911, 00-0034971,Jalen Hurd,WR,,,,,
2026,3,13939,,Gabriel Benyard,WR,,,,,
2026,3,2944,00-0031744,Matt LaCosse,TE,NE,,,,
2026,3,3036,00-0031788,Matt Lengel,TE,,,,,
2026,3,6343, 00-0035077,Manny Wilkins,QB,,,,,
2026,3,5132, 00-0034081,Steven Mitchell,WR,,,,,
2026,3,6993,,Dominick Wood-Anderson,TE,,,,,
2026,3,345,00-0026625,Brian Hoyer,QB,,,,,
2026,3,6820,,Clyde Edwards-Helaire,RB,,,,,
2026,3,7008,,Brian Lewerke,QB,,,,,
2026,3,14001,,Julius Davis,RB,,,,,
2026,3,5169,,Malik Earl,WR,,,,,
2026,3,11931,,Austin Reed,QB,,,,,
2026,3,7713,,Jaelon Darden,WR,,,,,
2026,3,12333,,Dakereon Joyner,WR,,,,,
2026,3,5092,00-0034393,Troy Fumagalli,TE,,,,,
2026,3,2197,00-0031236,Brandin Cooks,WR,,,,,
2026,3,1718,00-0029119,Derek Carrier,TE,,,,,
2026,3,6236, 00-0035212,Travon McMillian,RB,,,,,
2026,3,8905,,Travis Koontz,TE,,,,,
2026,3,12373,,Peter LeBlanc,WR,,,,,
2026,3,5290,00-0034653,Deontay Burnett,WR,,,,,
2026,3,2463,00-0032135,Jesse James,TE,,,,,
2026,3,12250,,Riley Sharp,TE,,,,,
2026,3,3568, 00-0032609,Marken Michel,WR,,,,,
2026,3,5322,00-0034284,James Looney,TE,,,,,
2026,3,8878,,Jared Scott,TE,,,,,
2026,3,4214,00-0033573,Shelton Gibson,WR,,,,,
2026,3,2391,00-0032187,David Johnson,RB,,,,,
2026,3,7064,,Darrynton Evans,RB,,,,,
2026,3,14044,,Miles Davis,RB,,,,,
2026,3,7088,,Xavier Jones,RB,,,,,
2026,3,3920,,Harvey Binford,WR,,,,,
2026,3,11947,,Austin Jones,RB,,,,,
2026,3,4710,,Gio Pascascio,WR,,,,,
2026,3,3664,00-0032602,J.D. McKissic,RB,,,,,
2026,3,4127,00-0033936,C.J. Beathard,QB,,,,,
2026,3,13431,,Miles Kitselman,TE,,,Questionable,,
2026,3,13310,,Miller Moss,QB,CHI,,,,
2026,3,12913,,J.J. Jones,WR,,,,,
2026,3,5957, 00-0035539,Isaac Nauta,TE,GB,,,,
2026,3,7601,,Rondale Moore,WR,,,,,
2026,3,13290,,Jalen Moss,WR,,,,,
2026,3,367,00-0027061,Jared Cook,TE,,,,,
2026,3,13154,,Marcus Major,RB,,,,,
2026,3,4630,,I'Tavius Mathers,RB,,,,,
2026,3,5196,00-0034672,Ethan Wolf,TE,,,,,
2026,3,5170,00-0034109,Phillip Lindsay,RB,,,,,
2026,3,6146, 00-0034988,Kaden Smith,TE,,,,,
2026,3,7162,,Ryan Becker,TE,,,,,
2026,3,6358, 00-0035200,Kahlil Lewis,WR,,,,,
2026,3,6768,,Tua Tagovailoa,QB,ATL,,Out,,1
2026,3,3531,,Marshaun Coprich,RB,,,,,
2026,3,12276,,RJ Mobley,WR,,,,,
2026,3,5004,00-0034378,Ito Smith,RB,DAL,,,,
2026,3,4923,,Rushel Shell,RB,,,,,
2026,3,12356,,Jabari Small,RB,DET,,,,
2026,3,13826,,Caullin Lacy,WR,,,Questionable,,
2026,3,2450,00-0031589,Brett Hundley,QB,,,,,
2026,3,4797,,Josh Rounds,RB,,,,,
2026,3,13905,,Omari Evans,WR,KC,,,,
2026,3,13284,,Dylan Devezin,RB,,,,,
2026,3,7538,,Zach Wilson,QB,NO,,Out,,3
2026,3,7561,,Elijah Mitchell,RB,,,Questionable,,
2026,3,7376,,Case Cookus,QB,,,,,
2026,3,5129,00-0034859,Adonis Jennings,WR,,,,,
2026,3,5828, 00-0031319,Diontae Spencer,WR,,,,,
2026,3,3209,00-0032972,Devontae Booker,RB,,,,,
2026,3,13440,,Damien Alford,WR,,,Questionable,,
2026,3,8409,,Tyler Snead,WR,,,,,
2026,3,12898,,Seth Henigan,QB,,,,,
2026,3,12950,,Robert Lewis,WR,,,,,
2026,3,7458,,Isaiah Zuber,WR,,,,,
2026,3,12475,,Ricky White,WR,SEA,,,,
2026,3,11060,,Robert Burns,RB,,,,,
2026,3,7427,,Tyler Mabry,TE,,,Questionable,,
2026,3,515,00-0027656,Rob Gronkowski,TE,,,,,
2026,3,13331,,Dae'Quan Wright,TE,,,,,
2026,3,11806,,Casey Washington,WR,CAR,,,,
2026,3,5941, 00-0035154,Felton Davis,WR,,,,,
2026,3,6068, 00-0035184,Devine Ozigbo,RB,,,,,
2026,3,6111, 00-0035100,Jake Browning,QB,,,,,
2026,3,12965,,Ethan Garbers,QB,,,,,
2026,3,5733,00-0034716,Clayton Wilson,TE,,,,,
2026,3,6018, 00-0035222,Zach Gentry,TE,,,,,
2026,3,4289,,Ishmael Zamora,WR,,,,,
2026,3,6586,,Moral Stephens,TE,,,,,
2026,3,11273,,Ben VanSumeren,RB,KC,,,,5
2026,3,5138, 00-0034099,Martez Carter,RB,,,,,
2026,3,14049,,Brandon Hayes,WR,,,,,
2026,3,13080,,Deion Hankins,RB,,,,,
2026,3,1149,00-0029137,Alshon Jeffery,WR,,,,,
2026,3,6663,,Micah Wright,WR,,,,,
2026,3,7583,,Sam Ehlinger,QB,DEN,,Out,,3
2026,3,6637, 00-0035387,Nico Evans,RB,,,,,
2026,3,2903,,Shane Carden,QB,,,,,
2026,3,7156,,J'Mar Smith,QB,,,,,
2026,3,5284,00-0034115,Jeff Wilson,RB,,,,,
2026,3,13129,,Jermaine Terry,TE,,,,,
2026,3,13438,,DeaMonte Trayanum,RB,NYJ,,,,6
2026,3,4445,00-0033441,Keon Hatcher,WR,,,,,
2026,3,6380, 00-0035101,Davion Davis,WR,,,,,
2026,3,3762,00-0032625,Brandon Shippen,WR,,,,,
2026,3,4744,,Barrett Burns,TE,BAL,,,,
2026,3,5289,00-0034652,Cameron Batson,WR,,,,,
2026,3,6019, 00-0035450,Johnnie Dixon,WR,,,,,
2026,3,2583,00-0032160,Tyrell Williams,WR,,,,,
2026,3,8575,,Erik Krommenhoek,TE,,,,,
2026,3,12810,,Elijhah Badger,WR,,,,,
2026,3,1071,00-0029632,Mohamed Sanu,WR,,,,,
2026,3,12435,,Geor'Quarius Spivey,TE,,,,,
2026,3,13916,,Xavier Loyd,WR,,,,,
2026,3,4200,00-0033291,DeAngelo Yancey,WR,,,,,
2026,3,3225,00-0033009,Tyler Boyd,WR,,,,,
2026,3,12549,,Jordan Petaia,TE,,,,,
2026,3,6260,,Jake Powell,TE,,,,,
2026,3,13973,,Keelan Marion,WR,,,,,
2026,3,13592,,Chandler Morris,QB,,,,,
2026,3,7874,,Jeremiah Haydel,WR,,,,,
2026,3,2119,,James Franklin,QB,,,,,
2026,3,11191,,Justin Marshall,WR,,,,,
2026,3,5121,00-0034419,Braxton Berrios,WR,NYG,,,,5
2026,3,7093,,Adrian Killins,RB,DEN,,,,
2026,3,12360,,Latreal Jones,WR,,,,,
2026,3,24,00-0026143,Matt Ryan,QB,,,,,
2026,3,2257,00-0031045,Carlos Hyde,RB,,,,,
2026,3,8236,,Jerreth Sterns,WR,,,,,
2026,3,11099,,Kearis Jackson,WR,,,,,
2026,3,5263,00-0034291,Chase Litton,QB,,,,,
2026,3,9483,,Zack Kuntz,TE,,,,,
2026,3,13342,,John Michael Gyllenborg,TE,KC,,IR,,6
2026,3,5283,00-0034244,Ka'Raun White,WR,,,,,
2026,3,7956,,Cade Johnson,WR,,,,,
2026,3,13136,,Redd Douglas,WR,,,,,
2026,3,7496,,Nick Westbrook-Ikhine,WR,IND,,,,
2026,3,11224,,Griffin Hebert,TE,,,,,
2026,3,13604,,Sincere Brown,WR,,,Questionable,,
2026,3,12018,,Sam Pinckney,WR,,,,,
2026,3,5773,00-0034854,KhaDarel Hodge,WR,SF,,,,5
2026,3,11520,,Lucky Jackson,WR,DET,,,,
2026,3,2940,,Des Lawrence,WR,,,,,
2026,3,4574,00-0033662,Cooper Rush,QB,ATL,,,,3
2026,3,5663,,Shane Wimann,RB,,,,,
2026,3,14047,,Heinrich Haarberg,TE,,,,,
2026,3,6205, 00-0034918,Brandon Silvers,QB,,,,,
2026,3,9998,,Hendon Hooker,QB,TEN,,,,
2026,3,8500,,John FitzPatrick,TE,,,Questionable,,
2026,3,5244,00-0034141,Devin Gray,WR,,,,,
2026,3,11606,,Dallin Holker,TE,,,,,
2026,3,5137,00-0034286,Richie James,WR,,,,,
2026,3,7243,,Kevin Davidson,QB,,,,,
2026,3,8553,,Tre Ford,QB,,,,,
2026,3,12270,,Andrew Peasley,QB,,,,,
2026,3,12753,,Jamoi Mayes,WR,,,,,
2026,3,6375,,Jerome Washington,TE,,,,,
2026,3,5013,00-0034353,Anthony Miller,WR,,,,,
2026,3,6017, 00-0035475,DaMarkus Lodge,WR,,,,,
2026,3,4874,,Chris Bazile,TE,,,,,
2026,3,7858,,Brenden Knox,RB,,,,,
2026,3,2146,00-0031384,Richard Rodgers,TE,,,,,
2026,3,11561,,Michael Pratt,QB,,,,,
2026,3,7812,,Simi Fehoko,WR,ARI,,,,7
2026,3,12908,,Chandler Brayboy,WR,NE,,,,
2026,3,2114,00-0031209,Senorise Perry,RB,,,,,
2026,3,5217,00-0034619,Jason Reese,TE,,,,,
2026,3,7066,,K.J. Osborn,WR,TEN,,,,
2026,3,1979,00-0031407,Blake Bortles,QB,NO,,,,
2026,3,8008,,Josh Imatorbhebhe,WR,,,,,
2026,3,8475,,Montrell Washington,WR,,,,,
2026,3,6762,,Darion Clark,TE,,,,,
2026,3,11921,,Xavier Weaver,WR,,,Questionable,,
2026,3,260, 00-0026300,Josh Johnson,QB,CIN,,Out,,
2026,3,2711,00-0031800,Taylor Heinicke,QB,,,,,
2026,3,6857,,Collin Johnson,WR,,,,,
2026,3,13557,,Athan Kaliakmanis,QB,WAS,,Out,,4
2026,3,13846,,Jack Velling,TE,ATL,,,,
2026,3,8182,,Chase Allen,TE,,,,,
2026,3,4157,00-0033556,Tarik Cohen,RB,,,,,
2026,3,2003,00-0030670,Bennie Fowler,WR,,,,,
2026,3,12285,,Cade Peterson,QB,,,,,
2026,3,7533,,Anthony Schwartz,WR,,,,,
2026,3,7460,,Jake Burt,TE,,,,,
2026,3,1837,00-0031345,Jimmy Garoppolo,QB,,,,,
2026,3,4528,,Trevor Knight,QB,,,,,
2026,3,10220,,Will Mallory,TE,IND,,IR,,5
2026,3,12063,,Rocky Lombardi,QB,,,,,
2026,3,13249,,Thomas Gordon,TE,DET,,,,
2026,3,13128,,Rushawn Baker,RB,,,,,
2026,3,9507,,Titus Swen,RB,,,,,
2026,3,1939,,Derel Walker,WR,,,,,
2026,3,12434,,Kairee Robinson,RB,,,,,
2026,3,8205,,Isiah Pacheco,RB,DET,,IR,,3
2026,3,2713,,Josh Harper,WR,,,,,
2026,3,6342, 00-0035460,Stephen Louis,WR,,,,,
2026,3,8108,,DeVonte Dedmon,WR,,,,,
2026,3,2767,,Jawon Chisholm,RB,,,,,
2026,3,5185,00-0034521,Allen Lazard,WR,,,,,
2026,3,12197,,John Paddock,QB,,,,,
2026,3,8251,,Calvin Jackson,WR,,,,,
2026,3,2620,,Jake Heaps,QB,,,,,
2026,3,11225,,Noah Gindorff,TE,,,,,
2026,3,4491,00-0033481,Marcus Kemp,WR,,,,,
2026,3,5136,00-0034457,Josh Adams,RB,,,,,
2026,3,3500,00-0032716,Devon Cajuste,WR,,,,,
2026,3,6737, 00-0035740,Micky Crum,TE,,,,,
2026,3,11232,,Isaiah Winstead,WR,,,,,
2026,3,13975,,Le'Meke Brockington,WR,,,Questionable,,
2026,3,12239,,Peewee Jarrett,QB,,,,,
2026,3,4785,00-0033641,Kermit Whitfield,WR,,,,,
2026,3,11046,,Colton Dowell,WR,,,,,
2026,3,6288, 00-0035296,Marcus Green,WR,,,,,
2026,3,6320, 00-0035325,Jonathan Duhart,WR,,,,,
2026,3,4082,00-0033282,Curtis Samuel,WR,,,,,
2026,3,7048,,Benny LeMay,RB,CLE,,,,
2026,3,1049,00-0029701,Ryan Tannehill,QB,,,,,
2026,3,6686,,Joe Horn,WR,,,,,
2026,3,12350,,Anthony Grant,RB,,,,,
2026,3,5703, 00-0034715,Deontez Alexander,WR,,,,,
2026,3,12976,,DeMeer Blankumsee,WR,,,,,
2026,3,3239,00-0033117,Bronson Kaufusi,TE,GB,,,,
2026,3,12311,,Daniel George,WR,,,,,
2026,3,1339,00-0030061,Zach Ertz,TE,PHI,,,,
2026,3,5155,00-0034493,Corey Willis,WR,,,,,
2026,3,4184,00-0033966,Bucky Hodges,TE,,,,,
2026,3,8770,,Malik Williams,WR,,,,,
2026,3,11280,,Brady Russell,RB,SEA,,,,7
2026,3,11589,,Trey Benson,RB,ARI,,IR,,6
2026,3,5878, 00-0035624,N'Keal Harry,TE,,,,,
2026,3,3816,,Brandon Brown-Dukes,RB,,,,,
2026,3,13173,,Jimmy Holiday,WR,KC,,IR,,
2026,3,7143,,Ben DiNucci,QB,,,,,
2026,3,13749,,Kole Wilson,WR,,,,,
2026,3,10867,,Jake Bobo,WR,SEA,,IR,,8
2026,3,8938,,Nathan Rourke,QB,,,,,
2026,3,3286,00-0032775,Demarcus Robinson,WR,SF,,Out,,3
2026,3,7609,,Demetric Felton,RB,,,,,
2026,3,2315,00-0032241,Todd Gurley,RB,,,,,
2026,3,4551,00-0033633,Tanner Gentry,WR,,,,,
2026,3,12524,,Shedeur Sanders,QB,CLE,,,,2
2026,3,6171, 00-0035164,Cody Thompson,WR,,,,,
2026,3,11344,,Keytaon Thompson,WR,,,,,
2026,3,956,00-0027966,Mark Ingram,RB,,,,,
2026,3,3514,00-0032997,Jake McGee,TE,,,,,
2026,3,8174,,Kevin Harris,RB,,,,,
2026,3,5462,00-0034876,Christopher Ezeala,RB,,,,,
2026,3,12235,,Marcus Riley,WR,,,,,
2026,3,4593, 00-0033745,Brandon Barnes,TE,,,,,
2026,3,5403,00-0034219,Peter Pujals,QB,,,,,
2026,3,13658,,Brady Boyd,WR,,,,,
2026,3,8177,,Grant Calcaterra,TE,PHI,,IR,,5
2026,3,13657,,Alex Bullock,WR,,,NA,,
2026,3,5293,00-0034669,Jordan Veasy,WR,,,,,
2026,3,8125,,Calvin Austin,WR,NYG,,IR,,7
2026,3,7746,,Austin Trammell,WR,JAX,,,,
2026,3,13422,,Jaren Kanak,TE,TEN,,IR,,6
2026,3,13802,,Jacob Clark,QB,,,,,
2026,3,12410,,John Jackson,WR,,,,,
2026,3,11897,,Jermaine Jackson,WR,,,,,
2026,3,8095,,Graham Adomitis,TE,,,,,
2026,3,11382,,Dontay Demus,WR,,,,,
2026,3,4794,,Tommy Armstrong Jr.,QB,,,,,
2026,3,2452,00-0031590,Jay Ajayi,RB,,,,,
2026,3,1211,00-0029587,Rhett Ellison,TE,,,,,
2026,3,7483,,Farrod Green,TE,,,,,
2026,3,6849,,Denzel Mims,WR,,,,,
2026,3,3774,00-0032689,Jason Vander Laan,TE,,,,,
2026,3,13041,,Jahmal Banks,WR,,,,,
2026,3,5884, 00-0035297,Kelvin Harmon,WR,,,,,
2026,3,5781,00-0034867,Malik Turner,WR,,,,,
2026,3,11262,,Damien Caffrey,TE,,,,,
2026,3,4669,00-0033705,Andre Patton,WR,,,,,
2026,3,1555,00-0030085,Kenny Stills,WR,,,,,
2026,3,12149,,Gavin Hardison,QB,,,,,
2026,3,11567,,Jordan Travis,QB,,,,,
2026,3,8660,,Leroy Watson,TE,,,,,
2026,3,6506, 00-0035176,Trayone Gray,RB,,,,,
2026,3,8699,,Cyrus Holder,WR,,,,,
2026,3,12792,,Garrett Greene,QB,TB,,,,
2026,3,812,00-0028097,Lee Smith,TE,ATL,,,,
2026,3,5609,00-0034494,Stephen Baggett,TE,,,,,
2026,3,8921,,Maurice Alexander,WR,,,,,
2026,3,12546,,Marcus Yarns,RB,,,,,
2026,3,6661, 00-0035574,Joseph Parker,WR,,,,,
2026,3,11633,,Jamari Thrash,WR,,,Questionable,,
2026,3,13964,,Myles Montgomery,RB,NE,,IR,,
2026,3,8628,,Jontre Kirklin,WR,,,,,
2026,3,7359,,Nakia Griffin-Stewart,TE,,,,,
2026,3,6712, 00-0035701,Marcus Simms,WR,,,,,
2026,3,12246,,Mike Rigerman,TE,,,,,
2026,3,6629,,Brian Burt,WR,,,,,
2026,3,3433,00-0032543,Alex Erickson,WR,,,,,
2026,3,13189,,Luke Floriea,WR,,,,,
2026,3,8638,,Grayson Gunter,TE,,,,,
2026,3,13744,,Cameron Ross,WR,,,,,
2026,3,12868,,Montrell Johnson,RB,,,,,
2026,3,4111,00-0033925,D'Onta Foreman,RB,,,,,
2026,3,6386, 00-0035602,Alex Bachman,WR,LAR,,,,
2026,3,12259,,Taulia Tagovailoa,QB,,,,,
2026,3,11524,,Izaiah Gathings,TE,,,,,
2026,3,2785,,Gus Johnson,RB,,,,,
2026,3,4443,00-0033439,Pharaoh Brown,TE,IND,,,,
2026,3,13088,,Quali Conley,RB,,,,,
2026,3,7078,,Tony Brown,WR,,,,,
2026,3,6448, 00-0035043,Darrin Hall,RB,,,,,
2026,3,2399,00-0032200,Ty Montgomery,RB,,,,,
2026,3,8523,,Nick Muse,TE,ATL,,Questionable,,4
2026,3,11957,,Sam Schnee,WR,,,,,
2026,3,5775,00-0034862,Jared Murphy,WR,,,,,
2026,3,5539,00-0034258,Derrick Willies,WR,,,,,
2026,3,7539,,Gerrid Doaks,RB,,,,,
2026,3,4994,00-0034799,Kalen Ballage,RB,,,,,
2026,3,1737,00-0028986,Case Keenum,QB,CHI,,Out,,3
2026,3,6469, 00-0035083,Davis Koppenhaver,TE,,,,,
2026,3,7624,,Carson Williams,TE,,,,,
2026,3,6247, 00-0035432,Jason Moore,WR,,,,,
2026,3,14063,,Liam Clifford,WR,,,,,
2026,3,11495,,Bryan Thompson,WR,,,,,
2026,3,7425,,Patrick Carr,RB,,,,,
2026,3,7854,,Miller Forristall,TE,,,,,
2026,3,5253,00-0034532,Jordan Franks,TE,,,,,
2026,3,1346,00-0030068,Marquise Goodwin,WR,,,,,
2026,3,2949,,Synjyn Days,RB,,,,,
2026,3,200,00-0024221,Vernon Davis,TE,,,,,
2026,3,8650,,Lujuan Winningham,WR,,,,,
2026,3,13199,,Montorie Foster,WR,SEA,,Out,,10
2026,3,13632,,Devonte Ross,WR,,,,,
2026,3,13428,,Joey Aguilar,QB,JAX,,,,
2026,3,10870,,Deneric Prince,RB,,,,,
2026,3,7860,,Osirus Mitchell,WR,,,,,
2026,3,13349,,Eli Stowers,TE,PHI,,IR,,7
2026,3,13430,,RJ Maryland,TE,,,Questionable,,
2026,3,167,00-0019596,Tom Brady,QB,,,,,
2026,3,4219,00-0033955,Jeremy McNichols,RB,WAS,,IR,,4
2026,3,13202,,Dalevon Campbell,WR,,,Questionable,,
2026,3,12963,,Kayron Lynch-Adams,RB,,,,,
2026,3,10983,,Sean Clifford,QB,CIN,,,,
2026,3,3555,,Canaan Severin,WR,,,,,
2026,3,7272,,Dylan Stapleton,TE,,,,,
2026,3,8820,,Troy Hairston,RB,,,,,
2026,3,6492, 00-0035097,Terry Wright,WR,,,,,
2026,3,4042,00-0033286,Joe Williams,RB,,,,,
2026,3,12408,,Michael Hiers,QB,,,,,
2026,3,12941,,Bryson Nesbit,TE,,,Questionable,,
2026,3,4420, 00-0033386,Cody Hollister,WR,,,,,
2026,3,8198,,Charleston Rambo,WR,,,,,
2026,3,827,00-0028118,Tyrod Taylor,QB,GB,,,,2
2026,3,13667,,Marcus Burke,WR,,,,,
2026,3,6352,,Matt Colburn,RB,,,,,
2026,3,2822,00-0032009,Adam Humphries,WR,,,,,
2026,3,13647,,Ben Patterson,WR,,,,,
2026,3,6985,,Dezmon Patmon,WR,,,,,
2026,3,6107, 00-0034943,Emmanuel Butler,WR,,,,,
2026,3,2787,,David Porter,WR,,,,,
2026,3,4137,00-0033553,James Conner,RB,ARI,,IR,,4
2026,3,12277,,John Matocha,QB,,,,,
2026,3,5608,00-0034528,Devonte Boyd,WR,,,,,
2026,3,13432,,Khalil Dinkins,TE,SF,,,,
2026,3,10862,,Dorian Thompson-Robinson,QB,,,,,
2026,3,3640,,Soma Vainuku,RB,,,,,
2026,3,12068,,Mason Pline,TE,,,,,
2026,3,4696,00-0033838,Trey Edmunds,RB,,,,,
2026,3,11961,,Emory Jones,QB,,,,,
2026,3,8203,,Jeremiah Hall,TE,,,,,
2026,3,13816,,Mark Gronowski,QB,,,,,
2026,3,7106,,Lawrence Cager,TE,,,,,
2026,3,12191,,Trent Pennix,TE,,,,,
2026,3,5997, 00-0035090,Jazz Ferguson,WR,,,,,
2026,3,7063,,Shea Patterson,QB,,,,,
2026,3,1678,,Uzoma Nwachukwu,WR,,,,,
2026,3,928,00-0028002,Randall Cobb,WR,,,,,
2026,3,5347,00-0034367,Nyheim Miller-Hines,RB,,,,,
2026,3,4456,00-0033309,K.D. Cannon,WR,,,,,
2026,3,12755,,Kelly Akharaiyi,WR,,,,,
2026,3,7317,,Jared Rice,TE,,,,,
2026,3,7607,,Michael Carter,RB,TEN,,,,
2026,3,8211,,Tyrion Davis-Price,RB,,,,,
2026,3,5777,00-0032604,Malachi Jones,WR,,,,,
2026,3,5798,00-0034888,Darren Carrington,WR,,,NA,,
2026,3,3456,,Joel Stave,QB,,,,,
2026,3,5432,00-0034104,Cam Sims,WR,,,,,
2026,3,7599,,Jermar Jefferson,RB,,,Questionable,,
2026,3,2346,00-0032055,Devin Funchess,TE,,,,,
2026,3,2703,,Ezell Ruffin,WR,,,,,
2026,3,12897,,Nate Carter,RB,KC,,,,
2026,3,3505,,Dom Williams,WR,,,,,
2026,3,5223,00-0034243,Caleb Scott,WR,TEN,,,,
2026,3,642,00-0027891,Golden Tate,WR,,,,,
2026,3,9999,,Will Levis,QB,,,,,
2026,3,13344,,Preston Fox,WR,,,,,
2026,3,6420, 00-0035417,Jon'Vea Johnson,WR,,,,,
2026,3,6373, 00-0035491,A.J. Richardson,WR,,,,,
2026,3,7990,,Garrett Groshek,RB,,,,,
2026,3,1612,00-0030151,Tyler Bray,QB,,,,,
2026,3,7279,,DeMichael Harris,WR,,,,,
2026,3,11529,,Ed Lee,WR,,,,,
2026,3,12690,,Tommy Mellott,WR,,,,,
2026,3,2580,,Titus Davis,WR,,,,,
2026,3,12778,,Jerjuan Newton,WR,,,,,
2026,3,11521,,Jadakis Bonds,WR,,,,,
2026,3,12946,,Dontae Fleming,WR,MIN,,Questionable,,
2026,3,2790,,Nigel King,WR,,,,,
2026,3,8158,,Carson Strong,QB,,,,,
2026,3,8613,,Taysir Mack,WR,,,,,
2026,3,2462,00-0032112,J.J. Nelson,WR,,,,,
2026,3,14020,,Dean Patterson,WR,TB,,,,
2026,3,6246, 00-0035427,Jeremy Cox,RB,,,,,
2026,3,6237, 00-0035037,Wilton Speight,QB,,,,,
2026,3,3846, 00-0032945,Duke Williams,WR,,,,,
2026,3,6392, 00-0035614,Johnathan Lloyd,WR,,,,,
2026,3,13272,,Carson Beck,QB,ARI,,Out,,2
2026,3,8831,,Ethan Fernea,WR,,,,,
2026,3,8751,,Dylan Parham,TE,,,,,
2026,3,11189,,Zay Malone,WR,,,,,
2026,3,3593,,Anthony Kelly,WR,,,,,
2026,3,2360,00-0031558,Maxx Williams,TE,,,,,
2026,3,830,00-0027942,A.J. Green,WR,,,,,
2026,3,11960,,Steven Stilianos,TE,,,,,
2026,3,12453,,Ontaria Wilson,WR,,,,,
2026,3,12700,,Gavin Bartholomew,TE,MIN,,,,4
2026,3,8068,,C.J. Saunders,WR,,,,,
2026,3,13673,,Trent Battle,RB,,,,,
2026,3,5977, 00-0035313,Terry Godwin,WR,,,,,
2026,3,11267,,Aron Cruickshank,WR,,,,,
2026,3,2906,,Bell Braylon,WR,,,,,
2026,3,1502,00-0030404,Chris Thompson,RB,,,,,
2026,3,12761,,Jordan Moore,WR,CIN,,,,
2026,3,7457,,Michael Dereus,WR,,,,,
2026,3,7174,,Juwan Green,WR,,,,,
2026,3,12940,,Tre Stewart,RB,,,,,
2026,3,2342, 00-0031934,Devin Smith,WR,,,,,
2026,3,3208,00-0032411,Kenneth Dixon,RB,,,,,
2026,3,4988,00-0034791,Nick Chubb,RB,,,,,
2026,3,1535,00-0030578,Cordarrelle Patterson,RB,,,,,
2026,3,11638,,Ricky Pearsall,WR,SF,,IR,,8
2026,3,7605,,Kyle Trask,QB,,,,,
2026,3,8218,,Max Borghi,RB,,,,,
2026,3,13292,,Lake McRee,TE,PIT,,,,
2026,3,7435,,Cameron Scarlett,RB,,,,,
2026,3,13255,,Shane Watts,RB,,,,,
2026,3,6317, 00-0035394,Jacob Dolegala,QB,,,,,
2026,3,13582,,Anthony Smith,WR,DAL,,,,
2026,3,6659, 00-0035567,Craig Reynolds,RB,WAS,,,,
2026,3,8090,,Daniel Crawford,TE,,,,,
2026,3,8694,,Henry Litwin,WR,,,,,
2026,3,10221,,Ronnie Bell,WR,LV,,,,
2026,3,6195, 00-0034915,Damon Sheehy-Guiseppi,WR,,,,,
2026,3,4131,00-0033932,Kenny Golladay,WR,,,,,
2026,3,11367,,Daewood Davis,WR,,,,,
2026,3,6870,,Bryan Edwards,WR,,,,,
2026,3,8408,,Jordan Mason,RB,MIN,,IR,,6
2026,3,12884,,Quincy Skinner,WR,GB,,,,
2026,3,8226,,Greg Bell,RB,,,,,
2026,3,5128,00-0034438,Logan Woodside,QB,,,,,
2026,3,13603,,Gregory Desrosiers,RB,LAC,,,,
2026,3,10869,,Matt Landers,WR,,,,,
2026,3,7235,,Aleva Hifo,WR,,,,,
2026,3,8798,,Felix Harper,QB,,,,,
2026,3,6168, 00-0035597,John Ursua,WR,,,,,
2026,3,6988,,Raymond Calais,RB,,,,,
2026,3,2635,,Vernon Johnson,WR,,,,,
2026,3,6263, 00-0035170,Trevor Wood,TE,,,,,
2026,3,11301,,Braxton Westfield,WR,,,,,
2026,3,11895,,Mason Tipton,WR,NO,,PUP,,9
2026,3,13852,,Dontae McMillan,RB,,,,,
2026,3,7228,,Ahmad Wagner,WR,,,,,
2026,3,5260,00-0034631,Vyncint Smith,WR,,,,,
2026,3,1701,,Eric Rogers,WR,,,,,
2026,3,7083,,Tyler Huntley,QB,BAL,,,,2
2026,3,12735,,Caleb Lohner,TE,DEN,,IR,,6
2026,3,12288,,Mathieu Severance,RB,,,,,
2026,3,2636,,Jarred Haggins,WR,,,,,
2026,3,5987, 00-0034972,Alexander Mattison,RB,,,,,
2026,3,12046,,Chevan Cordeiro,QB,,,,,
2026,3,6396, 00-0034932,Austin Fort,TE,,,,,
2026,3,8179,,Snoop Conner,RB,,,,,
2026,3,12066,,Elijah Collins,RB,,,,,
2026,3,11504,,Jose Barbon,WR,,,,,
2026,3,5962, 00-0035287,KeeSean Johnson,WR,,,,,
2026,3,8656,,Tyshaun James,WR,,,,,
2026,3,7418,,Broc Rutter,QB,,,,,
2026,3,6153, 00-0034995,Dexter Williams,RB,,,,,
2026,3,13053,,Daniel Jackson,WR,,,,,
2026,3,10215,,Jake Haener,QB,NYG,,,,
2026,3,11270,,Hassan Hall,RB,,,,,
2026,3,5076,00-0034808,John Kelly,RB,,,,,
2026,3,3556,,Christian Powell,RB,,,,,
2026,3,8169,,Tre Turner,WR,,,,,
2026,3,6371, 00-0035483,Drew Anderson,QB,,,,,
2026,3,13325,,Jordan Hudson,WR,DAL,,,,
2026,3,8799,,Zaire Mitchell-Paden,TE,HOU,,,,
2026,3,6040, 00-0035356,Tyree Jackson,TE,,,Questionable,,
2026,3,8543,,Drew Estrada,WR,,,,,
2026,3,5209,00-0034208,Mike Boone,RB,,,,,
2026,3,4663,00-0033699,Austin Ekeler,RB,,,,,
2026,3,7286,,Marvelle Ross,WR,,,,,
2026,3,943,00-0027981,Kyle Rudolph,TE,,,,,
2026,3,7521,,Chris Blair,WR,ATL,,,,5
2026,3,5902, 00-0035022,Penny Hart,WR,,,,,
2026,3,7352,,Matt Cole,WR,,,,,
2026,3,7438,,Kristian Wilkerson,WR,,,,,
2026,3,8186,,Devon Williams,WR,,,,,
2026,3,1855,,Shaquelle Evans,WR,,,,,
2026,3,1604,00-0029848,Nick Williams,WR,DEN,,,,
2026,3,3817,00-0032832,Marcus Tucker,WR,,,,,
2026,3,8908,,Brandon Lewis,WR,,,,,
2026,3,11139,,Elijah Cooks,WR,,,,,
2026,3,6389, 00-0035605,Keenen Brown,TE,,,,,
2026,3,7339,,J.J. Koski,WR,,,,,
2026,3,13909,,Elijah Tau-Tolliver,RB,,,,,
2026,3,12959,,Bryce Pierre,TE,,,,,
2026,3,8252,,Travell Harris,WR,,,,,
2026,3,13619,,Marcus Sanders,WR,,,,,
2026,3,4322,,Dalton Crossan,RB,,,,,
2026,3,12079,,Treyton Welch,TE,NO,,,,5
2026,3,11925,,Terique Owens,WR,,,,,
2026,3,7065,,Eli Wolf,TE,,,,,
2026,3,5950, 00-0035730,Nyqwan Murray,WR,,,,,
2026,3,3476,00-0032935,Johnny Holton,WR,,,,,
2026,3,4545,00-0033623,Keith Towbridge,TE,,,,,
2026,3,5637,00-0034592,Garrett Johnson,WR,,,,,
2026,3,2142,,Rajion Neal,RB,,,,,
2026,3,5750,00-0034783,Garrett Hudson,TE,,,,,
2026,3,11644,,Cody Schrader,RB,DEN,,,,
2026,3,6465, 00-0035074,Thomas Ives,WR,CHI,,,,
2026,3,4040,00-0033857,JuJu Smith-Schuster,WR,,,,,
2026,3,8206,,Skylar Thompson,QB,BAL,,IR,,3
2026,3,7316,,Darius Bradwell,RB,,,,,
2026,3,14061,,Jeremiah Franklin,TE,,,,,
2026,3,11214,,Tanner Morgan,QB,,,,,
2026,3,5110,00-0034411,Russell Gage,WR,,,,,
2026,3,6363, 00-0035374,Michael Walker,WR,,,,,
2026,3,3321,00-0033040,Tyreek Hill,WR,,,,,
2026,3,8013,,Tim Jones,WR,JAX,,,,
2026,3,4571,00-0033658,Blake Jarwin,TE,,,,,
2026,3,13074,,Isaiah Neyor,WR,GB,,,,
2026,3,12198,,Wayne Ruby,WR,,,,,
2026,3,13415,,Haynes King,QB,CAR,,Out,,3
2026,3,6185, 00-0035282,Easton Stick,QB,TB,,,,
2026,3,12224,,David White,WR,,,,,
2026,3,6361, 00-0035366,Raphael Leonard,WR,,,,,
2026,3,4153,00-0033953,Jordan Leggett,TE,,,,,
2026,3,11081,,Cephus Johnson,WR,,,,,
2026,3,8197,,Peyton Hendershot,TE,,,,,
2026,3,6664, 00-0035583,A.J. Ouellette,RB,,,,,
2026,3,6959,,LeVante Bellamy,RB,,,,,
2026,3,2674,,Paul Browning,WR,,,,,
2026,3,11357,,Tyler Adams,WR,,,,,
2026,3,7149,,Tommy Stevens,TE,NYG,,,,
2026,3,8817,,Nolan Givan,TE,,,,,
2026,3,5762,,Josh Smith,WR,,,,,
2026,3,12523,,Jimmy Horn,WR,CLE,,,,
2026,3,3157,00-0033127,William Fuller,WR,,,,,
2026,3,13401,,Michael Trigg,TE,DAL,,,,
2026,3,13261,,Layne Pryor,TE,,,,,
2026,3,8107,,Nikola Kalinic,TE,CHI,,IR,,5
2026,3,11172,,Shae Wyatt,WR,,,,,
2026,3,4324,00-0033259,Trey Griffey,WR,,,,,
2026,3,963,00-0028042,Luke Stocker,TE,,,,,
2026,3,7244,,Ja'Marcus Bradley,WR,,,,,
2026,3,3398,,Kenny Lawler,WR,,,,,
2026,3,5294,,Mikah Holder,WR,,,,,
2026,3,4519,00-0033515,Devine Redding,RB,,,,,
2026,3,1333,00-0030147,Russell Shepard,WR,,,,,
2026,3,2106,00-0031076,David Fales,QB,,,,,
2026,3,7107,,Jason Huntley,RB,,,,,
2026,3,12283,,Dylan McDuffie,RB,,,,,
2026,3,2161,00-0031376,Jerick McKinnon,RB,,,,,
2026,3,8157,,Bailey Zappe,QB,NYJ,,,,
2026,3,8223,,Velus Jones,WR,SEA,,,,
2026,3,7001,,Brian Herrien,RB,,,,,
2026,3,232,00-0023500,Frank Gore,RB,,,,,
2026,3,5786,,Marcus Peterson,WR,,,,,
2026,3,6159,,Mike Weber,RB,,,,,
2026,3,2820,,Dominique Brown,RB,,,,,
2026,3,7960,,T.J. Simmons,WR,,,,,
2026,3,8663,,Jared Bernhardt,WR,,,,,
2026,3,7867,,Spencer Brown,RB,,,,,
2026,3,7535,,Hunter Long,TE,ARI,,,,4
2026,3,12482,,Savion Williams,WR,GB,,IR,,7
2026,3,13190,,Taylor Elgersma,QB,,,,,
2026,3,8088,,Kalif Jackson,TE,MIA,,,,
2026,3,5142,00-0034131,Kurt Benkert,QB,,,,,
2026,3,1546,00-0030465,Kenjon Barner,RB,,,,,
2026,3,11384,,Owen Wright,RB,,,,,
2026,3,13972,,Brandon Frazier,TE,,,,,
2026,3,5772,,Aaron Lacombe,WR,,,,,
2026,3,5929, 00-0035474,Anthony Johnson,WR,,,,,
2026,3,5163,00-0034597,Ryan Nall,RB,,,,,
2026,3,11959,,Bryce Oliver,WR,HOU,,,,
2026,3,11511,,John Stephens,TE,,,,,
2026,3,4835,,Darrius Sims,RB,,,,,
2026,3,7530,,Frank Darby,WR,,,,,
2026,3,13119,,Collin Schlee,QB,,,,,
2026,3,6909,,Lynn Bowden,WR,,,,,
2026,3,3445,00-0032980,Marcus Johnson,WR,,,,,
2026,3,3178,00-0032760,Josh Doctson,WR,,,,,
2026,3,7378,,Kyle Markway,TE,,,,,
2026,3,8253,,Deven Thompkins,WR,LV,,,,
2026,3,745,00-0025399,Marshawn Lynch,RB,,,,,
2026,3,11526,,Malachi Carter,WR,,,,,
2026,3,7465,,Nick Tiano,QB,,,,,
2026,3,6421, 00-0035414,Jalen Guyton,WR,,,,,
2026,3,4468,00-0033421,Antony Auclair,TE,,,,,
2026,3,11964,,Dayton Wade,WR,,,,,
2026,3,3695,00-0032986,J.P. Holtz,TE,,,,,
2026,3,7623,,Darece Roberson,WR,,,,,
2026,3,8861,,Irv Charles,WR,SEA,,IR,,7
2026,3,13258,,Phil Lutz,WR,,,,,
2026,3,6697, 00-0035635,Floyd Allen,WR,,,,,
2026,3,3170,00-0033108,Paxton Lynch,QB,,,,,
2026,3,3407,,Beau Sandland,TE,,,,,
2026,3,7703,,Jacob Harris,WR,,,,,
2026,3,5558,00-0034240,Marcus Martin,RB,,,,,
2026,3,4351,00-0033375,Tim Patrick,WR,NYJ,,IR,,6
2026,3,11276,,Joseph Ngata,WR,,,,,
2026,3,12355,,Treveyon Pratt,WR,,,,,
2026,3,2846,,Marquez Clark,WR,,,,,
2026,3,13835,,Mekhi Mews,WR,,,,,
2026,3,4863,00-0034343,Josh Rosen,QB,,,,,
2026,3,13250,,Nay'Quan Wright,RB,,,,,
2026,3,11190,,Keilahn Harris,WR,,,,,
2026,3,12909,,Eli Pancol,WR,,,,,
2026,3,5108,00-0034412,Luke Falk,QB,,,,,
2026,3,13335,,Cole Payton,QB,PHI,,Out,,3
2026,3,6490,,Mik'Quan Deane,TE,,,,,
2026,3,4108,,Carlos Henderson,WR,,,,,
2026,3,2410,00-0031941,Jamison Crowder,WR,,,,,
2026,3,9220,,Evan Hull,RB,ARI,,,,
2026,3,6984,,Tony Jones,RB,,,,,
2026,3,1706,00-0030181,Jack Doyle,TE,IND,,,,
2026,3,3588,,Michael Miller,TE,,,,,
2026,3,4926,,Nick Schuessler,QB,PIT,,,,
2026,3,4829,00-0034035,Daniel Williams,WR,,,,,
2026,3,2495,00-0032117,Nick O'Leary,TE,,,,,
2026,3,6885,,Ke'Shawn Vaughn,RB,,,,,
2026,3,11387,,Sean Ryan,WR,,,,,
2026,3,2262,,Trey Millard,RB,,,,,
2026,3,7426,,Seth Dawkins,WR,,,,,
2026,3,8143,,Jerome Ford,RB,MIN,,,,
2026,3,6694, 00-0035628,D'Ernest Johnson,RB,,,,,
2026,3,3599,,Dez Stewart,WR,,,,,
2026,3,11652,,Louis Rees-Zammit,RB,,,,,
2026,3,7734,,Bruno Labelle,TE,,,,,
2026,3,12656,,Robbie Ouzts,RB,SEA,,IR,,8
2026,3,5211,00-0034222,Jake Wieneke,WR,,,,,
2026,3,5257,00-0034177,Tim Boyle,QB,,,,,
2026,3,2750,00-0031763,DeAndre Carter,WR,,,,,
2026,3,9493,,Puka Nacua,WR,LAR,,Out,,6
2026,3,13321,,Dan Villari,TE,LAR,,,,
2026,3,12019,,Devin Carter,WR,,,,,
2026,3,4285,00-0033530,Robert Davis,WR,,,,,
2026,3,8248,,Kalil Pimpleton,WR,,,,,
2026,3,5431,00-0034100,Shay Fields,WR,,,,,
2026,3,2397,00-0032227,Jeff Heuerman,TE,,,,,
2026,3,5167,,Dalton Sturm,QB,,,,,
2026,3,13116,,Tre Watson,TE,MIA,,,,
2026,3,8189,,Trestan Ebner,RB,,,,,
2026,3,3312,00-0032975,Jonathan Williams,RB,,,,,
2026,3,6996,,JaMycal Hasty,RB,,,,,
2026,3,7191,,Jaylon Moore,WR,,,,,
2026,3,5976, 00-0035454,Karan Higdon,RB,,,,,
2026,3,6906,,Antonio Gandy-Golden,TE,,,,,
2026,3,12245,,Jelani Baker,WR,,,,,
2026,3,12765,,Keleki Latu,TE,BUF,,,,4
2026,3,12095,,Jjay Mcafee,TE,,,,,
2026,3,2673,00-0031868,Damiere Byrd,WR,,,,,
2026,3,6710, 00-0035691,Josh Caldwell,RB,,,,,
2026,3,4171,00-0033943,Josh Reynolds,WR,,,,,
2026,3,6926,,Brycen Hopkins,TE,,,,,
2026,3,7893,,Dedrick Mills,RB,,,,,
2026,3,7946,,Jack Stoll,TE,SF,,,,
2026,3,7729,,Dez Fitzpatrick,WR,,,Questionable,,
2026,3,7439,,Tommy Hudson,TE,,,,,
2026,3,13417,,De'Zhaun Stribling,WR,SF,,IR,,10
2026,3,8077,,Otis Anderson,RB,,,,,
2026,3,2935,,Ricky Collins,WR,,,,,
2026,3,5722,00-0034710,Darvin Kidsy,WR,,,,,
2026,3,3328,00-0032977,Rashard Higgins,WR,,,,,
2026,3,10224,,Brayden Willis,TE,SF,,,,5
2026,3,2373,00-0032256,Clive Walford,TE,,,,,
2026,3,12906,,Cam Camper,WR,,,,,
2026,3,8160,,Kenny Pickett,QB,CAR,,,,2
2026,3,7752,,Kawaan Baker,WR,,,,,
2026,3,3978,,Jacob Huesman,QB,,,,,
2026,3,5859, 00-0035676,A.J. Brown,WR,NE,,IR,,6
2026,3,6699, 00-0035645,Gunner Olszewski,WR,NYG,,IR,,6
2026,3,4738,,Colby Pearson,WR,,,,,
2026,3,2487,00-0031953,Geremy Davis,WR,,,,,
2026,3,5937, 00-0035216,Diontae Johnson,WR,,,,,
2026,3,11102,,Charles McClelland,RB,,,,,
2026,3,7056,,Darrell Stewart,WR,,,,,
2026,3,4263,00-0033295,Elijah McGuire,RB,KC,,,,
2026,3,12721,,Kaden Prather,WR,,,,,
2026,3,11940,,JaQuae Jackson,WR,,,,,
2026,3,3883,,Romar Morris,RB,,,,,
2026,3,4162,00-0033562,Ryan Switzer,WR,,,,,
2026,3,11148,,Tyler Hudson,WR,,,,,
2026,3,6967,,Aaron Fuller,WR,,,,,
2026,3,4678,00-0033742,Tyrone Swoopes,TE,,,,,
2026,3,11351,,Thomas Greaney,TE,,,,,
2026,3,11163,,Tim DeMorat,QB,,,,,
2026,3,14056,,Kyre Duplessis,WR,,,,,
2026,3,4455,00-0033308,Matt Breida,RB,,,,,
2026,3,2291,00-0028411,Dontrelle Inman,WR,,,,,
2026,3,8240,,BJ Baylor,RB,,,,,
2026,3,7591,,Justin Fields,QB,KC,,,,2
2026,3,8824,,Samson Nacua,WR,,,,,
2026,3,6460, 00-0035109,Cole Herdman,TE,,,,,
2026,3,5714,00-0034703,Tim Wilson,WR,,,,,
2026,3,12173,,Jaxon Janke,WR,,,,,
2026,3,5134,00-0034317,Keith Kirkwood,WR,,,,,
2026,3,3447,00-0032963,Cayleb Jones,WR,,,,,
2026,3,2309,00-0031544,Amari Cooper,WR,,,,,
2026,3,7771,,Jake Funk,RB,,,,,
2026,3,3397,,Keith Marshall,RB,,,,,
2026,3,4599,,Michael Rector,WR,,,,,
2026,3,4406,,Wes Lunt,QB,,,,,
2026,3,2378,00-0032058,Tevin Coleman,RB,,,,,
2026,3,8778,,Justin Rigg,TE,,,,,
2026,3,1500,00-0030472,Jordan Reed,TE,,,,,
2026,3,13217,,Hunter Dekkers,QB,,,,,
2026,3,2921,,Taylor Sloat,TE,,,,,
2026,3,8424,,Kevin Marks,RB,,,,,
2026,3,8152,,Kennedy Brooks,RB,,,,,
2026,3,4068,00-0033536,Mike Williams,WR,,,DNR,,
2026,3,12370,,Praise Olatoke,WR,,,,,
2026,3,8170,,James Mitchell,TE,DAL,,,,
2026,3,12488,,Kobe Hudson,WR,,,,,
2026,3,1833,00-0030874,Damien Williams,RB,,,,,
2026,3,5787,00-0034878,Bryce Bobo,WR,,,,,
2026,3,4791,00-0034007,Darius Victor,RB,,,,,
2026,3,13110,,Zach Horton,TE,,,,,
2026,3,12144,,Je'Quan Burton,WR,,,,,
2026,3,6662, 00-0035572,Parker Hesse,TE,,,,,
2026,3,12036,,Ian Wheeler,RB,,,,,
2026,3,5140,00-0034180,Jaelon Acklin,WR,,,,,
2026,3,4929,,Ahmad Fulwood,WR,,,,,
2026,3,1244,00-0029664,Josh Gordon,WR,,,,,
2026,3,5384,00-0034504,Jonah Trinnaman,WR,,,,,
2026,3,8076,,Michael Bandy,WR,DEN,,,,
2026,3,695,00-0025396,Ted Ginn,WR,,,,,
2026,3,12756,,Stephen Gosnell,WR,BUF,,,,
2026,3,10217,,Clayton Tune,QB,,,,,
2026,3,12888,,Dalen Cambre,WR,NYG,,,,
2026,3,13353,,Chris Brazzell,WR,CAR,,IR,,9
2026,3,3454,,Danny Anthrop,WR,,,,,
2026,3,11496,,Braydon Johnson,WR,,,,,
2026,3,7379,,Rysen John,TE,,,,,
2026,3,13696,,Ja'Mori Maclin,WR,BUF,,,,
2026,3,5916, 00-0035664,Darrell Henderson,RB,,,,,
2026,3,6069, 00-0035399,Stanley Morgan,WR,,,,,
2026,3,3908,,Eric Wallace,TE,,,,,
2026,3,12165,,Spencer Sanders,QB,,,,,
2026,3,10211,,Camerun Peoples,RB,,,,,
2026,3,6163, 00-0035018,Alex Wesley,WR,,,,,
2026,3,6491, 00-0035086,Adam Choice,RB,,,,,
2026,3,13339,,Davon Booth,RB,IND,,,,
2026,3,11298,,Ryan Jones,TE,,,,,
2026,3,2465,00-0032113,Kenny Bell,WR,,,,,
2026,3,7045,,Joshua Kelley,RB,,,,,
2026,3,7086,,John Hightower,WR,,,,,
2026,3,7616,,Kai Locksley,WR,,,,,
2026,3,6548, 00-0035209,Marcus Marshall,RB,,,,,
2026,3,13309,,Aaron Anderson,WR,,,Questionable,,
2026,3,7210,,Kendall Hinton,WR,,,,,
2026,3,2875,,Tony Creecy,RB,,,,,
2026,3,6964,,Sean McKeon,TE,,,Questionable,,
2026,3,11648,,Kedon Slovis,QB,GB,,,,
2026,3,7336,,James Gilbert,RB,,,,,
2026,3,12254,,Phillip Brooks,WR,,,,,
2026,3,5277,00-0034319,Deon Yelder,TE,,,,,
2026,3,2925,,Darius Davis,WR,,,,,
2026,3,3976,00-0033869,Mitchell Trubisky,QB,TEN,,,,2
2026,3,13416,,Roman Hemby,RB,LV,,,,
2026,3,12215,,Kevin Foelsch,TE,,,,,
2026,3,7584,,Brennan Eagles,WR,,,,,
2026,3,13356,,Trebor Pena,WR,JAX,,,,
2026,3,8164,,Matt Corral,QB,,,,,
2026,3,12508,,Jaxson Dart,QB,NYG,,Out,,1
2026,3,13674,,Chris Hilton,WR,,,,,
2026,3,11605,,Jaheim Bell,TE,,,,,
2026,3,13839,,Chase Curtis,TE,,,Questionable,,
2026,3,5207,,Marchie Murdock,WR,,,,,
2026,3,7897,,Roland Rivers,QB,,,,,
2026,3,8700,,Savon Scarver,WR,,,,,
2026,3,11329,,Josh Vann,WR,,,,,
2026,3,13670,,Harrison Wallace,WR,ARI,,,,
2026,3,6524,,Jamire Jordan,WR,,,,,
2026,3,3164,00-0033045,Ezekiel Elliott,RB,,,,,
2026,3,6227, 00-0035353,Nick Easley,WR,,,,,
2026,3,8087,,K.J. Costello,QB,,,,,
2026,3,3052,,Kendrick Ings,WR,,,,,
2026,3,5903, 00-0035251,Will Grier,QB,,,NA,,
2026,3,6886,,Chase Claypool,WR,,,,,
2026,3,6945,,Antonio Gibson,RB,,,Questionable,,
2026,3,954,00-0027939,Cam Newton,QB,,,,,
2026,3,14080,,Barika Kpeenu,RB,,,,,
2026,3,4704,,Tyler Ferguson,QB,,,,,
2026,3,12787,,Josh Williams,RB,TB,,,,
2026,3,6932,,Charlie Taumoepeau,TE,,,,,
2026,3,5144,00-0034156,Malik Williams,RB,,,,,
2026,3,8227,,Teagan Quitoriano,TE,ARI,,,,
2026,3,9223,,Tiyon Evans,RB,,,,,
2026,3,8232,,Jaquarii Roberson,WR,,,,,
2026,3,11111,,Sy Barnett,WR,,,,,
2026,3,3148,,Anthony Dable,WR,,,,,
2026,3,2898,,Cameron Clear,TE,,,,,
2026,3,6362,,Dredrick Snelson,WR,,,,,
2026,3,11565,,J.J. McCarthy,QB,MIN,,,,2
2026,3,11859,,John Rhys Plumlee,QB,,,,,
2026,3,8171,,Kyle Philips,WR,,,,,
2026,3,6385, 00-0035606,Matt Colburn,RB,,,,,
2026,3,8220,,Sincere McCormick,RB,SF,,,,
2026,3,12039,,TD Ayo-Durojaiye,RB,,,,,
2026,3,490,00-0026544,Chase Daniel,QB,,,,,
2026,3,5756,00-0034795,Garrett Dickerson,TE,,,,,
2026,3,13392,,Jeff Caldwell,WR,KC,,IR,,8
2026,3,11848,,Casey Bauman,QB,,,,,
2026,3,11885,,Ramel Keyton,WR,,,,,
2026,3,6866,,KJ Hill,WR,LAC,,,,
2026,3,2756,,Andrew Gleichert,TE,,,,,
2026,3,4416,00-0033382,Austin Carr,WR,,,,,
2026,3,12086,,Cam Johnson,WR,,,,,
2026,3,2651,,Phillip Sims,QB,,,,,
2026,3,4660,00-0033696,Sean Culkin,TE,,,,,
2026,3,6920,,Isaiah Hodgins,WR,,,,,
2026,3,3516,,Mitch Mathews,WR,,,,,
2026,3,12470,,Riley Leonard,QB,IND,,Out,,3
2026,3,12118,,Jacob Warren,TE,,,,,
2026,3,4827,,Germone Hopper,WR,,,,,
2026,3,8428,,Zander Horvath,RB,,,,,
2026,3,13780,,Terion Stewart,RB,,,,,
2026,3,12880,,Silas Bolden,WR,,,,,
2026,3,4051,00-0033597,Chad Kelly,QB,,,,,
2026,3,4563,,Taylor McNamara,TE,,,,,
2026,3,5271,00-0034449,Buddy Howell,RB,,,,,
2026,3,4985,00-0034750,Rashaad Penny,RB,,,,,
2026,3,4725,,Phazahn Odom,TE,,,,,
2026,3,5917, 00-0035140,Mecole Hardman,WR,,,,,
2026,3,2945,,Lee Ward,RB,,,,,
2026,3,12460,,Antwane Wells,WR,ATL,,,,
2026,3,5022,00-0034351,Dallas Goedert,TE,PHI,,Questionable,,1
2026,3,12849,,Traeshon Holden,WR,,,,,
2026,3,616,00-0027696,Jimmy Graham,TE,,,,,
2026,3,13334,,C.J. Charleston,WR,,,,,
2026,3,7436,,Mason Kinsey,WR,,,,,
2026,3,4434,,Brisly Estime,WR,,,,,
2026,3,3045,00-0031711,Gannon Sinclair,TE,,,,,
2026,3,2923,,Connor Neighbors,RB,,,,,
2026,3,5176, 00-0034748,Davon Grayson,WR,,,,,
2026,3,14031,,Kyron Hudson,WR,,,Questionable,,
2026,3,1943,,Lacoltan Bester,WR,,,,,
2026,3,6701, 00-0035653,Fred Trevillion,WR,,,,,
2026,3,6031, 00-0035512,Alex Barnes,RB,,,,,
2026,3,11182,,Ronald Awatt,RB,,,,,
2026,3,13042,,Xavier Guillory,WR,BAL,,,,
2026,3,7556,,Marquez Stevenson,WR,,,,,
2026,3,3462,,Jared Dangerfield,WR,,,,,
2026,3,4273,00-0033594,Chris Carson,RB,,,,,
2026,3,4708,,KeVonn Mabon,WR,,,,,
2026,3,3205,00-0033104,Cody Kessler,QB,,,,,
2026,3,6692, 00-0035601,Joe Horn,WR,,,,,
2026,3,13043,,Chris Tyree,WR,,,,,
2026,3,13160,,Reggie Brown,TE,,,,,
2026,3,2886,,Justin Sinz,TE,,,,,
2026,3,5799,00-0034892,Darius Prince,WR,,,,,
2026,3,8705,,Landon Lenoir,WR,,,,,
2026,3,1689,00-0030035,Adam Thielen,WR,,,NA,,
2026,3,12231,,JJ Laap,WR,,,,,
2026,3,11082,,Ben Sims,TE,,,Questionable,,
2026,3,12085,,Alec Holler,TE,,,,,
2026,3,12033,,OJ Hiliare,WR,,,,,
2026,3,8233,,Mataeo Durant,RB,,,,,
2026,3,8755,,Kaden Davis,WR,CHI,,,,
2026,3,12392,,Tre Mosley,WR,,,,,
2026,3,5292,00-0034667,Devin Ross,WR,,,,,
2026,3,6955,,James Robinson,RB,,,,,
2026,3,6606, 00-0035471,Nick Fitzgerald,QB,,,,,
2026,3,5068,00-0034349,Kerryon Johnson,RB,,,,,
2026,3,2121,00-0031189,T.J. Jones,WR,,,,,
2026,3,7387,,George Campbell,WR,,,,,
2026,3,11941,,Isaiah Wooden,WR,,,,,
2026,3,14055,,Louis Hansen,TE,,,,,
2026,3,1170,00-0029141,Alfred Morris,RB,,,,,
2026,3,5102,00-0034395,Daurice Fountain,WR,,,,,
2026,3,5261,00-0034633,Jester Weah,WR,,,,,
2026,3,6187, 00-0035716,Aca'Cedric Ware,RB,,,,,
2026,3,7586,,Dazz Newsome,WR,,,,,
2026,3,4125,00-0033911,Taywan Taylor,WR,,,,,
2026,3,5919, 00-0035442,Elijah Holyfield,RB,,,,,
2026,3,4364,,Karel Hamilton,WR,,,,,
2026,3,3727,,Dennis Parks,WR,,,,,
2026,3,11544,,Avery Davis,WR,,,,,
2026,3,4497,,Tony Stevens,WR,,,,,
2026,3,5005,00-0034267,Jaleel Scott,WR,,,,,
2026,3,1794,00-0030711,David Fluellen,RB,,,,,
2026,3,13354,,Eric McAlister,WR,,,Questionable,,
2026,3,8825,,Kekoa Crawford,WR,,,,,
2026,3,5695,00-0034646,Brandon Powell,WR,,,,,
2026,3,12260,,Mason Fairchild,TE,,,,,
2026,3,12863,,Andrew Armstrong,WR,KC,,,,
2026,3,12852,,Monaray Baldwin,WR,,,,,
2026,3,13100,,Eli Wilson,TE,,,,,
2026,3,5734,00-0034709,C.J. Duncan,WR,,,,,
2026,3,6370, 00-0035443,Damion Jeanpiere,WR,,,,,
2026,3,11140,,Leonard Taylor,TE,,,,,
2026,3,11176,,Khalan Laborn,RB,,,,,
2026,3,8221,,Keaontay Ingram,RB,,,,,
2026,3,7885,,Bailey Gaither,WR,,,,,
2026,3,12320,,Treyton Pickering,TE,,,,,
2026,3,3646,,Quayvon Hicks,RB,,,,,
2026,3,12775,,Max Brosmer,QB,MIN,,,,
2026,3,12901,,Patrick Herbert,TE,LAC,,,,
2026,3,12291,,Dakota Caton,WR,,,,,
2026,3,7901,,Rico Bussey,WR,,,,,
2026,3,2374,00-0032211,Tyler Lockett,WR,,,,,
2026,3,6957,,James Proche,WR,,,,,
2026,3,3357,00-0032434,Brandon Allen,QB,,,,,
2026,3,7573,,Damon Hazelton,WR,,,,,
2026,3,8881,,Willie Johnson,WR,,,,,
2026,3,7466,,Nathan Cottrell,RB,,,,,
2026,3,1451,00-0029854,C.J. Anderson,RB,,,,,
2026,3,7161,,Shane Leatherbury,WR,,,,,
2026,3,4208,00-0033957,Rodney Adams,WR,,,,,
2026,3,12776,,Connor Bazelak,QB,,,,,
2026,3,6685, 00-0035610,Jalen Greene,WR,,,,,
2026,3,6956,,Devin Asiasi,TE,,,,,
2026,3,5536,00-0034253,Dontrell Hilliard,RB,,,,,
2026,3,5243,,Detrich Clark,WR,,,,,
2026,3,4362,00-0033338,Cethan Carter,TE,,,,,
2026,3,4973,00-0034830,Hayden Hurst,TE,,,,,
2026,3,12905,,John Copenhaver,TE,,,,,
2026,3,4535,,Steven Wroblewski,TE,,,,,
2026,3,2382,00-0032257,Duke Johnson,RB,,,,,
2026,3,6878,,Anthony McFarland,RB,,,,,
2026,3,7993,,Trey Ragas,RB,,,,,
2026,3,8184,,D'Vonte Price,RB,,,,,
2026,3,4665,,Eli Jenkins,QB,,,,,
2026,3,12070,,McCallan Castles,TE,,,Questionable,,
2026,3,4613,,Shaq Hill,WR,,,,,
2026,3,4367,,Monty Madaris,WR,,,,,
2026,3,6394,,Romell Guerrier,WR,,,,,
2026,3,12928,,Amar Johnson,RB,LAC,,,,
2026,3,7848,,Scooter Harrington,TE,,,,,
2026,3,12113,,Thomas Yassmin,TE,GB,,IR,,6
2026,3,5248,00-0034184,Gus Edwards,RB,,,,,
2026,3,2755,00-0031690,Eric Tomlinson,TE,,,,,
2026,3,7735,,Cary Angeline,TE,,,,,
2026,3,1273,,Francis Owusu,WR,,,,,
2026,3,5955, 00-0034983,Hunter Renfrow,WR,,,,,
2026,3,13403,,Jam Miller,RB,,,Questionable,,
2026,3,2191,00-0031121,Marcus Lucas,WR,,,,,
2026,3,6493, 00-0035092,Justin Johnson,TE,,,,,
2026,3,1592,00-0029738,Darren Fells,TE,TB,,,,
2026,3,3868,00-0033025,Jalen Richard,RB,LV,,,,
2026,3,5323,00-0034279,Equanimeous St. Brown,WR,,,,,
2026,3,13151,,Nick Kallerup,TE,SEA,,,,4
2026,3,5166,00-0034256,Da'Mari Scott,WR,,,,,
2026,3,13946,,Jamal Haynes,RB,,,,,
2026,3,6982,,Cheyenne O'Grady,TE,,,,,
2026,3,533,00-0027688,Colt McCoy,QB,,,,,
2026,3,13212,,Cade McDonald,WR,,,,,
2026,3,4641,,Keeon Johnson,WR,,,,,
2026,3,1388,00-0030549,Tyler Eifert,TE,,,,,
2026,3,344,00-0027150,Julian Edelman,WR,,,,,
2026,3,13427,,Diego Pavia,QB,,,,,
2026,3,11654,,Dante Miller,RB,,,Questionable,,
2026,3,4175,00-0033840,Chad Hansen,WR,,,,,
2026,3,6108,,Jacques Patrick,RB,,,,,
2026,3,13017,,Hajj-Malik Williams,QB,,,,,
2026,3,13256,,Roderick Daniels,WR,,,,,
2026,3,13830,,Kyle Dixon,WR,NE,,,,
2026,3,4480,00-0033434,Bobo Wilson,WR,,,,,
2026,3,13923,,Joshua Pitsenberger,RB,,,,,
2026,3,6115, 00-0035489,Wes Hills,RB,,,,,
2026,3,6234, 00-0035215,Deonte Harty,WR,,,Questionable,,
2026,3,2918,,Demetrius Wilson,WR,,,,,
2026,3,2573,,DaVaris Daniels,WR,,,,,
2026,3,11292,,Tommy DeVito,QB,NE,,,,3
2026,3,8433,,Cade Brewer,TE,,,,,
2026,3,12476,,Devin Neal,RB,,,Questionable,,
2026,3,8595,,Kyric McGowan,WR,,,,,
2026,3,3894,00-0033095,Garrett Griffin,TE,,,,,
2026,3,12511,,Will Howard,QB,PIT,,Out,,3
2026,3,8002,,Shane Buechele,QB,BUF,,,,
2026,3,11554,,Chase Cota,WR,,,,,
2026,3,7540,,Amari Rodgers,WR,,,,,
2026,3,8118,,David Bell,WR,,,,,
2026,3,13355,,DJ Rogers,TE,DAL,,IR,,7
2026,3,4864,00-0034057,Jevoni Robinson,TE,,,,,
2026,3,2632,,Desmond Martin,RB,,,,,
2026,3,3343,00-0032792,Nate Sudfeld,QB,,,,,
2026,3,6165, 00-0035126,Antoine Wesley,WR,,,,,
2026,3,8769,,Josh Bist,TE,,,,,
2026,3,11123,,Tyler Hoosman,RB,,,,,
2026,3,12478,,Nick Nash,WR,,,,,
2026,3,12457,,Jaydon Blue,RB,PHI,,,,
2026,3,7578,,Myron Mitchell,WR,,,,,
2026,3,7548,,Tyler Vaughns,WR,,,,,
2026,3,13859,,Jalen Walthall,WR,,,Questionable,,
2026,3,4373,,Stanley Williams,RB,,,,,
2026,3,3475,,Keyarris Garrett,WR,,,,,
2026,3,6049, 00-0035361,Tyre Brady,WR,,,,,
2026,3,8212,,Dustin Crum,QB,,,,,
2026,3,4699,,Kevin Snead,WR,,,,,
2026,3,12966,,Moose Muhammad,WR,,,,,
2026,3,2238,00-0031051,John Brown,WR,,,,,
2026,3,6954,,Cole McDonald,QB,,,,,
2026,3,1992,00-0031428,Allen Robinson,WR,,,,,
2026,3,2028,00-0031280,Derek Carr,QB,,,NA,,
2026,3,12168,,Zach Mathis,WR,,,,,
2026,3,13113,,Dante Wright,WR,,,,,
2026,3,8438,,Corey Sutton,WR,,,,,
2026,3,13001,,Mario Williams,WR,,,Questionable,,
2026,3,6021, 00-0034961,Nick Brossette,RB,,,,,
2026,3,9512,,DeWayne McBride,RB,,,,,
2026,3,2749,00-0031687,Raheem Mostert,RB,,,Questionable,,
2026,3,8435,,Kwamie Lassiter,WR,,,,,
2026,3,4358,00-0033409,Austin Duke,WR,,,,,
2026,3,12757,,Hal Presley,WR,,,,,
2026,3,13850,,Octavian Smith,WR,,,,,
2026,3,13825,,Malik McClain,WR,NYJ,,,,
2026,3,6723, 00-0035723,Vincent Testaverde,QB,,,,,
2026,3,1854,00-0031023,Quincy Enunwa,WR,,,,,
2026,3,11169,,Dresser Winn,QB,,,,,
2026,3,8246,,Bryant Koback,RB,,,,,
2026,3,11371,,Julian Hill,TE,NE,,IR,,4
2026,3,6598, 00-0035341,Trenton Irwin,WR,,,,,
2026,3,12090,,Corey Crooms,WR,,,,,
2026,3,13662,,Will Pauling,WR,SF,,,,
2026,3,7101,,Rodney Smith,RB,,,,,
2026,3,12715,,Thomas Fidone,TE,NYG,,Out,,4
2026,3,4650,00-0033735,Billy Brown,TE,,,,,
2026,3,13328,,Anthony Hankerson,RB,,,,,
2026,3,10857,,Stetson Bennett,QB,LAR,,,,2
2026,3,2733,,Kasey Closs,WR,,,,,
2026,3,9229,,Anthony Richardson,QB,IND,,,,2
2026,3,8624,,Changa Hodge,WR,,,,,
2026,3,7915,,Landen Akers,WR,,,,,
2026,3,11543,,Lachlan Pitts,TE,,,,,
2026,3,13139,,Taylor Morin,WR,,,,,
2026,3,8153,,Isaiah Spiller,RB,,,,,
2026,3,7308,,Nick Bowers,TE,,,,,
2026,3,5107,00-0034331,Jaylen Samuels,RB,,,,,
2026,3,4179,00-0033949,Joshua Dobbs,QB,DET,,,,2
2026,3,13888,,DeShawn Hanika,TE,,,,,
2026,3,11216,,Holton Ahlers,QB,,,,,
2026,3,10866,,Aidan O'Connell,QB,LV,,Out,,3
2026,3,4301,,Josh Magee,WR,,,,,
2026,3,6037, 00-0034955,Brett Rypien,QB,,,,,
2026,3,3859,00-0033035,Jalen Simmons,RB,,,,,
2026,3,9503,,Jacob Copeland,WR,,,,,
2026,3,4775,,David Olson,QB,,,,,
2026,3,4055,00-0033879,O.J. Howard,TE,,,,,
2026,3,6142, 00-0035320,Caleb Wilson,TE,,,,,
2026,3,13013,,Mark Redman,TE,GB,,,,7
2026,3,13967,,Jimmy Kibble,WR,,,Questionable,,
2026,3,12528,,Ajou Ajou,WR,,,,,
2026,3,12222,,Joseph Scates,WR,,,,,
2026,3,606,00-0027796,Joe Webb,QB,,,,,
2026,3,13595,,Cash Jones,RB,ATL,,,,
2026,3,11299,,Zavier Scott,RB,CHI,,,,
2026,3,11901,,Kyle Sheets,WR,,,,,
2026,3,14068,,Drew Biber,TE,,,,,
2026,3,3486,,Chris Brown,WR,,,,,
2026,3,964,00-0027985,Lance Kendricks,TE,,,,,
2026,3,8747,,Roger Carter,TE,,,,,
2026,3,13779,,Al-Jay Henderson,RB,NYJ,,,,
2026,3,7983,,Collin Hill,QB,,,,,
2026,3,455,00-0026986,Michael Crabtree,WR,,,,,
2026,3,8690,,Jake Herslow,WR,,,,,
2026,3,6895,,Quintez Cephus,WR,,,,,
2026,3,11380,,Johnny Lumpkin,TE,,,,,
2026,3,12891,,Jordan Bly,WR,,,,,
2026,3,8858,,Keshunn Abram,WR,,,,,
2026,3,7951,,B.J. Emmons,RB,,,,,
2026,3,12151,,Julian Hicks,WR,SEA,,,,
2026,3,4832,,Andrew Price,TE,,,,,
2026,3,13240,,Toa Taua,RB,,,,,
2026,3,3770,,Quenton Bundrage,WR,,,,,
2026,3,3688,00-0032540,Tra Carson,RB,,,,,
2026,3,7462,,Stephen Guidry,WR,,,,,
2026,3,11410,,Braxton Burmeister,WR,,,,,
2026,3,7610,,Trey Lance,QB,LAC,,,,2
2026,3,4777,,De'Chavon Hayes,RB,,,,,
2026,3,6846,,Hunter Bryant,TE,,,,,
2026,3,6223, 00-0035593,Juwann Winfree,WR,,,,,
2026,3,13849,,Cortez Braham,WR,,,,,
2026,3,12800,,Oscar Cardenas,TE,,,,,
2026,3,12013,,Jaden Shirden,RB,,,,,
2026,3,5885, 00-0035652,Ryan Finley,QB,,,,,
2026,3,13313,,Emmanuel Henderson,WR,SEA,,,,
2026,3,13776,,Hank Beatty,WR,,,,,
2026,3,14041,,Anderson Castle,RB,IND,,,,
2026,3,2578,,John Harris,WR,,,,,
2026,3,11158,,Jalen Sample,WR,,,,,
2026,3,3340,00-0032429,Jerell Adams,TE,,,,,
2026,3,5425,00-0034106,John Diarse,WR,,,,,
2026,3,13410,,Chase Roberts,WR,,,Questionable,,
2026,3,4463,,Tyler McCloskey,RB,,,,,
2026,3,11601,,Trey Knox,TE,,,,,
2026,3,14040,,Terrill Davis,WR,,,,,
2026,3,12953,,Jalen White,RB,,,,,
2026,3,7563,,Javian Hawkins,RB,,,,,
2026,3,7503,,Connor Davis,TE,,,,,
2026,3,8190,,Abram Smith,RB,,,,,
2026,3,13904,,Jacob De Jesus,WR,,,,,
2026,3,5162,00-0034578,Reggie Bonnafon,RB,,,,,
2026,3,536,00-0027793,Antonio Brown,WR,,,,,
2026,3,7989,,DJ Turner,WR,,,Questionable,,
2026,3,23,00-0022127,Jason Witten,TE,,,,,
2026,3,4622,00-0033681,Keelan Cole,WR,,,,,
2026,3,3041,00-0032319,Ross Travis,TE,,,,,
2026,3,818,00-0028064,Bilal Powell,RB,,,,,
2026,3,7414,,Johnathon Johnson,WR,,,,,
2026,3,11204,,Duece Watts,WR,,,,,
2026,3,13426,,Sawyer Robertson,QB,,,,,
2026,3,11975,,Jordan Terrell,RB,,,,,
2026,3,147,00-0026189,DeSean Jackson,WR,,,,,
2026,3,7237,,Scotty Washington,WR,,,,,
2026,3,7949,,Trevon Grimes,WR,,,,,
2026,3,7978,,Tre Walker,WR,,,,,
2026,3,4605,00-0033763,Evan Baylis,TE,,,,,
2026,3,7370,,JoJo Ward,WR,,,,,
2026,3,574,00-0027902,Dez Bryant,WR,,,,,
2026,3,8247,,Gerrit Prince,TE,,,,,
2026,3,7541,,Cornell Powell,WR,,,,,
2026,3,4408,,Terrell Newby,RB,,,,,
2026,3,5233,00-0034169,Marcus Baugh,TE,,,,,
2026,3,10444,,Cedric Tillman,WR,NO,,,,
2026,3,2200,,Timothy Flanders,RB,,,,,
2026,3,1144,00-0029000,Cole Beasley,WR,,,,,
2026,3,13085,,Kole Taylor,TE,,,,,
2026,3,6539, 00-0034935,Devontae Jackson,RB,,,,,
2026,3,1825,00-0031382,Jarvis Landry,WR,,,,,
2026,3,6203, 00-0035725,Valentine Holmes,RB,,,,,
2026,3,6238, 00-0035034,Tyree Mayfield,TE,,,,,
2026,3,7612,,Dee Eskridge,WR,,,,,
2026,3,12100,,Chris Autman-Bell,WR,,,,,
2026,3,3319,00-0032423,Trevor Davis,WR,,,,,
2026,3,12480,,Moliki Matavao,TE,NO,,IR,,6
2026,3,4283,00-0033797,Khalfani Muhammad,RB,,,,,
2026,3,8215,,Austin Allen,TE,,,,,
2026,3,4955,,Ronald Jones,RB,,,,,
2026,3,7529,,Gary Brightwell,RB,,,,,
2026,3,8061,,Jake Hausmann,TE,,,,,
2026,3,4924,,Zach Terrell,QB,BAL,,,,
2026,3,13032,,Marshall Lang,TE,MIN,,,,
2026,3,5699,,Matt Fleming,WR,,,,,
2026,3,3258,00-0032394,Nick Vannett,TE,BAL,,,,
2026,3,6164, 00-0035660,Kahale Warring,TE,,,,,
2026,3,184,00-0025394,Adrian Peterson,RB,,,,,
2026,3,2587,00-0031504,Dres Anderson,WR,,,,,
2026,3,5547,00-0034306,Ryan Smith,TE,,,,,
2026,3,5549,00-0034301,Darrel Williams,RB,,,,,
2026,3,7211,,Zimari Manning,WR,,,,,
2026,3,3410,,Jake Coker,QB,,,,,
2026,3,11556,,Devin Leary,QB,,,,,
2026,3,12188,,Justin Strong,RB,,,,,
2026,3,973,00-0028074,Anthony Sherman,RB,,,,,
2026,3,4381,00-0033357,Taysom Hill,TE,,,,,
2026,3,12477,,Kurtis Rourke,QB,SF,,Out,,3
2026,3,4169,00-0033464,Jehu Chesson,WR,,,,,
2026,3,7899,,Isaiah McKoy,WR,,,,,
2026,3,5117,00-0034420,Jordan Thomas,TE,,,,,
2026,3,7454,,Travis Jonsen,WR,,,,,
2026,3,1793,00-0030710,Trey Burton,TE,,,,,
2026,3,8741,,Jamal Pettigrew,TE,,,,,
2026,3,4962,00-0034845,Sony Michel,RB,,,,,
2026,3,6167, 00-0035275,Jordan Scarlett,RB,MIA,,,,
2026,3,11595,,Jared Wiley,TE,KC,,Out,,3
2026,3,12531,,Trevor Etienne,RB,CAR,,IR,,4
2026,3,4790,,Robert Wheelwright,WR,,,,,
2026,3,5123,00-0034164,Trenton Cannon,RB,,,,,
2026,3,4183,00-0033958,Nathan Peterman,QB,,,,,
2026,3,5264,00-0034292,Blake Mack,TE,,,,,
2026,3,7320,,Dalton Schoen,WR,,,,,
2026,3,8238,,Emeka Emezie,WR,,,,,
2026,3,7335,,Bryce Perkins,QB,,,,,
2026,3,8420,,Jack Sorenson,WR,,,,,
2026,3,4221,00-0033528,Jeremy Sprinkle,TE,,,,,
2026,3,6554, 00-0035035,Shawn Poindexter,WR,,,,,
2026,3,4531,00-0033611,Ricky Seals-Jones,TE,,,,,
2026,3,6963,,Patrick Taylor,RB,,,Questionable,,
2026,3,4676,,Darreus Rogers,WR,,,,,
2026,3,8057,,Kenji Bahar,QB,,,,,
2026,3,5101,00-0034406,Deon Cain,WR,,,,,
2026,3,12431,,Rory Starkey,WR,,,,,
2026,3,13705,,Ty Pezza,TE,BAL,,,,
2026,3,12973,,DJ Thomas-Jones,TE,,,,,
2026,3,1619,00-0030155,Demetrius Harris,TE,,,,,
2026,3,13117,,Qualan Jones,RB,,,,,
2026,3,4839,,Mitch Leidner,QB,,,,,
2026,3,11808,,Jha'Quan Jackson,WR,,,,,
2026,3,4831,00-0034038,Justice Liggins,WR,,,,,
2026,3,7357,,Dan Chisena,WR,,,Questionable,,
2026,3,8568,,John Lovett,RB,,,,,
2026,3,12281,,Dimitri Stanley,WR,,,,,
2026,3,6843,,Albert Okwuegbunam,TE,,,,,
2026,3,11136,,Oliver Martin,WR,,,,,
2026,3,6898,,Anthony Gordon,QB,,,,,
2026,3,12777,,Joaquin Davis,WR,,,,,
2026,3,8864,,Ben Beise,TE,,,,,
2026,3,14039,,Mante Morrow,WR,,,,,
2026,3,3660,,Valdez Showers,WR,,,,,
2026,3,5009,00-0034766,Chris Herndon,TE,,,,,
2026,3,3606,,Amir Carlisle,WR,,,,,
2026,3,6147, 00-0035283,Clayton Thorson,QB,NYG,,,,
2026,3,7789,,Jalen Camp,WR,,,,,
2026,3,8749,,Tyreik McAllister,RB,,,,,
2026,3,14008,,Rodney Hammond,RB,,,,,
2026,3,13275,,Ty Simpson,QB,LAR,,Out,,3
2026,3,7087,,Jonathan Ward,RB,BAL,,,,
2026,3,12969,,Lan Larison,RB,NE,,,,
2026,3,8423,,Brittain Brown,RB,CHI,,IR,,5
2026,3,10865,,Travis Dye,RB,,,,,
2026,3,12815,,Stevo Klotz,TE,,,,,
2026,3,4309,00-0033240,Scott Orndoff,TE,,,,,
2026,3,13920,,Jonathan Brady,WR,,,,,
2026,3,12080,,Aidan Robbins,RB,,,,,
2026,3,14067,,Jeff Weimer,WR,,,,,
2026,3,14037,,Rashad Rochelle,WR,,,,,
2026,3,12007,,Nathaniel Peat,RB,,,,,
2026,3,7084,,Jake Luton,QB,,,,,
2026,3,11133,,Jaray Jenkins,WR,,,,,
2026,3,1234,00-0029263,Russell Wilson,QB,,,,,
2026,3,2900,,Terrence Franks,RB,,,,,
2026,3,12541,,Dont'e Thornton,WR,LV,,IR,,10
2026,3,2913,,Gavin Lutman,WR,,,,,
2026,3,12306,,La'Damian Webb,RB,,,,,
2026,3,11491,,Austin Aune,QB,,,,,
2026,3,12732,,Dominic Lovett,WR,DET,,,,
2026,3,12296,,Kaylon Horton,WR,,,,,
2026,3,13781,,Ken Seals,QB,,,,,
2026,3,7996,,Dillon Stoner,WR,,,,,
2026,3,13269,,Fernando Mendoza,QB,LV,,,,1
2026,3,1338,00-0030533,Matt Barkley,QB,,,,,
2026,3,8634,,Chris Pierce,TE,,,,,
2026,3,4187,00-0033567,Brian Hill,RB,,,,,
2026,3,2279,00-0031257,Paul Richardson,WR,,,,,
2026,3,1476,00-0030513,Latavius Murray,RB,,,,,
2026,3,5080,00-0034273,Damion Ratley,WR,,,,,
2026,3,8884,,JJ Howland,TE,,,,,
2026,3,12107,,Dylan Leonard,TE,,,,,
2026,3,4151,00-0033564,Jake Butt,TE,,,,,
2026,3,13124,,Jeremiah Webb,WR,NE,,IR,,7
2026,3,5195,00-0034670,Akrum Wadley,RB,,,,,
2026,3,1110,00-0029608,T.Y. Hilton,WR,,,,,
2026,3,5710,00-0034733,Nick Holley,WR,,,,,
2026,3,7565,,Terrace Marshall,WR,,,,,
2026,3,11374,,James Blackman,QB,,,,,
2026,3,11257,,Shedrick Jackson,WR,,,,,
2026,3,7103,,Tavien Feaster,RB,ARI,,,,
2026,3,8589,,Marcus Santos-Silva,TE,,,,,
2026,3,1352,00-0030431,Robert Woods,WR,,,NA,,
2026,3,4930,,Franko House,TE,CHI,,,,
2026,3,8419,,Stanley Berryhill,WR,,,,,
2026,3,7005,,Scottie Phillips,RB,,,,,
2026,3,6144, 00-0035291,Trayveon Williams,RB,,,,,
2026,3,3542,,DeAndre Reaves,WR,,,,,
2026,3,3495,,Mike Bercovici,QB,,,,,
2026,3,11385,,Brian Walker,TE,,,,,
2026,3,6334, 00-0035448,Damarea Crockett,RB,,,,,
2026,3,13166,,Kisean Johnson,WR,,,,,
2026,3,10230,,Jalen Wayne,WR,,,,,
2026,3,6951,,Eno Benjamin,RB,,,,,
2026,3,13810,,Rohan Jones,TE,,,,,
2026,3,4335,00-0033275,P.J. Walker,QB,,,,,
2026,3,4392,00-0033402,Malcolm Lewis,WR,,,,,
2026,3,11472,,Alfonzo Graham,RB,,,,,
2026,3,6919,,Thaddeus Moss,TE,,,,,
2026,3,13773,,Isaiah Jacobs,RB,,,,,
2026,3,12003,,Gunnar Watson,QB,,,,,
2026,3,12383,,John Jiles,WR,,,Questionable,,
2026,3,12352,,Jeremy Moussa,QB,,,,,
2026,3,4752,00-0033994,Fred Brown,WR,,,,,
2026,3,12062,,Cam Grandy,TE,MIN,,,,
2026,3,11247,,Mac Hippenhammer,WR,,,,,
2026,3,4338,,Levern Jacobs,WR,,,,,
2026,3,12462,,Damien Martinez,RB,,,,,
2026,3,6487, 00-0035119,Charles Scarff,TE,,,,,
2026,3,12893,,Nate McCollum,WR,,,,,
2026,3,5295, 00-0034103,De'Mornay Pierson-El,WR,,,,,
2026,3,4485, 00-0033508,William Stanback,RB,,,,,
2026,3,3732,,Richard Mullaney,WR,,,,,
2026,3,8026,,Landon Rice,TE,,,,,
2026,3,6089, 00-0035428,Daniel Helm,TE,,,,,
2026,3,11900,,Jacob Kibodi,RB,,,,,
2026,3,8413,,Chris Oladokun,QB,,,Questionable,,
2026,3,11474,,Dylan Drummond,WR,ATL,,,,
2026,3,13063,,Darius Lassiter,WR,,,,,
2026,3,3504,,Steven Scheu,TE,,,,,
2026,3,8928,,Daylen Baldwin,WR,,,,,
2026,3,12834,,Jimmy Bell,TE,,,,,
2026,3,8105,,Brayden Lenius,TE,,,,,
2026,3,5751,00-0034784,Austin Roberts,TE,,,,,
2026,3,7009,,Trishton Jackson,WR,,,,,
2026,3,4409,00-0033332,Josiah Price,TE,,,,,
2026,3,6364, 00-0035376,Papi White,WR,,,,,
2026,3,6059, 00-0035592,Travis Fulgham,WR,,,,,
2026,3,12829,,Coleman Owen,WR,,,Questionable,,
2026,3,13677,,Noah Short,WR,,,,,
2026,3,8828,,Michael Young,WR,,,,,
2026,3,12773,,DJ Uiagalelei,QB,LAC,,,,
2026,3,7176,,Caleb Repp,TE,,,,,
2026,3,2206,,Logan Kilgore,QB,,,,,
2026,3,9481,,Luke Musgrave,TE,GB,,PUP,,5
2026,3,11213,,Camren McDonald,TE,,,,,
2026,3,13419,,Jaydn Ott,RB,KC,,,,
2026,3,5224,,Taj Williams,WR,,,,,
2026,3,4600,,Noel Thomas,WR,,,,,
2026,3,5131,00-0034440,Justin Jackson,RB,,,,,
2026,3,12939,,Anthony Tyus,RB,CAR,,,,
2026,3,11548,,Aaron Dykes,RB,,,,,
2026,3,4326,00-0033261,Bug Howard,TE,,,,,
2026,3,7109,,Malcolm Perry,WR,,,,,
2026,3,12226,,Lorenzo Lingard,RB,,,,,
2026,3,8129,,Dameon Pierce,RB,PHI,,,,
2026,3,8685,,John Mitchell,TE,,,,,
2026,3,13281,,Jordyn Tyson,WR,NO,,IR,,11
2026,3,8437,,Thomas Hennigan,WR,,,,,
2026,3,6595, 00-0035577,Devlin Hodges,QB,,,,,
2026,3,8173,,ZaQuandre White,RB,,,,,
2026,3,8243,,DeAndre Torrey,RB,,,,,
2026,3,13303,,Cade Klubnik,QB,NYJ,,,,2
2026,3,559,,Tim Tebow,TE,,,,,
2026,3,5754,00-0034788,Jaeden Graham,TE,,,,,
2026,3,8201,,Jack Coan,QB,,,,,
2026,3,13962,,Cameron Dorner,WR,NE,,,,
2026,3,5032,00-0034364,Jordan Akins,TE,,,,,
2026,3,4080,00-0033891,Zay Jones,WR,,,,,
2026,3,14058,,Malick Meiga,WR,,,Questionable,,
2026,3,4997,00-0034679,Mark Walton,RB,,,,,
2026,3,3418,00-0032351,Mekale McKay,WR,,,,,
2026,3,4728,,Bart Houston,QB,,,,,
2026,3,11312,,T.J. Luther,WR,,,,,
2026,3,12538,,Brady Cook,QB,MIA,,Out,,2
2026,3,4050,00-0033215,Cyril Grayson,WR,,,,,
2026,3,13010,,Jordan Waters,RB,LAR,,,,
2026,3,11867,,Jaelen Gill,WR,,,,,
2026,3,8416,,Jalen Virgil,WR,,,Questionable,,
2026,3,8621,,Garrett Walston,TE,,,,,
2026,3,5126,00-0034442,Austin Proehl,WR,,,,,
2026,3,13193,,Ketron Jackson,WR,,,,,
2026,3,13726,,Camden Brown,WR,DAL,,Out,,6
2026,3,6973,,J.J. Taylor,RB,,,,,
2026,3,5548,,Elijah Marks,WR,,,,,
2026,3,6585, 00-0035551,Tony Brooks-James,RB,,,,,
2026,3,12314,,Beau Corrales,WR,,,,,
2026,3,10223,,Eric Gray,RB,CLE,,,,
2026,3,7597,,Kenny Yeboah,TE,,,Questionable,,
2026,3,7287,,Josh Hammond,WR,,,,,
2026,3,6161, 00-0035546,L.J. Scott,RB,,,,,
2026,3,12134,,Sam Wiglusz,WR,,,,,
2026,3,5250,00-0034510,Robert Foster,WR,,,,,
2026,3,2528,00-0032139,Ben Koyack,TE,,,,,
2026,3,13225,,Sam Brown,WR,,,,,
2026,3,5199,00-0034297,Byron Pringle,WR,,,,,
2026,3,8224,,Cole Kelley,QB,,,,,
2026,3,7622,,Sammis Reyes,TE,,,,,
2026,3,7236,,Devwah Whaley,RB,,,,,
2026,3,6401, 00-0034927,T.J. Rahming,WR,,,,,
2026,3,2394,00-0032245,Sean Mannion,QB,,,,,
2026,3,8209,,Makai Polk,WR,,,,,
2026,3,5156,00-0034491,Andrew Vollert,TE,,,,,
2026,3,13276,,Omar Cooper,WR,NYJ,,IR,,9
2026,3,12818,,Elijah Young,RB,,,,,
2026,3,8051,,Josh Johnson,RB,,,,,
2026,3,7245,,Nate Wieting,TE,,,,,
2026,3,11210,,Malik Heath,WR,ATL,,,,
2026,3,4636,00-0033762,Lenard Tillery,RB,,,,,
2026,3,13963,,Nick DeGennaro,WR,,,,,
2026,3,8089,,Sal Cannella,TE,,,,,
2026,3,3594,00-0032741,Peyton Barber,RB,,,,,
2026,3,7859,,Nick Eubanks,TE,,,,,
2026,3,3652,00-0033114,Mike Thomas,WR,,,,,
2026,3,8890,,Naz Bohannon,TE,,,,,
2026,3,111,00-0024243,Marcedes Lewis,TE,,,,,
2026,3,7550,,Warren Jackson,WR,,,,,
2026,3,13152,,Justin Lockhart,WR,,,,,
2026,3,13003,,Tru Edwards,WR,,,,,
2026,3,13121,,Ben Yurosek,TE,MIN,,IR,,5
2026,3,6943,,Gabe Davis,WR,,,Questionable,,
2026,3,1984,00-0030821,Allen Hurns,WR,MIA,,,,
2026,3,13760,,Jaden Bradley,WR,WAS,,,,
2026,3,12170,,Jaaron Hayek,WR,,,,,
2026,3,8539,,Seth Green,TE,,,,,
2026,3,6605, 00-0035479,Cortrelle Simpson,WR,,,,,
2026,3,7551,,Deon Jackson,RB,,,,,
2026,3,2880,,Zach Laskey,RB,,,,,
2026,3,7299,,Justice Shelton-Mosley,WR,,,,,
2026,3,7954,,Connor Wedington,WR,,,,,
2026,3,7032,,Tyrie Cleveland,WR,,,,,
2026,3,11802,,Tejhaun Palmer,WR,,,,,
2026,3,7522,,Hunter Thedford,TE,,,,,
2026,3,6540, 00-0035385,DeAndre Thompkins,WR,GB,,,,
2026,3,12217,,Shawn Bowman,TE,ARI,,,,
2026,3,7793,,Racey McMath,WR,,,,,
2026,3,8192,,Curtis Hodges,TE,,,,,
2026,3,11502,,Brian Cobbs,WR,,,,,
2026,3,5139,00-0034339,Trey Quinn,WR,,,,,
2026,3,1841,,Stephen Houston,RB,,,,,
2026,3,5590,00-0034330,Jordan Smallwood,WR,,,,,
2026,3,7572,,Kylin Hill,RB,,,,,
2026,3,5745,,Nick Stevens,QB,,,,,4
2026,3,1817,00-0031325,Sammy Watkins,WR,,,,,
2026,3,5801,00-0034893,Kobe McCrary,RB,,,,,
2026,3,3824,00-0032864,Alex Ellis,TE,,,,,
2026,3,7904,,Stevie Scott,RB,,,,,
2026,3,8583,,Stone Smartt,TE,NO,,,,
2026,3,14062,,Tyler Moore,TE,,,,,
2026,3,4323,00-0033258,Darrell Daniels,TE,,,,,
2026,3,13343,,Vinny Anthony,WR,ATL,,,,
2026,3,1386,00-0030456,Giovani Bernard,RB,,,,,
2026,3,6824,,Donovan Peoples-Jones,WR,,,,,
2026,3,2817,,Daniel Rodriguez,WR,,,,,
2026,3,2532,00-0031960,Da'Ron Brown,WR,,,,,
2026,3,268,00-0023436,Alex Smith,QB,,,,,
2026,3,7076,,Jeff Thomas,WR,,,,,
2026,3,11159,,Zion Bowens,WR,,,,,
2026,3,4803,,Nate Iese,TE,,,,,
2026,3,5863, 00-0035246,J.J. Arcega-Whiteside,WR,,,,,
2026,3,13844,,Coleman Bennett,RB,,,,,
2026,3,6873,,Austin Mack,WR,,,,,
2026,3,208,00-0021206,Josh McCown,QB,,,,,
2026,3,8560,,Davis Cheek,QB,,,,,
2026,3,12984,,CJ Dippre,TE,TB,,,,
2026,3,1029,00-0029567,Nick Foles,QB,,,,,
2026,3,11874,,Jaylen Johnson,WR,,,,,
2026,3,4344,00-0033367,C.J. Board,WR,,,,,
2026,3,12150,,Jarveon Howard,RB,,,,,
2026,3,6892,,Nate Stanley,QB,,,,,
2026,3,13890,,Michael Briscoe,WR,MIN,,,,
2026,3,4218,00-0033292,Trent Taylor,WR,,,,,
2026,3,6178, 00-0035148,Darwin Thompson,RB,,,,,
2026,3,12154,,Messiah Swinson,TE,CLE,,,,
2026,3,1642,00-0030443,Levine Toilolo,TE,NYG,,,,
2026,3,13597,,Matthew Caldwell,QB,LAR,,IR,,4
2026,3,8849,,Tanner Conner,TE,,,,,
2026,3,8159,,Desmond Ridder,QB,,,,,
2026,3,2751,00-0032098,Daniel Brown,TE,,,,,
2026,3,2938,,Cam Worthy,WR,,,,,
2026,3,4895,,Lamar Atkins,WR,,,,,
2026,3,3554,,David Reeves,TE,,,,,
2026,3,2152,00-0031237,Teddy Bridgewater,QB,,,NA,,
2026,3,8018,,Shaun Beyer,TE,,,,,
2026,3,13931,,E.J. Horton,WR,,,,,
2026,3,5392,00-0034074,Jack Heneghan,QB,,,,,
2026,3,868,00-0028142,Virgil Green,TE,,,,,
2026,3,2600,,Ricky Seale,RB,,,,,
2026,3,7190,,Bronson Rechsteiner,RB,,,,,
2026,3,13101,,Gage Larvadain,WR,BAL,,,,
2026,3,12061,,Noah Cain,RB,,,,,
2026,3,3582,00-0032355,Chester Rogers,WR,,,,,
2026,3,5358,00-0034563,Anthony Manzo-Lewis,TE,,,,,
2026,3,11523,,Cody Chrest,WR,,,,,
2026,3,12212,,Austin Stogner,TE,,,,,
2026,3,8572,,Andrew Parchment,WR,,,,,
2026,3,13681,,Kaidon Salter,QB,,,,,
2026,3,13941,,Omari Kelly,WR,,,,,
2026,3,6007, 00-0035268,Ryquell Armstead,RB,,,,,
2026,3,4327,00-0033262,Colin Jeter,TE,,,,,
2026,3,5210,00-0034220,Korey Robertson,WR,,,,,
2026,3,3355,00-0032795,Cody Core,WR,,,,,
2026,3,13162,,Maximilian Mang,TE,,,,,
2026,3,2118,00-0031387,Eric Ebron,TE,PIT,,,,
2026,3,7081,,James Morgan,QB,,,,,
2026,3,6755,,Tavonn Salter,WR,,,NA,,
2026,3,6290, 00-0035298,Scotty Miller,WR,CHI,,,,
2026,3,11186,,Carlos Washington,RB,MIA,,,,
2026,3,7396,,Devin Phelps,WR,,,,,
2026,3,5127,00-0034577,Kyle Allen,QB,BUF,,,,3
2026,3,11447,,Kris Leach,TE,,,,,
2026,3,5408,00-0034609,Sergio Bailey,WR,,,,,
2026,3,12469,,Dylan Sampson,RB,CLE,,IR,,6
2026,3,3020,,Dan Light,TE,,,,,
2026,3,2879,,Isiah Ferguson,WR,,,,,
2026,3,5285,00-0034073,Ross Dwelley,TE,,,,,
2026,3,1603,00-0030089,Luke Willson,TE,,,,,
2026,3,2930,,Justin Tukes,TE,,,,,
2026,3,4931,,Austin Appleby,QB,,,,,
2026,3,8697,,Kevin Shaa,WR,,,,,
2026,3,13291,,Kejon Owens,RB,,,Questionable,,
2026,3,13336,,Dane Key,WR,DEN,,,,
2026,3,12933,,Caden Prieskorn,TE,,,,,
2026,3,4274,00-0033589,David Moore,WR,CAR,,,,
2026,3,13179,,Ja'seem Reed,WR,CAR,,,,
2026,3,8217,,Leddie Brown,RB,,,,,
2026,3,6845,,Zack Moss,RB,,,Questionable,,
2026,3,11366,,Chris Coleman,WR,,,,,
2026,3,13834,,Cody Hardy,TE,,,,,
2026,3,6535, 00-0035322,Nate Becker,TE,,,,,
2026,3,13425,,Jalon Daniels,QB,TB,,,,3
2026,3,4305,,Tyler Renew,RB,,,,,
2026,3,246,00-0023564,Darren Sproles,RB,,,,,
2026,3,178,00-0022787,Matt Schaub,QB,,,,,
2026,3,8187,,CJ Verdell,RB,,,,,
2026,3,4489,00-0033474,Gehrig Dieter,WR,,,,,
2026,3,7603,,Shi Smith,WR,,,,,
2026,3,7751,,Dax Milne,WR,,,,,
2026,3,8052,,Donte Sylencieux,WR,,,,,
2026,3,8731,,Shemar Bridges,WR,,,,,
2026,3,5463,00-0034200,Mark Thompson,RB,,,,,
2026,3,7935,,Eli Stove,WR,,,,,
2026,3,6618, 00-0035718,Isaiah Searight,TE,,,,,
2026,3,5046,00-0034838,Royce Freeman,RB,,,,,
2026,3,4621,,Caleb Bluiett,TE,,,,,
2026,3,1329,00-0028237,Chris Hogan,WR,,,,,
2026,3,8783,,Kendric Pryor,WR,,,,,
2026,3,6728,,Jackson Harris,TE,,,,,
2026,3,5465,00-0034192,Nick Keizer,TE,,,,,
2026,3,4854,00-0034054,River Cracraft,WR,,,Questionable,,
2026,3,1601,00-0030414,Spencer Ware,RB,,,,,
2026,3,2783,,Kenzel Doe,WR,,,,,
2026,3,5197,00-0034660,Rico Gafford,WR,,,,,
2026,3,13120,,Jacoby Jones,WR,,,Questionable,,
2026,3,11590,,Jase McClellan,RB,,,,,
2026,3,12210,,Cole Burgess,WR,,,IR,,9
2026,3,13357,,Lance Mason,TE,,,,,
2026,3,4878,00-0034052,Brandon Zylstra,WR,,,,,
2026,3,2040,00-0031167,Scott Simonson,TE,,,,,
2026,3,5975, 00-0035309,Alize Mack,TE,,,,,
2026,3,8924,,Thomas Odukoya,TE,KC,,,,
2026,3,627,00-0027691,Andre Roberts,WR,,,,,
2026,3,11615,,Ainias Smith,WR,,,Questionable,,
2026,3,6705, 00-0035658,Taj McGowan,RB,,,,,
2026,3,11418,,Taye Barber,WR,,,,,
2026,3,11306,,Xavier Gipson,WR,PHI,,,,
2026,3,7554,,Tre' McKitty,TE,,,,,
2026,3,12308,,Samson Evans,RB,,,,,
2026,3,6209, 00-0034922,Ishmael Hyman,WR,,,,,
2026,3,5974, 00-0035146,Trace McSorley,QB,,,,,
2026,3,14029,,Johnny Pascuzzi,TE,,,,,
2026,3,5618,00-0034666,Larry Rose,RB,,,NA,,
2026,3,4515,,B.J. Johnson,WR,,,,,
2026,3,2595,00-0032006,Tim Semisch,TE,,,,,
2026,3,6449, 00-0035038,Dorian Baker,WR,,,,,
2026,3,6156, 00-0035217,Benny Snell,RB,,,,,
2026,3,4950,00-0034775,Christian Kirk,WR,SF,,IR,,4
2026,3,3150,,Xavier Rush,WR,,,,,
2026,3,6399,,Kano Dillon,TE,,,,,
2026,3,1777,00-0030216,Josh Hill,TE,,,,,
2026,3,12865,,AJ Henning,WR,,,,,
2026,3,13316,,Eric Rivers,WR,TB,,,,
2026,3,4004,,Chris Briggs,TE,,,,,
2026,3,284,00-0024389,Delanie Walker,TE,,,,,
2026,3,13242,,Lawrance Toafili,RB,,,,,
2026,3,4085,00-0033896,Adam Shaheen,TE,,,,,
2026,3,3621, 00-0032876,Jordan Williams-Lambert,WR,,,,,
2026,3,3880,,M.J. McFarland,TE,,,,,
2026,3,8019,,Devontres Dukes,WR,,,,,
2026,3,12169,,Reggie Brown,WR,,,,,
2026,3,12850,,Tyler Neville,TE,,,,,
2026,3,6154, 00-0035359,David Sills,WR,TB,,IR,,8
2026,3,2597,,Michael Dyer,RB,,,,,
2026,3,5886, 00-0035529,Hakeem Butler,TE,,,,,
2026,3,11623,,Jordan Whittington,WR,LAR,,Out,,7
2026,3,5915, 00-0035527,Andy Isabella,WR,,,,,
2026,3,6097,,Jamal Custis,WR,,,,,
2026,3,7158,,Riley Neal,QB,,,,,
2026,3,6450, 00-0035040,David Blough,QB,,,,,
2026,3,2004,00-0031344,Cody Latimer,WR,,,,,
2026,3,2549,00-0032156,Trevor Siemian,QB,,,,,
2026,3,8863,,Kaylon Geiger,WR,,,,,
2026,3,6365, 00-0035367,Carson Meier,TE,,,,,
2026,3,2082,00-0031035,Xavier Grimble,TE,,,,,
2026,3,7218,,Cam Sutton,TE,,,,,
2026,3,7589,,Ian Book,QB,,,,,
2026,3,6063, 00-0035457,Tyron Billy-Johnson,WR,,,,,
2026,3,4018,00-0033897,Joe Mixon,RB,,,,,
2026,3,13227,,Mitch Van Vooren,WR,,,,,
2026,3,2319,00-0031547,DeVante Parker,WR,,,,,
2026,3,13407,,Carson Towt,TE,IND,,IR,,6
2026,3,4533,00-0033613,James Summers,RB,,,,,
2026,3,4721,,Shakeir Ryan,WR,,,,,
2026,3,8094,,Michael Jacobson,TE,,,,,
2026,3,13348,,J'Mari Taylor,RB,JAX,,,,
2026,3,4229,00-0033798,Mason Schreck,TE,,,,,
2026,3,11863,,Leon Johnson,WR,,,,,
2026,3,12190,,Jason Bean,QB,,,,,
2026,3,6438, 00-0034949,Kelvin McKnight,WR,,,,,
2026,3,2039,00-0031166,Seth Roberts,WR,,,,,
2026,3,5249,00-0034196,Andre Levrone,WR,,,,,
2026,3,3548,,Jamal Robinson,WR,,,,,
2026,3,7035,,Kendrick Rogers,WR,,,,,
2026,3,13205,,Luke Deal,TE,,,Questionable,,
2026,3,2229,00-0031395,Garrett Gilbert,QB,,,,,
2026,3,4626,00-0033687,Amba Etta-Tawo,WR,,,,,
2026,3,5796,,Austin Wolf,WR,,,,,
2026,3,5275,00-0034207,Jeff Badet,WR,,,,,
2026,3,5125,00-0034698,Damoun Patterson,WR,,,,,
2026,3,8101,,Mark Vital,TE,,,,,
2026,3,3333,00-0033112,Temarrick Hemingway,TE,WAS,,,,
2026,3,4747,,Stevie Donatell,TE,,,,,
2026,3,3297,00-0032778,Tajae Sharpe,WR,,,,,
2026,3,5276,00-0034214,Tyler Hoppes,TE,,,,,
2026,3,11857,,Daijun Edwards,RB,,,,,
2026,3,538,00-0027685,Emmanuel Sanders,WR,,,,,
2026,3,4197,00-0033466,Isaiah McKenzie,WR,,,,,
2026,3,5890, 00-0035657,Damien Harris,RB,,,,,
2026,3,8005,,Tarik Black,WR,,,,,
2026,3,12187,,Malcolm Epps,TE,,,,,
2026,3,8123,,Hassan Haskins,RB,,,,,
2026,3,8033,,Bernhard Seikovits,TE,,,,,
2026,3,3161,00-0032950,Carson Wentz,QB,MIN,,,,4
2026,3,5111,00-0034426,Javon Wims,WR,,,,,
2026,3,5791,00-0034883,Gerald Holmes,RB,,,,,
2026,3,12705,,Graham Mertz,QB,HOU,,IR,,3
2026,3,13026,,Moochie Dixon,WR,,,,,
2026,3,6002, 00-0035273,Qadree Ollison,RB,,,,,
2026,3,8602,,Danny Davis,WR,,,,,
2026,3,11645,,Javon Baker,WR,,,,,
2026,3,2672,,Damarr Aultman,WR,,,,,
2026,3,12860,,Theo Wease,WR,LAC,,,,
2026,3,223,00-0022921,Larry Fitzgerald,WR,,,,,
2026,3,331,00-0022942,Philip Rivers,QB,,,,,
2026,3,11104,,SaRodorick Thompson,RB,,,,,
2026,3,5168,00-0034551,Jordan Chunn,RB,,,,,
2026,3,12688,,Cam Miller,QB,,,,,
2026,3,4922,,Garrett Scantling,WR,ATL,,,,
2026,3,12486,,Dillon Gabriel,QB,CLE,,IR,,4
2026,3,5831, 00-0034901,Bryant Mitchell,WR,,,,,
2026,3,11381,,Travis Vokolek,TE,ARI,,,,
2026,3,5201,00-0034632,Terry Swanson,RB,,,,,
2026,3,1559,00-0030520,Mike Glennon,QB,,,,,
2026,3,7558,,Whop Philyor,WR,,,,,
2026,3,4951,00-0034777,DJ Chark,WR,,,,,
2026,3,11483,,Ellis Merriweather,RB,,,,,
2026,3,4786,,Jhajuan Seales,WR,,,,,
2026,3,5774,00-0034863,Cam Serigne,TE,,,,,
2026,3,8229,,Isaiah Weston,WR,,,,,
2026,3,11562,,Spencer Rattler,QB,NO,,,,2
2026,3,8230,,Ty Chandler,RB,NO,,IR,,4
2026,3,6011, 00-0035289,Gardner Minshew,QB,ARI,,,,3
2026,3,5089,00-0034401,Mike White,QB,,,,,
2026,3,3296,00-0033080,Seth DeValve,TE,,,,,
2026,3,4453,00-0033306,Victor Bolden,WR,,,,,
2026,3,12268,,Colby Suits,QB,,,,,
2026,3,4680,,Larry Clark,WR,,,,,
2026,3,8732,,Raleigh Webb,WR,,,,,
2026,3,3921, 00-0033149,Nick Truesdell,TE,,,,,
2026,3,7581,,Kellen Mond,QB,,,,,
2026,3,6136, 00-0035264,Jarrett Stidham,QB,DEN,,,,2
2026,3,4749,,Cameron Posey,WR,,,,,
2026,3,6590, 00-0035552,Michael Colubiale,TE,,,,,
2026,3,7173,,Jalen McCleskey,WR,,,,,
2026,3,13280,,Chamon Metayer,TE,,,,,
2026,3,5171,00-0034193,Kevin Rader,TE,,,,,
2026,3,12494,,Kyle McCord,QB,MIA,,,,3
2026,3,13929,,Sahmir Hagans,WR,,,,,
2026,3,4942,00-0034747,Marcell Ateman,WR,,,,,
2026,3,4146,00-0033839,Dede Westbrook,WR,,,,,
2026,3,11582,,Carson Steele,RB,PHI,,,,
2026,3,7744,,Antonio Nunn,WR,,,,,
2026,3,9489,,Justin Shorter,WR,LV,,IR,,9
2026,3,8559,,Josh Babicz,TE,,,,,
2026,3,11864,,Zach Heins,TE,,,,,
2026,3,11573,,Frank Gore,RB,BUF,,,,
2026,3,5700,00-0034708,Robert Martin,RB,,,,,
2026,3,7288,,Ben Ellefson,TE,,,,,
2026,3,12725,,Luke Lachey,TE,,,Questionable,,
2026,3,12500,,Quinn Ewers,QB,JAX,,Out,,3
2026,3,6730, 00-0035735,Jordan Ta'amu,QB,,,,,
2026,3,7395,,Rashad Medaris,WR,,,,,
2026,3,8103,,Ryan Willis,QB,,,,,
2026,3,13065,,Ben Wooldridge,QB,,,,,
2026,3,491,00-0026035,Danny Amendola,WR,,,,,
2026,3,5154,00-0034487,Trent Sherfield,WR,BUF,,,,
2026,3,3347,00-0032431,Jake Rudock,QB,,,,,
2026,3,13889,,Levi Wentz,WR,,,,,
2026,3,12520,,Xavier Restrepo,WR,TEN,,,,
2026,3,13624,,Shaleak Knotts,WR,,,,,
2026,3,11073,,Thayer Thomas,WR,,,,,
2026,3,6357, 00-0035194,Shawn Bane,WR,,,,,
2026,3,5094,00-0034270,Ryan Izzo,TE,,,,,
2026,3,12479,,Ja'Quinden Jackson,RB,,,Questionable,,
2026,3,5265,00-0034574,Nic Shimonek,QB,,,,,
2026,3,8027,,Tre Harbison,RB,,,,,
2026,3,12484,,Jayden Higgins,WR,HOU,,IR,,11
2026,3,8234,,Jaivon Heiligh,WR,,,,,
2026,3,13645,,Michael Wortham,WR,JAX,,,,
2026,3,6074, 00-0035329,Donald Parham,TE,,,,,
2026,3,13404,,Garrett Nussmeier,QB,KC,,Out,,3
2026,3,2593,,Antwan Goodley,WR,,,,,
2026,3,6308, 00-0035067,Ian Bunting,TE,,,,,
2026,3,11815,,Cornelius Johnson,WR,,,,,
2026,3,4934,,Jalen Williams,WR,,,,,
2026,3,12077,,Lincoln Victor,WR,,,,,
2026,3,2093,00-0031068,Ryan Grant,WR,,,,,
2026,3,11942,,Colson Yankoff,TE,WAS,,,,5
2026,3,13436,,Kentrel Bullock,RB,CIN,,,,
2026,3,3336,00-0032341,Moritz Bohringer,TE,,,,,
2026,3,11347,,Chase Cota,WR,,,,,
2026,3,11089,,Jordan Byrd,WR,,,,,
2026,3,11377,,Tyrell Shavers,WR,BUF,,PUP,,8
2026,3,11184,,Daniel Arias,WR,,,,,
2026,3,7400,,Manasseh Bailey,WR,,,,,
2026,3,7988,,Riley Lees,WR,,,,,
2026,3,6322, 00-0035182,Xavier Ubosi,WR,,,,,
2026,3,8411,,Devon Allen,WR,,,,,
2026,3,2943,,Mark Weisman,RB,,,,,
2026,3,7992,,Matt Bushman,TE,,,,,
2026,3,8202,,Michael Woods,WR,,,Questionable,,
2026,3,1067,00-0029293,Marvin Jones,WR,,,,,
2026,3,2381,00-0032128,Chris Conley,WR,,,,,
2026,3,11600,,Ja'Tavion Sanders,TE,CAR,,Out,,3
2026,3,4475,,Sefo Liufau,QB,,,,,
2026,3,2917,,Brian Vogler,TE,,,,,
2026,3,676,00-0027029,LeSean McCoy,RB,,,,,
2026,3,12126,,Isaac Rex,TE,,,,,
2026,3,6553, 00-0035187,Austin Walter,RB,,,,,
2026,3,5980, 00-0035311,Myles Gaskin,RB,,,,,
2026,3,1903,00-0031228,Taylor Gabriel,WR,,,,,
2026,3,9230,,Tanner McKee,QB,PHI,,Out,,4
2026,3,5785,00-0034870,James Butler,RB,,,,,
2026,3,6628, 00-0035548,Ventell Bryant,WR,,,,,
2026,3,8665,,Armani Rogers,TE,,,,,
2026,3,10651,,Mohamed Ibrahim,RB,,,,,
2026,3,4160,00-0033859,Josh Malone,WR,,,,,
2026,3,6269, 00-0035163,Kyle Shurmur,QB,,,,,
2026,3,2939,,Javess Blue,WR,,,,,
2026,3,5760,00-0034819,Josh Crockett,WR,,,,,
2026,3,14018,,Jordan Nubin,RB,,,,,
2026,3,5112,00-0034432,Bo Scarbrough,RB,,,,,
2026,3,2431,00-0032063,Mike Davis,RB,,,,,
2026,3,2752,,Trent Steelman,WR,,,,,
2026,3,5800,00-0034890,Justin Stockton,RB,,,,,
2026,3,4607, 00-0033766,Zach Conque,QB,,,,,
2026,3,12363,,Xavier Wade,WR,,,,,
2026,3,13867,,Sean Brown,WR,,,,,
2026,3,11126,,Michael Ezeike,TE,,,,,
2026,3,6453, 00-0035045,D.J. Montgomery,WR,IND,,IR,,8
2026,3,5587,00-0034315,Chris Warren,RB,,,,,
2026,3,5235,00-0034575,David Wells,TE,,,,,
2026,3,5705,00-0034705,John Franklin,WR,,,,,
2026,3,11607,,Hayden Hatten,WR,,,,,
2026,3,11580,,Dillon Johnson,RB,,,,,
2026,3,3177,00-0032966,Corey Coleman,WR,,,,,
2026,3,4537,,Jordan Johnson,RB,,,,,
2026,3,5570,00-0034309,Chad Beebe,WR,,,,,
2026,3,13238,,Winston Wright,WR,,,,,
2026,3,13210,,Drake Dabney,TE,GB,,,,
2026,3,233, 00-0025708,Matt Moore,QB,,,,,
2026,3,6446, 00-0035013,Jon Hilliman,RB,,,,,
2026,3,6894,,Mitchell Wilcox,TE,,,,,
2026,3,12786,,Anthony Landphere,TE,,,,,
2026,3,3440,00-0032658,Josh Woodrum,QB,,,,,
2026,3,4806,00-0033268,Brandon Radcliff,RB,,,,,
2026,3,7618,,Micah Simon,WR,CAR,,,,
2026,3,12389,,Hayden Rucci,TE,JAX,,,,
2026,3,4610,,Deante' Gray,WR,,,,,
2026,3,5747,00-0034761,Kayaune Ross,WR,,,,,
2026,3,11540,,La'Michael Pettway,TE,,,,,
2026,3,2922,,Devin Mahina,TE,,,,,
2026,3,6938,,Cam Akers,RB,,,,,
2026,3,7367,,Will Hastings,WR,,,,,
2026,3,11080,,Malik Knowles,WR,,,,,
2026,3,7972,,Tony Poljan,TE,,,,,
2026,3,4198,00-0033572,Jamal Agnew,WR,,,Questionable,,
2026,3,4938,,Speedy Noil,WR,,,,,
2026,3,6552, 00-0035031,Malik Henry,WR,,,,,
2026,3,11821,,Tahj Washington,WR,,,,,
2026,3,3655,,Reggie Diggs,WR,,,,,
2026,3,8407,,T.J. Pledger,RB,,,,,
2026,3,2800,,Mario Hull,WR,,,,,
2026,3,7537,,Jaret Patterson,RB,,,,,
2026,3,2909,,Beau Gardner,TE,,,,,
2026,3,5889, 00-0035256,Bryce Love,RB,,,,,
2026,3,2577,,Devante Davis,WR,,,,,
2026,3,5661,00-0034593,Chris Lacy,WR,,,,,
2026,3,6439, 00-0035025,Hale Hentges,TE,,,,,
2026,3,8114,,Erik Ezukanma,WR,,,,,
2026,3,3503,00-0032626,Geronimo Allison,WR,,,,,
2026,3,11621,,Brenden Rice,WR,,,,,
2026,3,6529, 00-0035345,Chris Myarick,TE,LV,,,,
2026,3,11053,,Antoine Green,WR,,,,,
2026,3,7234,,Maurice Ffrench,WR,,,,,
2026,3,1848,00-0031062,James White,RB,,,,,
2026,3,12938,,Jackson Meeks,TE,DET,,,,4
2026,3,7579,,Austin Watkins,WR,,,,,
2026,3,14005,,Tommy Thomas,WR,,,,,
2026,3,12029,,Tyler Harrell,WR,,,,,
2026,3,7580,,Khalil McClain,WR,,,,,
2026,3,4937,,Al Riles,WR,IND,,,,
2026,3,12907,,Quentin Skinner,WR,,,,,
2026,3,4328,,Jerome Lane,WR,,,,,
2026,3,947,00-0027944,Julio Jones,WR,,,,,
2026,3,6261, 00-0035019,Reggie White,WR,,,,,
2026,3,7582,,Jhamon Ausbon,WR,,,,,
2026,3,11762,,Anthony Gould,WR,IND,,,,
2026,3,12516,,Kalel Mullings,RB,TEN,,,,
2026,3,12357,,David Martin-Robinson,TE,TEN,,,,5
2026,3,3668,00-0032599,Joshua Perkins,TE,NYJ,,,,
2026,3,11231,,Christian Trahan,TE,,,,,
2026,3,11130,,Pokey Wilson,WR,,,,,
2026,3,6318, 00-0035396,Jordan Ellis,RB,,,,,
2026,3,13315,,Dean Connors,RB,LAR,,,,
2026,3,1048,00-0029615,Lamar Miller,RB,,,,,
2026,3,5010,00-0034159,Will Dissly,TE,,,Questionable,,
2026,3,6803,,Brandon Aiyuk,WR,SF,,DNR,,6
2026,3,14069,,Connor Hulstein,TE,,,Questionable,,
2026,3,11249,,Chris Smith,RB,,,,,
2026,3,5407,00-0034618,Ervin Philips,RB,,,,,
2026,3,6032, 00-0035120,Keelan Doss,WR,,,,,
2026,3,13943,,Squirrel White,WR,,,NA,,
2026,3,4730,,Sam Cotton,TE,,,,,
2026,3,11359,,Kody Case,WR,,,,,
2026,3,7092,,Chris Finke,WR,,,,,
2026,3,2916,,Ify Umodu,WR,,,,,
2026,3,12398,,Jadon Janke,WR,,,,,
2026,3,9222,,Zach Evans,RB,,,,,
2026,3,7576,,Sage Surratt,TE,,,,,
2026,3,14034,,Brock Rechsteiner,WR,,,Sus,,
2026,3,7613,,Jonathan Adams,WR,,,,,
2026,3,8222,,Josh Johnson,WR,,,,,
2026,3,2331,00-0032054,Breshad Perriman,WR,,,,,
2026,3,12093,,Geordon Porter,WR,,,,,
2026,3,8193,,E.J. Perry,QB,,,,,
2026,3,13870,,Quentin Moore,TE,,,Questionable,,
2026,3,11421,,Ryan Miller,WR,MIA,,,,7
2026,3,6778,,Chris Streveler,QB,,,,,
2026,3,7050,,Josiah Deguara,TE,PHI,,,,
2026,3,7903,,Briley Moore,TE,,,,,
2026,3,5395,00-0034621,Shaun Wilson,RB,,,,,
2026,3,8706,,Kehinde Oginni,TE,,,,,
2026,3,5464,00-0034201,De'Lance Turner,RB,,,,,
2026,3,12009,,Jack Plummer,QB,,,,,
2026,3,11773,,Keilan Robinson,RB,,,Questionable,,
2026,3,3551,,Max Wittek,QB,,,,,
2026,3,8249,,Lucas Krull,TE,DEN,,,,
2026,3,13712,,Hayden Large,TE,CHI,,IR,,7
2026,3,2914,,Luke Lundy,RB,,,,,
2026,3,6853,,Van Jefferson,WR,WAS,,,,
2026,3,6557, 00-0035510,Jeff Smith,WR,,,,,
2026,3,13293,,Ja'Kobi Lane,WR,BAL,,IR,,9
2026,3,11537,,Wayne Taulapapa,RB,,,,,
2026,3,2771,,Jimmie Hunt,WR,,,,,
2026,3,5239,00-0034144,Lamar Jordan,QB,,,,,
2026,3,8801,,Dennis Houston,WR,,,Questionable,,
2026,3,12954,,Kye Robichaux,RB,,,Questionable,,
2026,3,8571,,Ra'Shaun Henry,WR,,,,,
2026,3,2430,00-0031577,Javorius Allen,RB,,,,,
2026,3,11943,,Michael Wiley,RB,,,,,
2026,3,6239, 00-0035480,Malik Taylor,WR,,,,,
2026,3,11438,,Dallas Daniels,WR,,,,,
2026,3,5286,00-0034608,Austin Allen,QB,,,,,
2026,3,8120,,Jerrion Ealy,RB,,,,,
2026,3,5752,00-0034786,Sherman Badie,RB,,,,,
2026,3,6789,,Henry Ruggs,WR,,,,,
2026,3,11851,,Carter Bradley,QB,,,Questionable,,
2026,3,8235,,Samori Toure,WR,,,,,
2026,3,13122,,Carter Runyon,TE,LV,,IR,,5
2026,3,2446,00-0031585,MyCole Pruitt,TE,,,,,
2026,3,2567,,Bryan Bennett,QB,,,,,
2026,3,11528,,Garett Maag,WR,,,,,
2026,3,11946,,Marcus Rosemy-Jacksaint,WR,,,,,
2026,3,4823,,Keevan Lucas,WR,,,,,
2026,3,11388,,Nolan Henderson,QB,,,,,
2026,3,9497,,Jalin Hyatt,WR,NYG,,,,
2026,3,6591, 00-0035553,Charles Jones,TE,,,,,
2026,3,7175,,Chris Rowland,WR,,,,,
2026,3,9492,,Trey Palmer,WR,NO,,,,
2026,3,4774,,De'Mard Llorens,RB,,,,,
2026,3,3934,00-0033164,Troymaine Pope,RB,,,,,
2026,3,6665, 00-0035547,Jody Fortson,TE,,,,,
2026,3,12772,,Courtney Jackson,WR,,,,,
2026,3,8570,,Derek Wright,WR,,,,,
2026,3,8122,,Zonovan Knight,RB,ARI,,,,3
2026,3,5120,00-0034423,Danny Etling,QB,,,,,
2026,3,4853,,Jerod Evans,QB,,,,,
2026,3,4536,00-0033627,Jason Croom,TE,,,,,
2026,3,4940,,DeSean Smith,TE,,,,,
2026,3,6879,,Quartney Davis,WR,,,,,
2026,3,11508,,Princeton Fant,TE,DAL,,IR,,6
2026,3,5427,,LaQuvionte Gonzalez,WR,,,,,
2026,3,3852,00-0033006,Jaydon Mickens,WR,,,,,
2026,3,2981,,Ross Scheuerman,RB,,,,,
2026,3,13208,,Kyrese Rowan,WR,NO,,,,
2026,3,7452,,Josh Pearson,WR,,,,,
2026,3,5252,00-0034535,Ray Lawry,RB,,,,,
2026,3,11493,,Jordan Murray,TE,,,,,
2026,3,12341,,Markese Stepp,RB,,,,,
2026,3,5246,,Jake Roh,TE,,,,,
2026,3,13326,,DT Sheffield,WR,,,Questionable,,
2026,3,5254,,Jimmy Williams,WR,,,,,
2026,3,3348,,Kolby Listenbee,WR,,,,,
2026,3,6850,,Harrison Bryant,TE,,,Questionable,,
2026,3,5096,00-0034407,Ray-Ray McCloud,WR,,,Questionable,,
2026,3,3811,,Alstevis Squirewell,RB,,,,,
2026,3,7100,,Derrick Dillon,WR,,,,,
2026,3,4098,00-0033923,Kareem Hunt,RB,,,,,
2026,3,8127,,Charlie Kolar,TE,LAC,,Out,,3
2026,3,12001,,Lawrence Keys,WR,,,Questionable,,
2026,3,12883,,Joshua Simon,TE,,,,,
2026,3,5103,00-0034409,Dylan Cantrell,TE,,,,,
2026,3,3200,00-0032385,Sterling Shepard,WR,NYJ,,,,
2026,3,4089,00-0033895,Gerald Everett,TE,,,,,
2026,3,8760,,Dre Miller,TE,,,,,
2026,3,8418,,Jared Smart,WR,,,,,
2026,3,6175, 00-0035596,Kerrith Whyte,RB,GB,,,,
2026,3,13989,,E.J. Warner,QB,,,,,
2026,3,2390,00-0032214,Tyler Kroft,TE,,,,,
2026,3,2341,00-0032209,T.J. Yeldon,RB,,,,,
2026,3,3393,,Devin Fuller,WR,,,,,
2026,3,8888,,Kameron Brown,WR,,,,,
2026,3,4718,00-0033854,Dare Ogunbowale,RB,LV,,,,
2026,3,8431,,Chase Garbers,QB,,,,,
2026,3,7559,,Ihmir Smith-Marsette,WR,,,,,
2026,3,11536,,Milton Wright,WR,,,,,
2026,3,3520,,Jay Lee,WR,,,,,
2026,3,2588,00-0031806,Malcolm Brown,RB,,,,,
2026,3,11748,,Bub Means,WR,CLE,,,,
2026,3,5744,,Eldridge Massington,WR,NO,,,,
2026,3,12412,,Terrell Jennings,RB,,,Questionable,,
2026,3,8200,,Kevin Austin,WR,NO,,,,
2026,3,886,00-0028063,Taiwan Jones,RB,,,,,
2026,3,13725,,Dominic Richardson,RB,,,Questionable,,
2026,3,8745,,Lance McCutcheon,WR,,,,,
2026,3,7319,,Jeff Cotton,WR,,,,,
2026,3,8255,,Raheem Blackshear,RB,,,Questionable,,
2026,3,8915,,Drew Plitt,QB,,,,,
2026,3,2639,,Tony Jones,WR,,,,,
2026,3,8191,,Slade Bolden,WR,,,,,
2026,3,138,00-0022924,Ben Roethlisberger,QB,PIT,,,,
2026,3,4526,00-0033604,Krishawn Hogan,WR,,,,,
2026,3,11924,,Tanner Mordecai,QB,,,,,
2026,3,3412,,Devon Johnson,RB,,,,,
2026,3,11862,,Luke Benson,TE,,,,,
2026,3,6617,,Andre Lindsey,WR,,,,,
2026,3,6727, 00-0035733,Joe Walker,WR,,,,,
2026,3,1842,,Derrick Johnson,WR,,,,,
2026,3,3204,00-0032393,C.J. Prosise,RB,,,,,
2026,3,8800,,Malik Davis,RB,DAL,,IR,,4
2026,3,7941,,Nick Ralston,RB,,,,,
2026,3,7337,,Easop Winston,WR,,,,,
2026,3,14038,,Trayvon Rudolph,WR,MIN,,,,
2026,3,4435,00-0033455,Anthony Firkser,TE,,,Questionable,,
2026,3,12803,,Luke Grimm,WR,,,Questionable,,
2026,3,7532,,Rakeem Boyd,RB,,,,,
2026,3,11558,,Sam Hartman,QB,WAS,,,,
2026,3,8573,,Talolo Limi-Jones,WR,,,,,
2026,3,8239,,Ricky Person,RB,,,,,
2026,3,10863,,A.T. Perry,WR,,,,,
2026,3,11969,,Xavier Johnson,WR,,,,,
2026,3,1290,00-0029159,Jermaine Kearse,WR,,,,,
2026,3,12743,,Junior Bergen,WR,,,,,
2026,3,12278,,Jacob Sirmon,QB,,,,,
2026,3,8162,,Sam Howell,QB,DAL,,,,3
2026,3,11560,,Caleb Williams,QB,CHI,,Out,,1
2026,3,8196,,Ty Fryfogle,WR,,,,,
2026,3,2927,,Keshawn Hill,RB,,,,,
2026,3,9490,,Tyler Scott,WR,,,,,
2026,3,8149,,Master Teague,RB,,,,,
2026,3,2476,00-0031951,James O'Shaughnessy,TE,,,,,
2026,3,5130,00-0034686,Auden Tate,WR,,,,,
2026,3,181,00-0025430,Drew Stanton,QB,,,,,
2026,3,4349,00-0033373,Taquan Mizzell,RB,NYG,,,,
2026,3,2821,00-0031787,Jake Kumerow,WR,,,,,
2026,3,6798,,Jalen Reagor,WR,MIA,,,,
2026,3,4861,,Kent Taylor,TE,,,,,
2026,3,8441,,Justin Hall,WR,,,,,
2026,3,6593, 00-0035587,Spencer Schnell,WR,,,,,
2026,3,6359, 00-0035206,C.J. Worton,WR,,,,,
2026,3,7351,,Kirk Merritt,WR,,,,,
2026,3,13698,,Max Tomczak,WR,,,,,
2026,3,2905,,Josh Reese,WR,,,,,
2026,3,12402,,Ramon Jefferson,RB,,,,,
2026,3,7455,,John Hurst,WR,,,,,
2026,3,8041,,Shane Zylstra,TE,,,Questionable,,
2026,3,11989,,D.J. Williams,RB,,,Questionable,,
2026,3,2557,,Jerry Lovelocke,QB,,,,,
2026,3,8756,,Brandon Johnson,WR,PIT,,,,
2026,3,6036, 00-0034965,Ryan Davis,WR,,,,,
2026,3,6596,,Jalan McClendon,QB,,,,,
2026,3,3464,,Marquez North,WR,,,,,
2026,3,7546,,Tre Nixon,WR,,,,,
2026,3,2836,,Kenny Cook,WR,,,,,
2026,3,11569,,Jarquez Hunter,RB,MIA,,,,
2026,3,5401,,Armanti Foreman,WR,,,,,
2026,3,12114,,Joshua Cephus,WR,,,,,
2026,3,4805,,Pig Howard,WR,,,,,
2026,3,11538,,Toriano Clinton,RB,,,,,
2026,3,3803,00-0032813,Elijhaa Penny,RB,,,,,
2026,3,7079,,Pete Guerriero,RB,,,,,
2026,3,5709,00-0034737,Luis Perez,QB,,,,,
2026,3,7015,,Jacob Breeland,TE,,,,,
2026,3,12097,,Ayir Asante,WR,,,,,
2026,3,11716,,Tip Reiman,TE,ARI,,PUP,,5
2026,3,6753,,Derrick Gore,RB,,,,,
2026,3,6763,,Reggie Begelton,WR,,,,,
2026,3,12166,,Trey Potts,RB,,,,,
2026,3,6443,,Eric Dungey,QB,,,,,
2026,3,8102,,DeShon Williams,TE,,,,,
2026,3,5113, 00-0034418,Cedrick Wilson,WR,,,Questionable,,
2026,3,13862,,Treyvhon Saunders,WR,,,,,
2026,3,11197,,Joel Honigford,TE,,,,,
2026,3,8813,,Anthony Turner,WR,,,,,
2026,3,8421,,Mike Harley,WR,,,,,
2026,3,2570,,Donatella Luckett,WR,,,,,
2026,3,3570,,Brandon Ross,RB,,,,,
2026,3,12551,,Colin Granger,TE,,,,,
2026,3,11850,,Jeff Foreman,WR,,,,,
2026,3,6822,,Jake Fromm,QB,,,,,
2026,3,11419,,Kade Warner,WR,,,,,
2026,3,8892,,Keric Wheatfall,WR,,,,,
2026,3,8140,,Justyn Ross,WR,,,,,
2026,3,11024,,Grant DuBose,WR,,,Questionable,,
2026,3,3362,00-0032436,Jeff Driskel,QB,,,,,
2026,3,13022,,Sone Ntoh,RB,,,,,
2026,3,4588,00-0033672,Kyle Sloter,QB,,,,,
2026,3,4683,,Aaron Bailey,QB,BAL,,,,4
2026,3,7309,,Siaosi Mariner,WR,,,,,
2026,3,6155, 00-0035121,Jaylen Smith,WR,,,,,
2026,3,13222,,Montana Lemonious-Craig,WR,,,Questionable,,
2026,3,1223,00-0028903,Garrett Celek,TE,,,,,
2026,3,333,00-0023682,Ryan Fitzpatrick,QB,,,,,
2026,3,12746,,JP Richardson,WR,CHI,,,,
2026,3,12443,,Devon Garrison,TE,,,,,
2026,3,11413,,Ronnie Brown,RB,,,,,
2026,3,1425,00-0030108,Ryan Griffin,TE,,,,,
2026,3,5918, 00-0035299,Rodney Anderson,RB,,,,,
2026,3,8242,,Shermari Jones,RB,,,,,
2026,3,1232,00-0029273,Robert Turbin,RB,,,,,
2026,3,3199,00-0032765,Michael Thomas,WR,,,,,
2026,3,13351,,Junior Vandeross,WR,,,,,
2026,3,7085,,Isaiah Coulter,WR,,,,,
2026,3,8707,,Tayon Fleet-Davis,RB,,,,,
2026,3,4186,00-0033789,T.J. Logan,RB,,,,,
2026,3,14021,,Kadarius Calloway,RB,,,Questionable,,
2026,3,4972,00-0034771,Mason Rudolph,QB,PIT,,,,2
2026,3,12026,,Kobe Lewis,RB,,,,,
2026,3,13153,,Giles Jackson,WR,,,,,
2026,3,11105,,Shaquan Davis,WR,,,,,
2026,3,8021,,Branden Mack,WR,,,,,
2026,3,3078,,Jamel Johnson,WR,,,,,
2026,3,312,00-0026293,Matthew Slater,WR,,,,,
2026,3,7227,,Artavis Pierce,RB,,,,,
2026,3,9227,,Israel Abanikanda,RB,DAL,,,,
2026,3,11222,,Marcus Cooper,RB,,,,,
2026,3,13831,,Kevorian Barnes,RB,,,,,
2026,3,6592, 00-0035569,Dontae Strickland,RB,,,,,
2026,3,12237,,Lincoln Sefcik,TE,,,,,
2026,3,6834,,Jared Pinkney,TE,,,,,
2026,3,3380,00-0032447,Devin Lucien,WR,,,,,
2026,3,8185,,Johnny Johnson,WR,,,,,
2026,3,6384,,Justin Sumpter,WR,,,,,
2026,3,11113,,Joel Wilson,TE,TEN,,,,
2026,3,12133,,Drake Stoops,WR,,,,,
2026,3,5970, 00-0035500,Greg Dortch,WR,BUF,,,,
2026,3,1652,00-0029981,Terrell Sinkfield,WR,,,,,3
2026,3,5924, 00-0035070,Emanuel Hall,WR,,,,,
2026,3,2931,,Deshon Foxx,WR,,,,,
2026,3,5273,,Kamryn Pettway,RB,,,,,
2026,3,7481,,Chase Harrell,TE,,,,,
2026,3,5228,00-0034126,J.T. Barrett,QB,,,,,
2026,3,3465,00-0032661,Ben Braunecker,TE,,,,,
2026,3,12892,,Da'Quan Felton,WR,,,Questionable,,
2026,3,2753,00-0031645,Rasheed Bailey,WR,,,,,
2026,3,13996,,Trent Howland,RB,,,,,
2026,3,2412,00-0031570,Justin Hardy,WR,,,,,
2026,3,2932,,Eric Frohnapfel,TE,,,,,
2026,3,2312,00-0031545,Kevin White,WR,,,,,
2026,3,6805,,KJ Hamler,WR,,,,,
2026,3,7733,,Josh Pederson,TE,,,,,
2026,3,13930,,Jordon Vaughn,RB,,,,,
2026,3,9502,,Tank Dell,WR,HOU,,IR,,6
2026,3,11456,,Tre'Shaun Harrison,WR,,,,,
2026,3,8199,,D'Eriq King,QB,,,,,
2026,3,13014,,Pat Conroy,TE,,,,,
2026,3,11886,,Tulu Griffin,WR,,,,,
2026,3,8178,,Braylon Sanders,WR,,,,,
2026,3,3969,00-0033856,Leonard Fournette,RB,,,,,
2026,3,11932,,Mike DiLiello,QB,,,,,
2026,3,12975,,JJ Galbreath,TE,,,,,
2026,3,5612,,Anthony Mahoungou,WR,,,,,
2026,3,12340,,Alex Larson,TE,,,,,
2026,3,11378,,Jordan Mims,RB,,,,,
2026,3,6149, 00-0035535,Darius Slayton,WR,IND,,,,7
2026,3,6047, 00-0035002,Dillon Mitchell,WR,,,,,
2026,3,3515,00-0032653,K.J. Maye,WR,,,,,
2026,3,8214,,Cole Turner,TE,MIA,,IR,,4
2026,3,13145,,ShunDerrick Powell,RB,,,,,
2026,3,8039,,Jibri Blount,TE,,,,,
2026,3,4815,,Brian Riley,WR,,,,,
2026,3,4149,00-0033948,Jamaal Williams,RB,,,,,
2026,3,2214,00-0031273,Cameron Brate,TE,,,,,
2026,3,4464,00-0033319,Nick Mullens,QB,JAX,,,,
2026,3,13011,,Brennan Presley,WR,LAR,,,,
2026,3,5310,00-0034772,Antonio Callaway,WR,,,,,
2026,3,2044,,Brelan Chancellor,WR,,,,,
2026,3,4768,,Adam Zaruba,TE,,,,,
2026,3,8139,,Zamir White,RB,NO,,,,
2026,3,11588,,Jawhar Jordan,RB,HOU,,,,
2026,3,902,00-0028114,Dwayne Harris,WR,,,,,
2026,3,7098,,Ty'Son Williams,RB,,,,,
2026,3,8632,,JaVonta Payton,WR,,,,,
2026,3,7809,,Avery Williams,RB,,,,,
2026,3,13630,,Evan Svoboda,TE,LAC,,,,
2026,3,13778,,EJ Smith,RB,,,Questionable,,
2026,3,12510,,Jalen Milroe,QB,SEA,,,,3
2026,3,13772,,Eni Falayi,TE,,,,,
2026,3,14085,,Matthew Henry,WR,,,,,
2026,3,8579,,Brandon Peters,QB,,,,,
2026,3,2422,00-0032062,Blake Bell,TE,,,,,
2026,3,11963,,Chris Collier,RB,LV,,IR,,7
2026,3,13327,,Desmond Reid,RB,,,Questionable,,
2026,3,1426,00-0030564,DeAndre Hopkins,WR,,,,,
2026,3,3614,00-0032881,Tommylee Lewis,WR,,,,,
2026,3,12218,,Jalen Jackson,RB,,,,,
2026,3,11114,,Elijah Dotson,RB,,,,,
2026,3,5220,00-0034614,Godwin Igwebuike,RB,,,,,
2026,3,4651,00-0033725,Corey Clement,RB,,,,,
2026,3,12045,,Jack Westover,TE,WAS,,,,
2026,3,13191,,TJ Sheffield,WR,,,,,
2026,3,4807,,Mike Estes,TE,,,,,
2026,3,6451, 00-0035039,Stephen Carlson,TE,CHI,,,,
2026,3,6151, 00-0035243,Miles Sanders,RB,,,,,
2026,3,12670,,KeAndre Lambert-Smith,WR,LAC,,IR,,9
2026,3,4750,00-0033992,Lance Lenoir,WR,,,,,
2026,3,11431,,Isaiah Bowser,RB,,,,,
2026,3,5236,00-0034642,Kyle Lewis,WR,,,,,
2026,3,7943,,Zach Davidson,TE,,,,,
2026,3,13306,,Taylen Green,QB,CLE,,Out,,3
2026,3,13034,,Tyrone Broden,WR,,,Questionable,,
2026,3,4996,00-0034369,Kyle Lauletta,QB,,,,,
2026,3,13770,,J. Michael Sturdivant,WR,GB,,,,9
2026,3,6148, 00-0035350,Preston Williams,WR,,,,,
2026,3,5961, 00-0035505,Jalin Moore,RB,,,,,
2026,3,3584,,Marcus Leak,WR,,,,,
2026,3,5086,00-0034272,Marquez Valdes-Scantling,WR,LAC,,,,
2026,3,11568,,Blake Watson,RB,,,,,
2026,3,13702,,Malik Rutherford,WR,,,,,
2026,3,12851,,Rivaldo Fairweather,TE,,,,,
2026,3,11911,,Jeshaun Jones,WR,MIN,,Sus,,5
2026,3,4490,,Wyatt Houston,TE,CAR,,,,40
2026,3,13161,,Zakhari Franklin,WR,,,,,
2026,3,2937,,Damond Powell,WR,,,,,
2026,3,289,00-0020531,Drew Brees,QB,,,,,
2026,3,9499,,Bryce Ford-Wheaton,WR,,,Questionable,,
2026,3,6311, 00-0035342,Patrick Laird,RB,,,,,
2026,3,2947,,Clay Burton,TE,,,,,
2026,3,3391,00-0032450,Dwayne Washington,RB,,,,,
2026,3,1262,00-0029623,Alex Tanney,QB,,,,,
2026,3,8891,,Ryan McDaniel,WR,,,,,
2026,3,7404,,Noah Togiai,TE,,,,,
2026,3,12135,,Neal Johnson,TE,,,,,
2026,3,13435,,Joe Royer,TE,CLE,,PUP,,4
2026,3,4150,00-0033950,Wayne Gallman,RB,,,,,
2026,3,8085,,Mekhi Sargent,RB,,,,,
2026,3,2996,,Logan Stokes,TE,,,,,
2026,3,13158,,Sam Pitz,TE,,,,,
2026,3,7865,,Brandon Smith,WR,PIT,,,,
2026,3,3780,,Cedric O'Neal,RB,,,,,
2026,3,4384,,Aaron Peck,TE,,,,,
2026,3,3280,00-0032404,Tyler Ervin,RB,,,,,
2026,3,6989,,Marquez Callaway,WR,,,,,
2026,3,9498,,Jadon Haselwood,WR,,,,,
2026,3,13661,,Ethan Conner,TE,,,,,
2026,3,8436,,Neil Pau'u,WR,,,,,
2026,3,5850, 00-0035700,Josh Jacobs,RB,GB,,NA,,3
2026,3,5804,00-0034894,Julian Williams,WR,,,,,
2026,3,9753,,Zach Charbonnet,RB,SEA,,PUP,,5
2026,3,2838,,Trevor Harman,WR,,,,,
2026,3,12267,,Qadir Ismail,WR,CHI,,,,
2026,3,2502,,Bud Sasser,WR,,,,,
2026,3,7864,,Artayvious Lynn,TE,,,,,
2026,3,11065,,Adrian Martinez,QB,,,,,
2026,3,5880, 00-0035639,Parris Campbell,WR,,,NA,,
2026,3,2933,,Corey Knox,RB,,,,,
2026,3,13685,,Jake Retzlaff,QB,,,,,
2026,3,7527,,Mac Jones,QB,SF,,,,2
2026,3,6293, 00-0035304,Cullen Gillaspia,RB,,,,,
2026,3,2768,,Braylon Heard,RB,,,,,
2026,3,13806,,Matt Lauter,TE,,,,,
2026,3,12421,,David Wallis,WR,,,,,
2026,3,11452,,Jesse Matthews,WR,,,,,
2026,3,13350,,Joe Fagnano,QB,BAL,,Out,,4
2026,3,9505,,Deuce Vaughn,RB,,,,,
2026,3,862,00-0027948,Blaine Gabbert,QB,,,,,
2026,3,13818,,Romello Brinson,WR,,,,,
2026,3,2892,00-0031900,Rodney Smith,RB,,,,,
2026,3,2168,00-0031285,Devonta Freeman,RB,,,,,
2026,3,2545,00-0032141,Geoff Swaim,TE,,,,,
2026,3,4623,00-0033683,Tim Cook,RB,,,,,
2026,3,7157,,Josh Love,QB,,,,,
2026,3,13289,,Drew Allar,QB,PIT,,Out,,4
2026,3,6126, 00-0034970,Irv Smith,TE,,,Questionable,,
2026,3,7082,,Dalton Keene,TE,,,,,
2026,3,12826,,Ulysses Bentley,RB,,,,,
2026,3,11566,,Jayden Daniels,QB,WAS,,Out,,1
2026,3,4319,00-0033251,Zach Pascal,WR,,,,,
2026,3,13251,,Gunnar Oakes,TE,,,,,
2026,3,2569,,Jake Waters,QB,,,,,
2026,3,2920,,Jeret Smith,WR,,,,,
2026,3,1916,00-0031373,Martavis Bryant,WR,,,,,
2026,3,5984, 00-0035520,Anthony Ratliff-Williams,WR,,,,,
2026,3,7394,,Jermiah Braswell,WR,,,,,
2026,3,5468,00-0034340,Christian Scotland-Williamson,TE,,,,,
2026,3,9495,,Rakim Jarrett,WR,,,,,
2026,3,13314,,Luke Altmyer,QB,DET,,,,
2026,3,10860,,Malik Cunningham,WR,,,,,
2026,3,1312,00-0029319,Josh Bellamy,WR,,,,,
2026,3,2460,00-0032134,C.J. Uzomah,TE,,,,,
2026,3,8429,,Levi Lewis,QB,,,,,
2026,3,7368,,Sean Riley,WR,,,,,
2026,3,2560,00-0031665,Zach Zenner,RB,,,,,
2026,3,8176,,Danny Gray,WR,,,Questionable,,8
2026,3,4520,00-0033517,Travin Dural,WR,,,,,
2026,3,1971,00-0031339,Donte Moncrief,WR,,,,,
2026,3,6088,,Bisi Johnson,WR,,,,,
2026,3,5255,00-0034647,Teo Redding,WR,,,,,
2026,3,12395,,Tanner Knue,WR,,,,,
2026,3,6181, 00-0035259,Trevon Wesco,TE,,,,,
2026,3,4036,00-0033871,Corey Davis,WR,,,,,
2026,3,13827,,Tanner Arkin,TE,NE,,Out,,5
2026,3,5806,00-0034899,John Wolford,QB,,,,,
2026,3,8439,,Demetris Robertson,WR,,,,,
2026,3,11467,,John Samuel Shenker,TE,,,,,
2026,3,7131,,Tyler Davis,TE,,,,,
2026,3,13602,,Jack Strand,QB,ATL,,,,4
2026,3,12324,,William Thompson,QB,,,,,
2026,3,12788,,Will Sheppard,WR,MIA,,,,
2026,3,13708,,Kobe Prentice,WR,,,,,
2026,3,13768,,Josh Pitsenburger,RB,,,,,
2026,3,5245,00-0034146,Troy Mangen,TE,,,,,
2026,3,7340,,Brandon Polk,WR,,,,,
2026,3,13617,,Luke Wysong,WR,,,,,
2026,3,11506,,Jalen Moreno-Cropper,WR,NO,,,,
2026,3,4029,00-0033893,Dalvin Cook,RB,,,,,
2026,3,12797,,Ahmani Marshall,RB,CAR,,,,
2026,3,7890,,Javon McKinley,WR,,,,,
2026,3,13750,,TJ Harden,RB,,,,,
2026,3,5374,00-0034386,Justin Watson,WR,,,,,
2026,3,11619,,Ja'Lynn Polk,WR,,,NA,,
2026,3,11982,,Isaiah Washington,WR,,,,,
2026,3,7574,,Larry Rountree,RB,,,,,
2026,3,4033,00-0033885,David Njoku,TE,LAC,,Out,,2
2026,3,13621,,Dillon Bell,WR,MIN,,,,
2026,3,4152,00-0033951,Marlon Mack,RB,,,,,
2026,3,12799,,Bryson Green,WR,,,,,
2026,3,3497,,Darion Griswold,TE,,,,,
2026,3,4595,00-0033747,Dontez Ford,WR,,,,,
2026,3,4360,00-0033412,Fred Ross,WR,,,,,
2026,3,4670,00-0033706,Artavis Scott,WR,,,,,
2026,3,13873,,Sam Scott,RB,,,Questionable,,
2026,3,13861,,Daniel Sobkowicz,WR,HOU,,,,
2026,3,13777,,Ademola Faleye,TE,,,,,
2026,3,9491,,Ty Scott,WR,,,,,
2026,3,14082,,Alex Tecza,RB,,,,,
2026,3,7502,,Dominique Dafney,TE,,,,,
2026,3,7464,,Connor Slomka,RB,,,,,
2026,3,2582,,Cole Stoudt,QB,,,,,
2026,3,7549,,CJ Marable,RB,,,,,
2026,3,13783,,Raylen Sharpe,WR,,,,,
2026,3,5409,00-0034613,Tanner Hudson,TE,CIN,,,,
2026,3,13663,,Wesley Grimes,WR,SF,,,,
2026,3,12361,,Aeneas Dennis,QB,,,,,
2026,3,12889,,Beaux Collins,WR,ATL,,IR,,8
2026,3,12256,,Baylor Cupp,TE,,,,,
2026,3,7233,,Andre Baccellia,WR,,,Questionable,,
2026,3,587,00-0027215,Logan Paulsen,TE,,,,,
2026,3,7985,,Pro Wells,TE,,,,,
2026,3,6960,,Tyler Johnson,WR,NYJ,,,,
2026,3,11068,,Mitchell Tinsley,WR,HOU,,,,
2026,3,1215,00-0029572,Jarius Wright,WR,,,,,
2026,3,4252,00-0033471,Isaiah Ford,WR,,,,,
2026,3,3300,00-0032940,DeAndre Washington,RB,,,,,
2026,3,7334,,Earnest Edwards,WR,,,,,
2026,3,3917,00-0033143,Kendal Thompson,WR,,,,,
2026,3,11245,,Patrick Murtagh,TE,,,,,
2026,3,8885,,Tucker Fisk,TE,,,,,
2026,3,13981,,Kolbe Katsis,WR,DEN,,,,
2026,3,6549, 00-0035401,Damion Willis,WR,,,,,
2026,3,3895,00-0033094,Marvin Hall,WR,,,,,
2026,3,11640,,Jermaine Burton,WR,,,,,
2026,3,13541,,Lewis Bond,WR,HOU,,,,
2026,3,11284,,Cody Chrest,WR,,,,,
2026,3,13913,,Patrick Gurd,TE,LV,,,,
2026,3,12738,,Phil Mafah,RB,NYG,,,,
2026,3,6387, 00-0035621,Nsimba Webster,WR,,,,,
2026,3,3402,,Zac Brooks,RB,,,,,
2026,3,9496,,Sam James,WR,,,,,
2026,3,4139,00-0033937,Amara Darboh,WR,,,,,
2026,3,7217,,Trevontae Hights,WR,,,,,
2026,3,7475,,Napoleon Maxwell,RB,,,,,
2026,3,3596,,Kivon Cartwright,TE,,,,,
2026,3,11070,,Kazmeir Allen,WR,,,,,
2026,3,6468, 00-0035078,Matthew Eaton,WR,,,,,
2026,3,8175,,Reggie Roberson,WR,,,,,
2026,3,2934,,Jonathon Rumph,WR,,,,,
2026,3,6814,,Laviska Shenault,WR,,,,,
2026,3,6939,,Binjimen Victor,WR,,,,,
2026,3,7172,,Mikey Daniel,RB,,,,,
2026,3,13879,,Jameson Geers,TE,ARI,,IR,,7
2026,3,12760,,Rashod Owens,WR,,,,,
2026,3,4320,,James Quick,WR,,,,,
2026,3,13437,,Noah Whittington,RB,HOU,,,,
2026,3,2576,,Cody Fajardo,QB,,,,,
2026,3,2870,,Ray Hamilton,TE,,,,,
2026,3,3893, 00-0033092,Reece Horn,WR,,,,,
2026,3,4411,,R.J. Shelton,WR,,,,,
2026,3,12935,,Jakobie Keeney-James,WR,,,,,
2026,3,11913,,Devron Harper,WR,,,,,
2026,3,6992,,Michael Warren,RB,DET,,,,
2026,3,12972,,Roc Taylor,WR,,,,,
2026,3,2325,00-0031549,Nelson Agholor,WR,,,,,
2026,3,1567,00-0030525,Tavon Austin,WR,,,,,
2026,3,5597,00-0034697,Brogan Roback,QB,,,,,
2026,3,7135,,Freddie Swain,WR,,,,,
2026,3,6139, 00-0035671,Jace Sternberger,TE,,,,,
2026,3,7401,,Khalil Tate,WR,,,,,
2026,3,3630,,Durron Neal,WR,,,,,
2026,3,12762,,Payton Thorne,QB,,,,,
2026,3,13949,,Damon Bankston,RB,GB,,,,
2026,3,14064,,Roydell Williams,RB,,,,,
2026,3,2730,,Kenneth Harper,RB,,,,,
2026,3,2962,,Zach D'Orazio,WR,,,,,
2026,3,5638,,Shaq Roland,WR,CHI,,,,
2026,3,8038,,Nick Guggemos,TE,,,,,
2026,3,12433,,Ben Bryant,QB,,,,,
2026,3,13125,,Micah Bernard,RB,,,,,
2026,3,4647,00-0033720,Colin Thompson,TE,,,,,
2026,3,8166,,Dontario Drummond,WR,,,,,
2026,3,13005,,Anthony Torres,TE,,,Questionable,,
2026,3,5278,00-0034205,Jarvion Franklin,RB,,,,,
2026,3,11962,,Tayvion Robinson,WR,,,,,
2026,3,7560,,Pooka Williams,RB,,,,,
2026,3,13194,,Key'Shawn Smith,WR,,,,,
2026,3,3306,00-0032780,Jordan Howard,RB,,,,,
2026,3,13312,,Josh Kattus,TE,,,,,
2026,3,8581,,Trevon Bradford,WR,,,,,
2026,3,4779,,Bra'Lon Cherry,WR,,,,,
2026,3,8840,,Cole Fotheringham,TE,,,,,
2026,3,7545,,Marlon Williams,WR,,,,,
2026,3,5873, 00-0035590,Riley Ridley,WR,,,,,
2026,3,4494,,Alonzo Moore,WR,,,,,
2026,3,7424,,Anthony Jones,RB,,,,,
2026,3,5124,00-0034732,Alex McGough,QB,,,,,
2026,3,4741,00-0034011,Dan Arnold,TE,,,,,
2026,3,7080,,Omar Bayless,WR,,,,,
2026,3,6713, 00-0035706,Jamarius Way,WR,,,,,
2026,3,11415,,Tanner Taula,TE,,,,,
2026,3,12074,,Talik Keaton,WR,,,,,
2026,3,13143,,Dymere Miller,WR,,,,,
2026,3,6913,,Joe Reed,WR,,,,,
2026,3,12129,,Jalon Calhoun,WR,,,,,
2026,3,11820,,Devin Culp,TE,TB,,,,
2026,3,13743,,Joseph Manjack,WR,,,,,
2026,3,5000,00-0034681,Chase Edmonds,RB,,,,,
2026,3,4727,,Mitchell Paige,WR,,,,,
2026,3,8757,,Rodney Williams,TE,,,,,
2026,3,7741,,Caleb Huntley,RB,,,,,
2026,3,11115,,Terrell Bynum,WR,,,,,
2026,3,4998,00-0034370,DaeSean Hamilton,WR,,,,,
2026,3,5241,00-0034132,Christian Blake,WR,,,,,
2026,3,2602,00-0031972,Darius Jennings,WR,,,,,
2026,3,4936,,Skyler Howard,QB,SEA,,,,
2026,3,7091,,Aaron Parker,WR,,,,,
2026,3,9759,,C.J. Johnson,WR,,,,,
2026,3,2334,00-0032208,Phillip Dorsett,WR,,,,,
2026,3,1987,00-0031431,Marqise Lee,WR,,,,,
2026,3,12189,,Xavier White,WR,,,,,
2026,3,11192,,Malik Flowers,WR,,,,,
2026,3,3957,,Blake Sims,QB,,,,,
2026,3,8876,,Kevin Kassis,WR,,,,,
2026,3,12515,,Donovan Edwards,RB,,,,,
2026,3,6233, 00-0035436,Matt Sokol,TE,,,,,
2026,3,11530,,Nick Williams,WR,,,,,
2026,3,10216,,Kenny McIntosh,RB,,,,,
2026,3,12859,,Nate Noel,RB,,,,,
2026,3,2910,,Tyler Rutenbeck,WR,,,,,
2026,3,6231, 00-0035161,John Lovett,QB,,,,,
2026,3,4917,,Daryl Virgies,RB,,,,,
2026,3,3309,00-0032782,Wendell Smallwood,RB,WAS,,,,
2026,3,3242,00-0033118,Kenyan Drake,RB,,,,,
2026,3,8721,,De'Montre Tuggle,RB,,,,,
2026,3,5697,,Zach Olstad,RB,,,,,
2026,3,13412,,Kendrick Law,WR,DET,,IR,,8
2026,3,4787,,Jordan Westerkamp,WR,,,,,
2026,3,6700,,Marcelias Sutton,RB,,,,,
2026,3,6832,,Kalija Lipscomb,WR,,,,,
2026,3,7038,,Darius Anderson,RB,,,,,
2026,3,4401,00-0033417,Damore'ea Stringfellow,WR,,,,,
2026,3,11283,,Darius Hagans,RB,,,,,
2026,3,6372, 00-0035494,Xavier Turner,RB,,,,,
2026,3,8058,,Nate McCrary,RB,,,,,
2026,3,1077,00-0029269,Travis Benjamin,WR,,,,,
2026,3,3371,00-0033049,Darius Jackson,RB,,,,,
2026,3,2251,00-0031260,Logan Thomas,TE,,,,,
2026,3,4234,00-0033591,Noah Brown,WR,,,,,
2026,3,11223,,John Hall,WR,,,,,
2026,3,4504,,John Robinson-Woodgett,RB,,,,,
2026,3,5385,00-0034472,Alec Bloom,TE,,,,,
2026,3,663,00-0022943,Benjamin Watson,TE,,,,,
2026,3,4910,,Quincy McDuffie,WR,,,,,
2026,3,6744,00-0033733,Greg Ward,WR,,,,,
2026,4,13346,,Denzel Boston,WR,CLE,11.04,,,1
2026,4,13433,,Riley Nowakowski,TE,PIT,0.2,,,3
2026,4,13491,,Kaden Wetjen,WR,PIT,0.14,,,6
2026,4,13580,,Carsen Ryan,TE,CLE,0.22,,,3
2026,4,6012, 00-0035594,Travis Homer,RB,PIT,0.55,,,4
2026,4,7021,,Rico Dowdle,RB,PIT,9.92,Out,,2
2026,4,11630,,Roman Wilson,WR,PIT,5.28,,,3
2026,4,8228,,Jaylen Warren,RB,PIT,14.75,,,1
2026,4,9479,,Darnell Washington,TE,PIT,3.39,,,2
2026,4,11439,,Jaleel McLaughlin,RB,CLE,0.88,,,3
2026,4,12472,,Raheim Sanders,RB,CLE,5.32,,,2
2026,4,12506,,Harold Fannin,TE,CLE,12.22,,,1
2026,4,4602,00-0033757,Robert Tonyan,TE,PIT,0.07,,,3
2026,4,7595,,Tylan Wallace,WR,CLE,0.81,Questionable,,6
2026,4,7757,,Ben Skowronek,WR,PIT,0.23,,,5
2026,4,12512,,Quinshon Judkins,RB,CLE,8.62,,,1
2026,4,4017,00-0033537,Deshaun Watson,QB,CLE,15.91,,,1
2026,4,5846, 00-0035640,DK Metcalf,WR,PIT,9.85,,,1
2026,4,6783,,Jerry Jeudy,WR,CLE,6.36,,,3
2026,4,96,00-0023459,Aaron Rodgers,QB,PIT,13.64,,,1
2026,4,11201,,Blake Whiteheart,TE,CLE,2.5,,,2
2026,4,6819,,Michael Pittman,WR,PIT,9.51,,,2
2026,4,7600,,Pat Freiermuth,TE,PIT,8.04,,,1
2026,4,11617,,Malachi Corley,WR,CLE,0.21,,,5
2026,4,12503,,Isaiah Bond,WR,CLE,2.12,,,4
2026,4,13274,,Germie Bernard,WR,PIT,2.33,,,4
2026,4,13298,,KC Concepcion,WR,CLE,8.79,,,2
2026,4,10210,,Cameron Latu,TE,NE,0.21,,,3
2026,4,10219,,Chris Rodriguez,RB,JAX,5.33,,,2
2026,4,10227,,Payne Durham,TE,TB,0.18,,,2
2026,4,10231,,Elijah Higgins,TE,ARI,1.73,,,2
2026,4,10871,,Luke Schoonmaker,TE,DAL,1.65,,,3
2026,4,11168,,Xavier Smith,WR,LAR,0.97,,,5
2026,4,11199,,Emari Demercado,RB,DAL,0.43,Out,,3
2026,4,11320,,Nikko Remigio,WR,KC,0.17,,,6
2026,4,11370,,Chris Brooks,RB,GB,5.87,,,3
2026,4,11433,,Nate Adkins,TE,DEN,1.85,,,3
2026,4,11575,,Ray Davis,RB,BUF,1.04,,,3
2026,4,11577,,Will Shipley,RB,PHI,2.06,,,3
2026,4,11584,,Bucky Irving,RB,TB,14.17,,,1
2026,4,11592,,Erick All,TE,CIN,2.83,,,3
2026,4,11603,,AJ Barner,TE,SEA,9.21,,,1
2026,4,11651,,Isaac Guerendo,RB,SF,,PUP,,6
2026,4,12171,,British Brooks,RB,HOU,0.19,,,3
2026,4,12467,,Jordan James,RB,SF,0.66,,,4
2026,4,12473,,Mitchell Evans,TE,CAR,1.74,,,3
2026,4,12474,,Woody Marks,RB,HOU,8.64,,,2
2026,4,12495,,Ollie Gordon,RB,MIA,7.77,Questionable,,1
2026,4,12501,,Matthew Golden,WR,GB,12.18,,,2
2026,4,12514,,Emeka Egbuka,WR,TB,10.34,,,1
2026,4,12519,,Luther Burden,WR,CHI,11.38,,,2
2026,4,12521,,Elijah Arroyo,TE,SEA,4.04,,,2
2026,4,12540,,Chimere Dike,WR,TEN,2.13,,,5
2026,4,12543,,Tahj Brooks,RB,CIN,0.59,,,3
2026,4,13307,,Marlin Klein,TE,HOU,2.0,,,3
2026,4,13400,,Justin Joly,TE,MIA,0.17,,,4
2026,4,13421,,Eli Raridon,TE,NE,4.17,Out,,2
2026,4,13434,,Will Kacmarek,TE,MIA,1.22,,,2
2026,4,1466,00-0030506,Travis Kelce,TE,KC,11.74,,,1
2026,4,3155,00-0032951,Laquon Treadwell,WR,IND,3.29,,,4
2026,4,3163,00-0033106,Jared Goff,QB,DET,17.04,,,1
2026,4,4177,00-0033555,Mack Hollins,WR,NE,7.53,,,2
2026,4,421,00-0026498,Matthew Stafford,QB,LAR,16.8,,,1
2026,4,4995,00-0034365,Ian Thomas,TE,LV,0.49,,,3
2026,4,5012,00-0034753,Mark Andrews,TE,BAL,8.55,Questionable,,1
2026,4,5086,00-0034272,Marquez Valdes-Scantling,WR,LAC,0.71,,,6
2026,4,5844, 00-0035229,T.J. Hockenson,TE,MIN,8.41,,,1
2026,4,5985, 00-0034981,Foster Moreau,TE,HOU,3.42,,,2
2026,4,6149, 00-0035535,Darius Slayton,WR,IND,4.06,Out,,3
2026,4,6427, 00-0035021,Ashton Dulin,WR,IND,1.11,Out,,5
2026,4,7039,,Cody White,WR,LV,3.26,,,
2026,4,7204,,Reggie Gilliam,RB,NE,0.26,,,4
2026,4,7523,,Trevor Lawrence,QB,JAX,20.06,,,1
2026,4,7536,,Quintin Morris,TE,JAX,0.53,,,3
2026,4,7569,,Nico Collins,WR,HOU,18.48,Out,,1
2026,4,7587,,Dyami Brown,WR,WAS,0.74,,,5
2026,4,7594,,Chuba Hubbard,RB,CAR,16.27,,,1
2026,4,7611,,Rhamondre Stevenson,RB,NE,13.68,,,2
2026,4,8121,,Romeo Doubs,WR,NE,8.85,,,1
2026,4,8137,,George Pickens,WR,DAL,13.84,,,2
2026,4,8147,,John Metchie,WR,CAR,0.16,,,5
2026,4,8167,,Christian Watson,WR,GB,15.38,,,1
2026,4,8207,,Tyler Goodson,RB,DAL,3.53,,,2
2026,4,8208,,Tyler Badie,RB,DEN,3.12,,,3
2026,4,8489,,Drew Ogletree,TE,IND,0.46,,,3
2026,4,9484,,Tucker Kraft,TE,GB,10.63,,,1
2026,4,9508,,Tyjae Spears,RB,TEN,8.16,Questionable,,2
2026,4,9756,,Jordan Addison,WR,MIN,10.85,,,2
2026,4,10218,,Xavier Hutchinson,WR,HOU,5.64,,,2
2026,4,11034,,Jalen Brooks,WR,ARI,0.33,,,4
2026,4,11593,,Brevyn Spann-Ford,TE,DAL,1.25,,,2
2026,4,11624,,Xavier Worthy,WR,KC,9.68,,,2
2026,4,11625,,Adonai Mitchell,WR,NYJ,8.4,Out,,2
2026,4,11629,,Devontez Walker,WR,BAL,3.34,,,3
2026,4,12485,,Tez Johnson,WR,TB,2.65,,,4
2026,4,12491,,Corey Kiner,RB,NE,0.57,,,3
2026,4,12498,,Mason Taylor,TE,NYJ,2.62,Out,,2
2026,4,12518,,Tyler Warren,TE,IND,11.17,,,1
2026,4,12536,,Jaylin Noel,WR,HOU,4.24,,,4
2026,4,12544,,LeQuint Allen,RB,JAX,1.91,,,4
2026,4,13075,,Myles Price,WR,MIN,0.1,,,5
2026,4,13273,,Josh Cuevas,TE,BAL,0.88,,,4
2026,4,13285,,Malachi Fields,WR,NYG,5.34,,,2
2026,4,13308,,Bauer Sharp,TE,TB,0.1,,,3
2026,4,13317,,Ted Hurst,WR,TB,6.08,,,3
2026,4,13338,,Kevin Coleman,WR,MIA,1.8,,,5
2026,4,13347,,Demond Claiborne,RB,MIN,2.55,,,2
2026,4,13380,,Brenen Thompson,WR,LAC,2.14,Out,,4
2026,4,1339,00-0030061,Zach Ertz,TE,PHI,3.69,,,1
2026,4,13405,,Kaytron Allen,RB,WAS,1.1,,,3
2026,4,13408,,Tanner Koziol,TE,JAX,1.32,,,4
2026,4,13424,,Seth McGowan,RB,IND,2.7,,,2
2026,4,1479,00-0030279,Keenan Allen,WR,IND,7.97,,,2
2026,4,2449,00-0031588,Stefon Diggs,WR,WAS,11.04,,,2
2026,4,2505,00-0031610,Darren Waller,TE,CAR,9.29,,,1
2026,4,3271,00-0033110,Tyler Higbee,TE,LAR,6.72,,,3
2026,4,3634,00-0032464,Kalif Raymond,WR,CHI,7.77,,,3
2026,4,4034,00-0033280,Christian McCaffrey,RB,SF,18.4,,,1
2026,4,4144,00-0033858,Jonnu Smith,TE,GB,3.36,,,2
2026,4,4147,00-0033526,Samaje Perine,RB,CIN,6.21,,,2
2026,4,4189,00-0033576,Eric Saubert,TE,SEA,0.43,,,3
2026,4,4199,00-0033293,Aaron Jones,RB,MIN,14.13,,,1
2026,4,4314,00-0033246,Johnny Mundt,TE,PHI,3.08,,,2
2026,4,4866,00-0034844,Saquon Barkley,RB,PHI,14.75,,,1
2026,4,5409,00-0034613,Tanner Hudson,TE,CIN,1.72,,,
2026,4,5872, 00-0035719,Deebo Samuel,WR,SF,8.87,,,2
2026,4,5892, 00-0035685,David Montgomery,RB,HOU,14.85,,,1
2026,4,5906, 00-0035689,Dawson Knox,TE,BUF,3.98,,,2
2026,4,5927, 00-0035659,Terry McLaurin,WR,WAS,11.62,,,1
2026,4,6130, 00-0035250,Devin Singletary,RB,NYG,1.19,Out,,3
2026,4,6786,,CeeDee Lamb,WR,DAL,17.43,,,1
2026,4,7525,,DeVonta Smith,WR,PHI,13.37,,,1
2026,4,7567,,Kenny Gainwell,RB,TB,7.45,,,2
2026,4,7571,,Rashod Bateman,WR,BAL,7.8,,,2
2026,4,7716,,John Bates,TE,WAS,1.88,,,2
2026,4,7720,,Kene Nwangwu,RB,NYJ,0.11,Out,,5
2026,4,8148,,Jameson Williams,WR,DET,11.32,,,2
2026,4,8150,,Kyren Williams,RB,LAR,13.71,,,1
2026,4,8172,,Greg Dulcich,TE,MIA,6.31,,,1
2026,4,8676,,Rashid Shaheed,WR,SEA,6.8,,,2
2026,4,9224,,Chase Brown,RB,CIN,17.81,,,1
2026,4,9228,,Bryce Young,QB,CAR,18.69,,,1
2026,4,9482,,Michael Mayer,TE,LV,4.95,,,2
2026,4,9487,,Parker Washington,WR,JAX,16.78,,,1
2026,4,9494,,Marvin Mims,WR,DEN,2.01,Out,,5
2026,4,9504,,Kayshon Boutte,WR,HOU,7.77,,,3
2026,4,9997,,Zay Flowers,WR,BAL,18.18,,,1
2026,4,10213,,Tre Tucker,WR,LV,8.52,,,1
2026,4,10234,,Derius Davis,WR,LAC,0.67,,,5
2026,4,10859,,Sam LaPorta,TE,DET,10.67,,,1
2026,4,11056,,Jared Wayne,WR,HOU,1.2,,,
2026,4,11304,,E.J. Jenkins,TE,PHI,1.41,,,3
2026,4,11571,,Isaiah Davis,RB,NYJ,6.87,,,3
2026,4,11576,,Braelon Allen,RB,NYJ,13.23,,,1
2026,4,11586,,Blake Corum,RB,LAR,7.17,,,2
2026,4,11608,,Isaiah Williams,WR,NYJ,5.23,,,3
2026,4,11626,,Xavier Legette,WR,CAR,4.09,Out,,3
2026,4,11628,,Marvin Harrison,WR,ARI,6.21,,,2
2026,4,11646,,Jalen Coker,WR,CAR,14.98,Out,,2
2026,4,11650,,Luke McCaffrey,WR,WAS,0.42,,,6
2026,4,1166,00-0029604,Kirk Cousins,QB,LV,15.07,,,1
2026,4,12455,,Brashard Smith,RB,KC,0.24,,,3
2026,4,12496,,Tai Felton,WR,MIN,1.67,,,4
2026,4,12497,,Tory Horton,WR,SEA,3.46,,,4
2026,4,12499,,Elic Ayomanor,WR,TEN,6.02,,,3
2026,4,12517,,Colston Loveland,TE,CHI,10.27,,,1
2026,4,12527,,Ashton Jeanty,RB,LV,15.54,,,1
2026,4,12529,,TreVeyon Henderson,RB,NE,9.67,,,1
2026,4,12634,,Jordan Watkins,WR,SF,1.72,,,4
2026,4,13150,,Darius Cooper,WR,PHI,2.4,,,4
2026,4,13278,,Max Klare,TE,LAR,0.52,,,5
2026,4,13286,,Jadarian Price,RB,SEA,8.16,,,1
2026,4,13305,,Mike Washington,RB,LV,4.46,,,2
2026,4,13333,,Deion Burks,WR,IND,0.21,,,6
2026,4,13413,,Cyrus Allen,WR,KC,0.55,,,5
2026,4,13516,,Max Bredeson,RB,MIN,0.11,,,4
2026,4,2197,00-0031236,Brandin Cooks,WR,SF,0.92,,,
2026,4,2359,00-0032104,Ameer Abdullah,RB,JAX,2.91,,,3
2026,4,3048,00-0031484,Chris Manhertz,TE,NYG,0.32,,,3
2026,4,3198,00-0032764,Derrick Henry,RB,BAL,20.46,,,1
2026,4,3257,00-0033119,Jacoby Brissett,QB,ARI,15.61,,,1
2026,4,3269,00-0032398,Chris Moore,WR,BAL,0.73,,,4
2026,4,4046,00-0033873,Patrick Mahomes,QB,KC,21.14,,,1
2026,4,4066,00-0033881,Evan Engram,TE,DEN,5.52,,,1
2026,4,4217,00-0033288,George Kittle,TE,SF,11.35,,,1
2026,4,4993,00-0034829,Mike Gesicki,TE,CIN,7.84,,,1
2026,4,5045,00-0034348,Courtland Sutton,WR,DEN,9.8,,,2
2026,4,5870, 00-0035710,Daniel Jones,QB,IND,16.67,,,1
2026,4,5995, 00-0034975,Justice Hill,RB,BAL,6.17,,,2
2026,4,6790,,D'Andre Swift,RB,CHI,16.62,,,1
2026,4,6801,,Tee Higgins,WR,CIN,14.79,,,2
2026,4,6804,,Jordan Love,QB,GB,17.46,,,1
2026,4,6813,,Jonathan Taylor,RB,IND,21.58,,,1
2026,4,7528,,Najee Harris,RB,NYG,5.04,,,2
2026,4,7842,,Luke Farrell,TE,SF,1.73,,,2
2026,4,7891,,Brock Wright,TE,DET,1.68,,,2
2026,4,8130,,Trey McBride,TE,ARI,16.76,,,1
2026,4,8131,,Isaiah Likely,TE,NYG,9.74,,,1
2026,4,8132,,Tyler Allgeier,RB,ARI,7.76,,,2
2026,4,8181,,Connor Heyward,RB,LV,0.91,,,3
2026,4,8188,,Tyquan Thornton,WR,KC,6.4,,,3
2026,4,9486,,Dontayvion Wicks,WR,PHI,8.81,,,2
2026,4,10232,,Michael Wilson,WR,ARI,13.39,,,1
2026,4,10235,,Roschon Johnson,RB,CHI,0.23,,,3
2026,4,11237,,Jacob Saylors,RB,DET,0.3,,,3
2026,4,11435,,Emanuel Wilson,RB,SEA,6.09,,,2
2026,4,11564,,Drake Maye,QB,NE,18.1,,,1
2026,4,11574,,Dylan Laube,RB,LV,0.03,,,4
2026,4,11610,,Malik Washington,WR,MIA,8.73,,,1
2026,4,11631,,Brian Thomas,WR,JAX,9.31,,,3
2026,4,11635,,Ladd McConkey,WR,LAC,12.68,,,1
2026,4,11643,,Jaylen Wright,RB,MIA,3.83,Out,,2
2026,4,12048,,George Holani,RB,SEA,5.2,,,3
2026,4,12389,,Hayden Rucci,TE,LAC,1.44,,,3
2026,4,12492,,Pat Bryant,WR,DEN,7.99,,,3
2026,4,12526,,Tetairoa McMillan,WR,CAR,14.25,,,1
2026,4,12534,,Kyle Monangai,RB,CHI,9.13,,,2
2026,4,12641,,Jaylin Lane,WR,WAS,0.58,,,7
2026,4,12699,,LaJohntay Wester,WR,BAL,0.99,,,5
2026,4,12817,,Jake Briningstool,TE,KC,0.78,,,3
2026,4,13264,,Dohnte Meyers,WR,CIN,2.45,,,3
2026,4,13301,,Antonio Williams,WR,WAS,4.67,,,3
2026,4,13330,,Kenyon Sadiq,TE,NYJ,9.53,,,1
2026,4,13414,,Kaelon Black,RB,SF,5.32,,,2
2026,4,13425,,Jalon Daniels,QB,TB,13.03,,,1
2026,4,13429,,Seydou Traore,TE,MIA,0.08,,,3
2026,4,1737,00-0028986,Case Keenum,QB,CHI,14.5,,,2
2026,4,2078,00-0031235,Odell Beckham,WR,NYG,1.29,,,4
2026,4,3214,00-0033090,Hunter Henry,TE,NE,9.19,,,1
2026,4,4037,00-0033921,Chris Godwin,WR,TB,8.9,,,2
2026,4,4881,00-0034796,Lamar Jackson,QB,BAL,22.16,,,1
2026,4,4943,00-0034869,Sam Darnold,QB,SEA,16.73,,,1
2026,4,4981,00-0034837,Calvin Ridley,WR,TEN,2.87,,,4
2026,4,4983,00-0034827,DJ Moore,WR,BUF,12.38,,,1
2026,4,5773,00-0034854,KhaDarel Hodge,WR,SF,0.43,,,5
2026,4,5849, 00-0035228,Kyler Murray,QB,MIN,19.06,,,1
2026,4,5947, 00-0034960,Jakobi Meyers,WR,JAX,9.16,,,2
2026,4,6039, 00-0035537,Ty Johnson,RB,BUF,5.03,,,2
2026,4,6828,,AJ Dillon,RB,CAR,4.36,,,2
2026,4,6847,,Devin Duvernay,WR,ARI,0.2,,,6
2026,4,6931,,DeeJay Dallas,RB,MIN,3.53,,,3
2026,4,7090,,Darnell Mooney,WR,NYG,4.28,,,3
2026,4,7588,,Javonte Williams,RB,DAL,14.7,,,1
2026,4,7694,,Tommy Tremble,TE,CAR,3.15,,,2
2026,4,8110,,Jake Ferguson,TE,DAL,9.52,,,1
2026,4,8111,,Cade Otton,TE,TB,7.24,,,1
2026,4,8151,,Kenneth Walker,RB,KC,19.81,,,1
2026,4,8168,,Skyy Moore,WR,GB,5.04,,,3
2026,4,8180,,Jalen Nailor,WR,LV,6.11,,,2
2026,4,8183,,Brock Purdy,QB,SF,19.25,,,1
2026,4,8225,,Daniel Bellinger,TE,TEN,2.17,,,2
2026,4,9221,,Jahmyr Gibbs,RB,DET,24.72,,,1
2026,4,9493,,Puka Nacua,WR,LAR,18.81,Out,,1
2026,4,9501,,DeMario Douglas,WR,NE,6.32,,,3
2026,4,9511,,Keaton Mitchell,RB,LAC,4.69,,,2
2026,4,9754,,Quentin Johnston,WR,LAC,8.57,,,2
2026,4,9758,,C.J. Stroud,QB,HOU,18.26,,,1
2026,4,10214,,Davis Allen,TE,LAR,1.45,,,4
2026,4,10222,,Jayden Reed,WR,GB,,Out,,4
2026,4,10225,,Jonathan Mingo,WR,DAL,0.44,,,5
2026,4,10236,,Dalton Kincaid,TE,BUF,12.32,,,1
2026,4,11157,,Brycen Tremayne,WR,CAR,1.15,,,4
2026,4,11570,,Rasheen Ali,RB,BAL,0.27,,,3
2026,4,11596,,Ben Sinnott,TE,WAS,0.98,,,3
2026,4,11597,,Theo Johnson,TE,NYG,3.12,,,2
2026,4,11616,,Jacob Cowing,WR,SF,2.43,,,3
2026,4,11623,,Jordan Whittington,WR,LAR,1.62,,,4
2026,4,11632,,Malik Nabers,WR,NYG,13.5,,,1
2026,4,11647,,Kimani Vidal,RB,LAC,1.7,,,3
2026,4,11783,,Ryan Flournoy,WR,DAL,7.06,,,3
2026,4,11994,,Kameron Johnson,WR,TB,0.44,,,5
2026,4,12481,,Cam Skattebo,RB,NYG,15.7,,,1
2026,4,12502,,Gunnar Helm,TE,TEN,7.22,,,1
2026,4,12504,,Kaleb Johnson,RB,GB,5.72,,,2
2026,4,12507,,Omarion Hampton,RB,LAC,9.42,,,1
2026,4,12535,,Isaac TeSlaa,WR,DET,4.18,,,3
2026,4,12542,,Efton Chism,WR,NE,1.19,,,5
2026,4,12547,,Kyle Williams,WR,NE,3.08,,,4
2026,4,12658,,Jackson Hawes,TE,BUF,1.06,,,3
2026,4,12718,,Konata Mumpfield,WR,LAR,2.22,,,3
2026,4,13079,,Jahdae Walker,WR,CHI,2.09,,,4
2026,4,13288,,Nicholas Singleton,RB,TEN,0.85,,,3
2026,4,13311,,Chris Bell,WR,MIA,5.07,,,3
2026,4,13322,,Sam Roush,TE,CHI,2.18,,,3
2026,4,13324,,Matt Hibner,TE,BAL,1.94,,,2
2026,4,13337,,Emmett Johnson,RB,KC,4.5,,,2
2026,4,13394,,Josh Cameron,WR,JAX,2.7,,,4
2026,4,13411,,Zavion Thomas,WR,CHI,0.79,,,5
2026,4,1373,00-0030565,Geno Smith,QB,NYJ,14.96,,,1
2026,4,2307,00-0032268,Marcus Mariota,QB,WAS,16.62,,,1
2026,4,3294,00-0033077,Dak Prescott,QB,DAL,18.34,,,1
2026,4,4039,00-0033908,Cooper Kupp,WR,SEA,6.26,,,3
2026,4,4054,00-0033217,Mo Alie-Cox,TE,IND,1.34,,,2
2026,4,4984,00-0034857,Josh Allen,QB,BUF,23.06,Questionable,,1
2026,4,5008,00-0034798,Durham Smythe,TE,BAL,0.8,,,3
2026,4,6001, 00-0035631,Drew Sample,TE,CIN,2.64,,,2
2026,4,6770,,Joe Burrow,QB,CIN,18.84,,,1
2026,4,6794,,Justin Jefferson,WR,MIN,16.43,Out,,1
2026,4,6797,,Justin Herbert,QB,LAC,14.2,,,1
2026,4,6806,,J.K. Dobbins,RB,DEN,7.82,,,1
2026,4,6869,,Adam Trautman,TE,DEN,1.91,,,2
2026,4,6904,,Jalen Hurts,QB,PHI,17.06,,,1
2026,4,7531,,Feleipe Franks,TE,CAR,0.08,,,5
2026,4,7547,,Amon-Ra St. Brown,WR,DET,18.08,,,1
2026,4,7564,,Ja'Marr Chase,WR,CIN,18.22,,,1
2026,4,7596,,Elijah Moore,WR,PHI,0.28,,,5
2026,4,7670,,Joshua Palmer,WR,BUF,2.73,,,4
2026,4,8117,,Jalen Tolbert,WR,MIA,0.33,,,4
2026,4,8126,,Wan'Dale Robinson,WR,TEN,10.06,,,2
2026,4,8135,,Treylon Burks,WR,WAS,0.51,,,4
2026,4,8136,,Rachaad White,RB,WAS,8.61,Questionable,,2
2026,4,8138,,James Cook,RB,BUF,17.15,,,1
2026,4,8146,,Garrett Wilson,WR,NYJ,16.37,,,1
2026,4,8204,,Bo Melton,WR,GB,0.44,,,5
2026,4,8219,,Jelani Woods,TE,NYJ,0.33,,,4
2026,4,8250,,Tay Martin,WR,DET,0.73,,,4
2026,4,8527,,Dareke Young,WR,LV,0.45,,,4
2026,4,8917,,KaVontae Turpin,WR,DAL,2.9,,,4
2026,4,9488,,Jaxon Smith-Njigba,WR,SEA,22.16,,,1
2026,4,9506,,Sean Tucker,RB,TB,0.41,,,3
2026,4,10212,,Josh Whyle,TE,GB,0.38,,,3
2026,4,10229,,Rashee Rice,WR,KC,14.62,,,1
2026,4,11563,,Bo Nix,QB,DEN,17.9,,,1
2026,4,11581,,MarShawn Lloyd,RB,GB,8.03,,,1
2026,4,11599,,Cade Stover,TE,HOU,0.95,,,4
2026,4,11604,,Brock Bowers,TE,LV,15.35,,,1
2026,4,11620,,Rome Odunze,WR,CHI,10.01,,,1
2026,4,11627,,Troy Franklin,WR,DEN,1.64,,,4
2026,4,11637,,Keon Coleman,WR,BUF,6.18,,,3
2026,4,11655,,Tyrone Tracy,RB,NYG,0.8,,,4
2026,4,11729,,Sione Vaki,RB,DET,4.34,,,2
2026,4,12489,,RJ Harvey,RB,DEN,11.02,Questionable,,2
2026,4,12490,,Bhayshul Tuten,RB,JAX,12.78,,,1
2026,4,12493,,Oronde Gadsden,TE,LAC,6.65,,,1
2026,4,12505,,Jalen Royals,WR,KC,1.93,,,4
2026,4,12509,,Tre' Harris,WR,LAC,6.75,,,3
2026,4,12522,,Cam Ward,QB,TEN,13.31,,,1
2026,4,12533,,Jacory Croskey-Merritt,RB,WAS,12.57,,,1
2026,4,13279,,Carnell Tate,WR,TEN,10.15,,,1
2026,4,13287,,Jeremiyah Love,RB,ARI,15.79,,,1
2026,4,13294,,Makai Lemon,WR,PHI,6.57,,,3
2026,4,13296,,Caleb Douglas,WR,MIA,6.07,Out,,2
2026,4,13299,,Nate Boerkircher,TE,JAX,1.56,,,2
2026,4,13300,,Le'Veon Moss,RB,,0.0,NA,,
2026,4,13329,,Malik Benson,WR,LV,0.84,,,5
2026,4,2133,00-0031381,Davante Adams,WR,LAR,12.03,,,2
2026,4,2216,00-0031408,Mike Evans,WR,SF,13.29,Out,,1
2026,4,2306,00-0031503,Jameis Winston,QB,NYG,15.64,,,1
2026,4,4454,00-0033307,Kendrick Bourne,WR,ARI,5.28,,,3
2026,4,5001,00-0034383,Dalton Schultz,TE,HOU,10.48,,,1
2026,4,5967, 00-0035261,Tony Pollard,RB,TEN,9.65,,,1
2026,4,6588, 00-0035544,Tom Kennedy,WR,DET,0.48,,,5
2026,4,6826,,Cole Kmet,TE,CHI,3.84,,,2
2026,4,6865,,Colby Parkinson,TE,LAR,6.11,Questionable,,2
2026,4,7049,,Jauan Jennings,WR,MIN,9.08,,,3
2026,4,7526,,Jaylen Waddle,WR,DEN,11.83,,,1
2026,4,7828,,Noah Gray,TE,KC,3.37,,,2
2026,4,8134,,Khalil Shakir,WR,BUF,8.22,,,2
2026,4,8145,,Jeremy Ruckert,TE,NYJ,1.03,,,3
2026,4,8161,,Malik Willis,QB,MIA,12.56,,,1
2026,4,8210,,Chig Okonkwo,TE,WAS,7.94,Out,,1
2026,4,8254,,Julius Chestnut,RB,TEN,0.27,,,4
2026,4,8414,,Britain Covey,WR,PHI,0.13,,,6
2026,4,8484,,Ko Kieft,TE,TB,0.04,,,4
2026,4,9225,,Tank Bigsby,RB,PHI,3.38,,,2
2026,4,9480,,Brenton Strange,TE,JAX,9.64,,,1
2026,4,9500,,Josh Downs,WR,IND,12.11,,,1
2026,4,13319,,Oscar Delp,TE,NO,1.58,,,3
2026,4,13420,,Bryce Lance,WR,NO,1.82,,,3
2026,4,8112,,Drake London,WR,ATL,16.72,,,1
2026,4,9757,,Kendre Miller,RB,NO,7.11,,,2
2026,4,11834,,Devaughn Vele,WR,NO,10.18,,,2
2026,4,8154,,Brian Robinson,RB,ATL,4.23,,,2
2026,4,11559,,Michael Penix,QB,ATL,14.72,,,1
2026,4,13320,,Zachariah Branch,WR,ATL,3.45,,,4
2026,4,13533,,Barion Brown,WR,NO,2.14,Out,,4
2026,4,4035,00-0033906,Alvin Kamara,RB,NO,9.81,,,1
2026,4,7075,,Charlie Woerner,TE,ATL,0.71,,,3
2026,4,8119,,Jahan Dotson,WR,ATL,3.31,,,2
2026,4,12545,,Tyler Shough,QB,NO,18.58,,,1
2026,4,5857, 00-0035644,Noah Fant,TE,NO,6.03,,,2
2026,4,7002,,Juwan Johnson,TE,NO,11.68,,,1
2026,4,13277,,CJ Donaldson,RB,NO,4.07,,,4
2026,4,3202,00-0032392,Austin Hooper,TE,ATL,2.64,,,2
2026,4,6271, 00-0035208,Olamide Zaccheaus,WR,ATL,2.14,,,3
2026,4,7553,,Kyle Pitts,TE,ATL,10.44,,,1
2026,4,8144,,Chris Olave,WR,NO,18.9,,,1
2026,4,9509,,Bijan Robinson,RB,ATL,22.1,,,1
2026,4,6462, 00-0035057,Ellis Richardson,TE,,,,,
2026,4,7926,,Carl Tucker,TE,,,,,
2026,4,1408,00-0030496,Le'Veon Bell,RB,,,,,
2026,4,8074,,Matt Seybert,TE,,,,,
2026,4,13175,,Kinkead Dent,QB,,,,,
2026,4,2801,00-0031511,DeAndrew White,WR,,,,,
2026,4,7918,,A.J. Rose,RB,,,,,
2026,4,5428,,Ricky Jeune,WR,,,,,
2026,4,13221,,Brett Gabbert,QB,,,,,
2026,4,11522,,Jerome Kapp,WR,,,,,
2026,4,2474,00-0031598,Nick Boyle,TE,,,,,
2026,4,8809,,Aaron Shampklin,RB,,,,,
2026,4,3342,00-0032791,Jakeem Grant,WR,,,,,
2026,4,1684,00-0030300,Jaron Brown,WR,,,,,
2026,4,6918,,Salvon Ahmed,RB,CHI,,,,
2026,4,6137, 00-0035308,Tommy Sweeney,TE,,,,,
2026,4,3561,00-0032583,Bryce Williams,TE,,,,,
2026,4,5038,00-0034764,Michael Gallup,WR,,,,,
2026,4,2023,00-0031060,De'Anthony Thomas,WR,,,,,
2026,4,11649,,Kendall Milton,RB,CIN,,,,
2026,4,13600,,Tyren Montgomery,WR,TEN,,,,
2026,4,5965, 00-0035703,Miles Boykin,WR,,,,,
2026,4,13064,,Dorian Singer,WR,,,,,
2026,4,4992,00-0034860,Dante Pettis,WR,,,,,
2026,4,11155,,Christian Sims,TE,,,,,
2026,4,4828,00-0034034,Rashard Davis,WR,,,,,
2026,4,4396,00-0033407,Drew Morgan,WR,,,,,
2026,4,4038,00-0033460,John Ross,WR,,,,,
2026,4,11282,,Johnny King,WR,,,,,
2026,4,3730,00-0032728,Tevin Jones,WR,,,,,
2026,4,13302,,Adam Randall,RB,BAL,,IR,,5
2026,4,5718,00-0034725,Ryan Yurachek,TE,,,,,
2026,4,3916,,David Watford,WR,,,,,
2026,4,5530,,Evan Berry,WR,,,,,
2026,4,11445,,Taylor Grimes,WR,,,,,
2026,4,5619,00-0034654,Dalyn Dawkins,RB,,,,,
2026,4,5122,00-0034414,Boston Scott,RB,,,,,
2026,4,13295,,Behren Morton,QB,NE,,Out,,3
2026,4,2320,00-0032144,Melvin Gordon,RB,,,,,
2026,4,1895,00-0031288,AJ McCarron,QB,,,,,
2026,4,11906,,Ty James,WR,,,,,
2026,4,12028,,TaMerik Williams,RB,,,,,
2026,4,3488,00-0032577,D.J. Foster,RB,,,,,
2026,4,13323,,Rahsul Faison,RB,,,,,
2026,4,12244,,DeAngelo Hardy,WR,,,,,
2026,4,1387,00-0030288,Rex Burkhead,RB,,,,,
2026,4,5143,,Demario Richard,RB,,,,,
2026,4,8410,,Jequez Ezzard,WR,,,,,
2026,4,2025,00-0030669,Albert Wilson,WR,,,,,
2026,4,12300,,Joshua Lingenfelter,TE,,,,,
2026,4,19,00-0026158,Joe Flacco,QB,CIN,,,,2
2026,4,13352,,Lincoln Pare,RB,,,Questionable,,
2026,4,12967,,Jacolby George,WR,,,,,
2026,4,14017,,Brett Weaver,TE,,,,,
2026,4,13228,,Ife Adeyi,WR,,,,,
2026,4,6459, 00-0035114,Sean Modster,WR,,,,,
2026,4,12264,,Cole Beck,WR,,,,,
2026,4,801,00-0028112,Charles Clay,TE,,,,,
2026,4,6374, 00-0035484,Drew Belcher,TE,,,,,
2026,4,7944,,Michael Strachan,WR,,,,,
2026,4,1550,00-0029857,Ryan Griffin,QB,,,,,
2026,4,13108,,Julian Fleming,WR,,,,,
2026,4,3423,00-0032688,Robbie Chosen,WR,,,,,
2026,4,12121,,Deshaun Fenwick,RB,,,,,
2026,4,3496,00-0032725,Stephen Anderson,TE,,,,,
2026,4,4813,00-0034025,Marvin Bracy,WR,,,,,
2026,4,1800,00-0031299,Jordan Matthews,TE,,,,,
2026,4,5100,00-0034400,Jordan Wilkins,RB,,,,,
2026,4,7938,,Hunter Kampmoyer,TE,,,,,
2026,4,12848,,Josh Kelly,WR,HOU,,,,
2026,4,8698,,Jake Tonges,TE,SF,,IR,,4
2026,4,3453,00-0032377,Josh Ferguson,RB,,,,,
2026,4,4385,,Kalif Phillips,RB,,,,,
2026,4,7013,,Steven Montez,QB,,,,,
2026,4,7862,,T.J. Vasher,WR,,,,,
2026,4,10233,,Max Duggan,QB,,,,,
2026,4,1517,00-0030107,Theo Riddick,RB,,,,,
2026,4,6279, 00-0035102,Brandon Dillon,TE,,,,,
2026,4,6501, 00-0035009,C.J. Conrad,TE,,,,,
2026,4,5776,00-0034861,Mark Chapman,WR,,,,,
2026,4,2948,,Brandon Cottom,RB,,,,,
2026,4,12971,,Ke'Shawn Williams,WR,CIN,,,,5
2026,4,6381, 00-0035104,Alexander Hollins,WR,,,,,
2026,4,6016, 00-0035058,Dax Raymond,TE,PIT,,,,
2026,4,6908,,La'Mical Perine,RB,,,,,
2026,4,4569,00-0033655,Brian Brown,WR,,,,,
2026,4,5007,00-0034366,Keke Coutee,WR,,,,,
2026,4,8116,,Pierre Strong,RB,GB,,Questionable,,
2026,4,6823,,Jacob Eason,QB,,,,,
2026,4,3648,00-0032914,Matt Weiser,TE,,,,,
2026,4,7619,,Mathew Sexton,WR,,,,,
2026,4,7555,,Jamie Newman,QB,,,,,
2026,4,13409,,Donaven McCulley,WR,,,,,
2026,4,7585,,Davis Mills,QB,HOU,,,,2
2026,4,12399,,Caleb Chapman,WR,,,,,
2026,4,14076,,Justin Jones,RB,,,,,
2026,4,8931,,Josh Ali,WR,,,,,
2026,4,8633,,Stephon Robinson,WR,,,,,
2026,4,788,00-0028087,Dion Lewis,RB,,,,,
2026,4,8241,,Anthony Brown,QB,,,,,
2026,4,5854, 00-0035704,Drew Lock,QB,SEA,,,,2
2026,4,2936,,Rasheed Williams,RB,,,,,
2026,4,3211,00-0032417,Paul Perkins,RB,,,,,
2026,4,7593,,Trey Sermon,RB,ATL,,IR,,3
2026,4,6489,,Taryn Christion,QB,,,,,
2026,4,7614,,Darius Clark,RB,,,,,
2026,4,12832,,Blayne Taylor,WR,,,,,
2026,4,12809,,Mac Dalena,WR,,,,,
2026,4,6966,,Javon Leake,RB,,,,,
2026,4,4548,00-0033630,Joel Bouagnon,RB,,,,,
2026,4,12354,,Easton Dean,TE,,,,,
2026,4,3021,,Devin Gardner,WR,,,,,
2026,4,11579,,Audric Estime,RB,,,Questionable,,
2026,4,4031,,Travis Wilson,TE,,,,,
2026,4,7274,,Tyler Simmons,WR,,,,,
2026,4,5359,00-0034524,Dorren Miller,WR,,,,,
2026,4,3609,,Chris King,WR,,,,,
2026,4,11636,,Johnny Wilson,WR,PHI,,IR,,8
2026,4,5398,00-0034137,Justin Crawford,RB,,,,,
2026,4,10861,,Xazavian Valladay,RB,,,,,
2026,4,4814,,De'Quan Hampton,WR,,,,,
2026,4,7397,,Parker Houston,TE,,,,,
2026,4,11557,,Joe Milton,QB,DAL,,,,
2026,4,5052,00-0034816,Ronald Jones,RB,,,,,
2026,4,4128,00-0033933,Chad Williams,WR,,,,,
2026,4,6626, 00-0035524,Isaac Zico,WR,,,,,
2026,4,13898,,Corey Rucker,WR,LV,,IR,,11
2026,4,13304,,O'Mega Blake,WR,,,,,
2026,4,3524,,Marquise Williams,QB,,,,,
2026,4,4421,00-0033387,Jacob Hollister,TE,,,,,
2026,4,12925,,Jamaal Pritchett,WR,NYJ,,,,8
2026,4,6081, 00-0035603,Kendall Blanton,TE,,,,,
2026,4,4479,,Thomas Sperbeck,WR,,,,,
2026,4,3318,00-0032784,Kevin Hogan,QB,,,,,
2026,4,5269,00-0034735,Codey McElroy,TE,,,,,
2026,4,2553,00-0032072,Rory Anderson,TE,,,,,
2026,4,4585,,Anthony Nash,WR,,,,,
2026,4,11229,,Calvin Tyler,RB,,,,,
2026,4,89,00-0026197,Chad Henne,QB,,,,,
2026,4,13906,,Jaden Nixon,RB,,,,,
2026,4,2770,,Harold Spears,TE,,,,,
2026,4,13988,,Stone Eby,TE,,,,,
2026,4,7159,,Reid Sinnett,QB,,,,,
2026,4,9231,,Jaren Hall,QB,,,,,
2026,4,7262,,Jalen Morton,QB,IND,,,,
2026,4,8442,,Jarrett Guarantano,QB,,,,,
2026,4,8194,,Jashaun Corbin,RB,,,,,
2026,4,7863,,JaQuan Hardy,RB,,,,,
2026,4,5231,00-0034549,Cole Hunt,TE,,,,,
2026,4,7407,,Isaiah Wright,WR,,,,,
2026,4,5268,00-0034557,Ben Johnson,TE,,,,,
2026,4,6075, 00-0035562,Jesper Horsted,TE,,,,,
2026,4,4697,,Khalid Abdullah,RB,,,,,
2026,4,12831,,Tyler Kahmann,WR,,,,,
2026,4,12220,,Brevin Easton,WR,,,,,
2026,4,13418,,Robert Henry,RB,WAS,,,,
2026,4,5550,00-0034294,John David Moore,RB,,,,,
2026,4,7552,,Blake Proehl,WR,,,,,
2026,4,4733,00-0034010,Alex Gray,TE,,,,,
2026,4,3540,00-0033003,Jamaal Jones,WR,,,,,
2026,4,5024,00-0034676,James Washington,WR,,,,,
2026,4,13599,,Kyron Drones,QB,,,,,
2026,4,12413,,Hamze El-Zayat,WR,,,,,
2026,4,2304,00-0031462,Jerome Cunningham,TE,,,,,
2026,4,8070,,Travis Toivonen,WR,,,,,
2026,4,6519, 00-0035181,Darrius Shepherd,WR,,,,,
2026,4,11918,,Ahmarean Brown,WR,,,,,
2026,4,2565,,Jean Sifrin,TE,,,,,
2026,4,5809,00-0034900,Ja'Quan Gardner,RB,,,,,
2026,4,10228,,Charlie Jones,WR,NYG,,,,
2026,4,4026,00-0033899,DeShone Kizer,QB,,,,,
2026,4,1169, 00-0029665,Robert Griffin,QB,,,,,
2026,4,11598,,Tanner McLachlan,TE,,,Questionable,,
2026,4,11995,,Zack Annexstad,QB,,,,,
2026,4,11998,,Emani Bailey,RB,,,,,
2026,4,829,00-0027973,Andy Dalton,QB,PHI,,,,2
2026,4,7534,,Seth Williams,WR,,,,,
2026,4,2754,,Michael Johnson,WR,,,,,
2026,4,6388, 00-0035604,Romello Brooker,TE,,,,,
2026,4,2684,,Corbin Louks,WR,,,,,
2026,4,7905,,Dylan Soehner,TE,,,,,
2026,4,12284,,Michael Herzog,RB,,,,,
2026,4,11311,,Jason Brownlee,WR,,,,,
2026,4,4330,00-0033266,JoJo Natson,WR,,,,,
2026,4,6072,,Bruce Anderson,RB,,,,,
2026,4,12532,,Ja'Corey Brooks,WR,,,Questionable,,
2026,4,3278,00-0033111,Pharoh Cooper,WR,,,,,
2026,4,12981,,Gee Scott,TE,,,Questionable,,
2026,4,2581,,Jahwan Edwards,RB,,,,,
2026,4,4544,,Daikiel Shorts,WR,,,,,
2026,4,6196, 00-0035728,Christian Wade,RB,,,,,
2026,4,7794,,Chris Evans,RB,,,,,
2026,4,6323, 00-0034959,Andrew Beck,RB,NYJ,,,,4
2026,4,7606,,Kadarius Toney,WR,,,,,
2026,4,6927,,Quez Watkins,WR,,,,,
2026,4,3615,,Sione Houma,RB,,,,,
2026,4,2561,,Anthony Boone,QB,,,,,
2026,4,13246,,Jaden Smith,WR,,,,,
2026,4,2929,,Adrian Coxson,WR,,,,,
2026,4,6742,,Marquis Young,RB,,,,,
2026,4,8245,,Derrick Deese,TE,,,,,
2026,4,4061,00-0033550,Davis Webb,QB,,,,,
2026,4,13957,,Kenny Fletcher,TE,IND,,,,
2026,4,6970,,Stephen Sullivan,TE,,,,,
2026,4,8092,,Corey Taylor,RB,,,,,
2026,4,6259, 00-0035405,Darnell Holland,RB,,,,,
2026,4,12374,,Brenden Bates,TE,JAX,,,,
2026,4,2957,,Ernst Brun,TE,,,,,
2026,4,13554,,CJ Williams,WR,JAX,,Out,,9
2026,4,12866,,Jalin Conyers,TE,,,,,
2026,4,6522,,T.J. Linta,QB,,,,,
2026,4,1911,00-0030663,Willie Snead,WR,,,,,
2026,4,1034,00-0029239,Brandon Bolden,RB,,,,,
2026,4,4798,,C.J. Germany,WR,,,,,
2026,4,13270,,CJ Daniels,WR,LAR,,Out,,7
2026,4,13805,,E.J. Williams,WR,,,,,
2026,4,5808,00-0034897,Connor Jessop,QB,,,,,
2026,4,5242,00-0034133,Dontez Byrd,WR,,,,,
2026,4,5026,00-0034765,Tre'Quan Smith,WR,,,,,
2026,4,6045, 00-0035589,Gary Jennings,WR,LAC,,,,
2026,4,4821,,Jamari Staples,WR,,,,,
2026,4,13608,,Jerand Bradley,WR,,,,,
2026,4,13282,,Jack Endries,TE,CIN,,Out,,4
2026,4,6395, 00-0034930,Trinity Benson,WR,,,,,
2026,4,11478,,Gavin Holmes,WR,,,,,
2026,4,8549,,Trevon Clark,WR,,,,,
2026,4,11266,,Thyrick Pitts,WR,,,,,
2026,4,7608,,Khalil Herbert,RB,ATL,,,,
2026,4,6402, 00-0034928,Steven Sims,WR,,,,,
2026,4,8213,,Dai'Jean Dixon,WR,,,,,
2026,4,11226,,Tyjon Lindsey,WR,,,,,
2026,4,1587,00-0030470,Vance McDonald,TE,,,,,
2026,4,7412,,Sandro Platzgummer,RB,,,,,
2026,4,7499,,Paul Quessenberry,TE,,,,,
2026,4,9510,,Lew Nichols,RB,PIT,,,,
2026,4,4949,00-0034358,Derrius Guice,RB,,,,,
2026,4,8115,,Jalen Wydermyer,TE,,,,,
2026,4,6248, 00-0035438,Trevion Thompson,WR,,,,,
2026,4,13047,,Jacardia Wright,RB,SEA,,,,
2026,4,4508,,Gabe Marks,WR,,,,,
2026,4,12820,,Landon Parker,WR,,,,,
2026,4,11505,,David Durden,WR,,,,,
2026,4,13318,,Noah Thomas,WR,CIN,,,,
2026,4,5911, 00-0034971,Jalen Hurd,WR,,,,,
2026,4,13939,,Gabriel Benyard,WR,,,,,
2026,4,2944,00-0031744,Matt LaCosse,TE,NE,,,,
2026,4,3036,00-0031788,Matt Lengel,TE,,,,,
2026,4,6343, 00-0035077,Manny Wilkins,QB,,,,,
2026,4,5132, 00-0034081,Steven Mitchell,WR,,,,,
2026,4,6993,,Dominick Wood-Anderson,TE,,,,,
2026,4,345,00-0026625,Brian Hoyer,QB,,,,,
2026,4,6820,,Clyde Edwards-Helaire,RB,,,,,
2026,4,7008,,Brian Lewerke,QB,,,,,
2026,4,14001,,Julius Davis,RB,,,,,
2026,4,5169,,Malik Earl,WR,,,,,
2026,4,11931,,Austin Reed,QB,,,,,
2026,4,7713,,Jaelon Darden,WR,,,,,
2026,4,12333,,Dakereon Joyner,WR,,,,,
2026,4,5092,00-0034393,Troy Fumagalli,TE,,,,,
2026,4,1718,00-0029119,Derek Carrier,TE,,,,,
2026,4,6236, 00-0035212,Travon McMillian,RB,,,,,
2026,4,8905,,Travis Koontz,TE,,,,,
2026,4,12373,,Peter LeBlanc,WR,,,,,
2026,4,5290,00-0034653,Deontay Burnett,WR,,,,,
2026,4,2463,00-0032135,Jesse James,TE,,,,,
2026,4,12250,,Riley Sharp,TE,,,,,
2026,4,3568, 00-0032609,Marken Michel,WR,,,,,
2026,4,5322,00-0034284,James Looney,TE,,,,,
2026,4,8878,,Jared Scott,TE,,,,,
2026,4,4214,00-0033573,Shelton Gibson,WR,,,,,
2026,4,2391,00-0032187,David Johnson,RB,,,,,
2026,4,7064,,Darrynton Evans,RB,,,,,
2026,4,14044,,Miles Davis,RB,,,,,
2026,4,7088,,Xavier Jones,RB,,,,,
2026,4,3920,,Harvey Binford,WR,,,,,
2026,4,11947,,Austin Jones,RB,,,,,
2026,4,4710,,Gio Pascascio,WR,,,,,
2026,4,3664,00-0032602,J.D. McKissic,RB,,,,,
2026,4,4127,00-0033936,C.J. Beathard,QB,,,,,
2026,4,13431,,Miles Kitselman,TE,DET,,,,
2026,4,13310,,Miller Moss,QB,CHI,,,,
2026,4,12913,,J.J. Jones,WR,,,,,
2026,4,5957, 00-0035539,Isaac Nauta,TE,GB,,,,
2026,4,7601,,Rondale Moore,WR,,,,,
2026,4,13290,,Jalen Moss,WR,,,,,
2026,4,367,00-0027061,Jared Cook,TE,,,,,
2026,4,13154,,Marcus Major,RB,,,,,
2026,4,4630,,I'Tavius Mathers,RB,,,,,
2026,4,5196,00-0034672,Ethan Wolf,TE,,,,,
2026,4,13268,,Elijah Sarratt,WR,BAL,,Out,,6
2026,4,5170,00-0034109,Phillip Lindsay,RB,,,,,
2026,4,6146, 00-0034988,Kaden Smith,TE,,,,,
2026,4,7162,,Ryan Becker,TE,,,,,
2026,4,6358, 00-0035200,Kahlil Lewis,WR,,,,,
2026,4,6768,,Tua Tagovailoa,QB,ATL,,,,3
2026,4,3531,,Marshaun Coprich,RB,,,,,
2026,4,12276,,RJ Mobley,WR,,,,,
2026,4,5004,00-0034378,Ito Smith,RB,DAL,,,,
2026,4,4923,,Rushel Shell,RB,,,,,
2026,4,12356,,Jabari Small,RB,DET,,,,
2026,4,13826,,Caullin Lacy,WR,,,Questionable,,
2026,4,2450,00-0031589,Brett Hundley,QB,,,,,
2026,4,4797,,Josh Rounds,RB,,,,,
2026,4,13905,,Omari Evans,WR,KC,,,,
2026,4,13284,,Dylan Devezin,RB,,,,,
2026,4,7538,,Zach Wilson,QB,NO,,Out,,2
2026,4,7561,,Elijah Mitchell,RB,,,Questionable,,
2026,4,7376,,Case Cookus,QB,,,,,
2026,4,5129,00-0034859,Adonis Jennings,WR,,,,,
2026,4,5828, 00-0031319,Diontae Spencer,WR,,,,,
2026,4,3209,00-0032972,Devontae Booker,RB,,,,,
2026,4,13440,,Damien Alford,WR,,,Questionable,,
2026,4,8409,,Tyler Snead,WR,,,,,
2026,4,12898,,Seth Henigan,QB,,,,,
2026,4,12950,,Robert Lewis,WR,,,,,
2026,4,7458,,Isaiah Zuber,WR,,,,,
2026,4,12475,,Ricky White,WR,SEA,,,,
2026,4,11060,,Robert Burns,RB,,,,,
2026,4,7427,,Tyler Mabry,TE,,,Questionable,,
2026,4,515,00-0027656,Rob Gronkowski,TE,,,,,
2026,4,13331,,Dae'Quan Wright,TE,,,,,
2026,4,11806,,Casey Washington,WR,CAR,,,,
2026,4,5941, 00-0035154,Felton Davis,WR,,,,,
2026,4,6068, 00-0035184,Devine Ozigbo,RB,,,,,
2026,4,6111, 00-0035100,Jake Browning,QB,,,,,
2026,4,12965,,Ethan Garbers,QB,,,,,
2026,4,5733,00-0034716,Clayton Wilson,TE,,,,,
2026,4,6018, 00-0035222,Zach Gentry,TE,,,,,
2026,4,4289,,Ishmael Zamora,WR,,,,,
2026,4,6586,,Moral Stephens,TE,,,,,
2026,4,11273,,Ben VanSumeren,RB,KC,,,,4
2026,4,5138, 00-0034099,Martez Carter,RB,,,,,
2026,4,14049,,Brandon Hayes,WR,,,,,
2026,4,13080,,Deion Hankins,RB,,,,,
2026,4,1149,00-0029137,Alshon Jeffery,WR,,,,,
2026,4,6663,,Micah Wright,WR,,,,,
2026,4,7583,,Sam Ehlinger,QB,DEN,,Out,,3
2026,4,6637, 00-0035387,Nico Evans,RB,,,,,
2026,4,2903,,Shane Carden,QB,,,,,
2026,4,7156,,J'Mar Smith,QB,,,,,
2026,4,5284,00-0034115,Jeff Wilson,RB,,,,,
2026,4,13129,,Jermaine Terry,TE,,,,,
2026,4,13438,,DeaMonte Trayanum,RB,NYJ,,,,6
2026,4,4445,00-0033441,Keon Hatcher,WR,,,,,
2026,4,6380, 00-0035101,Davion Davis,WR,,,,,
2026,4,3762,00-0032625,Brandon Shippen,WR,,,,,
2026,4,4744,,Barrett Burns,TE,BAL,,,,
2026,4,5289,00-0034652,Cameron Batson,WR,,,,,
2026,4,6019, 00-0035450,Johnnie Dixon,WR,,,,,
2026,4,2583,00-0032160,Tyrell Williams,WR,,,,,
2026,4,8575,,Erik Krommenhoek,TE,,,,,
2026,4,12810,,Elijhah Badger,WR,,,,,
2026,4,1071,00-0029632,Mohamed Sanu,WR,,,,,
2026,4,12435,,Geor'Quarius Spivey,TE,,,,,
2026,4,13916,,Xavier Loyd,WR,,,,,
2026,4,4200,00-0033291,DeAngelo Yancey,WR,,,,,
2026,4,3225,00-0033009,Tyler Boyd,WR,,,,,
2026,4,12549,,Jordan Petaia,TE,,,,,
2026,4,6260,,Jake Powell,TE,,,,,
2026,4,13973,,Keelan Marion,WR,,,,,
2026,4,13592,,Chandler Morris,QB,,,,,
2026,4,7874,,Jeremiah Haydel,WR,,,,,
2026,4,2119,,James Franklin,QB,,,,,
2026,4,11191,,Justin Marshall,WR,,,,,
2026,4,5121,00-0034419,Braxton Berrios,WR,NYG,,,,
2026,4,7093,,Adrian Killins,RB,DEN,,,,
2026,4,12360,,Latreal Jones,WR,,,,,
2026,4,24,00-0026143,Matt Ryan,QB,,,,,
2026,4,2257,00-0031045,Carlos Hyde,RB,,,,,
2026,4,8236,,Jerreth Sterns,WR,,,,,
2026,4,11099,,Kearis Jackson,WR,,,,,
2026,4,5263,00-0034291,Chase Litton,QB,,,,,
2026,4,9483,,Zack Kuntz,TE,,,,,
2026,4,13342,,John Michael Gyllenborg,TE,KC,,IR,,6
2026,4,5283,00-0034244,Ka'Raun White,WR,,,,,
2026,4,7956,,Cade Johnson,WR,,,,,
2026,4,13136,,Redd Douglas,WR,,,,,
2026,4,7496,,Nick Westbrook-Ikhine,WR,IND,,,,
2026,4,11224,,Griffin Hebert,TE,,,,,
2026,4,13604,,Sincere Brown,WR,,,Questionable,,
2026,4,12018,,Sam Pinckney,WR,,,,,
2026,4,11520,,Lucky Jackson,WR,DET,,,,
2026,4,2940,,Des Lawrence,WR,,,,,
2026,4,4574,00-0033662,Cooper Rush,QB,ATL,,Out,,2
2026,4,5663,,Shane Wimann,RB,,,,,
2026,4,14047,,Heinrich Haarberg,TE,,,,,
2026,4,6205, 00-0034918,Brandon Silvers,QB,,,,,
2026,4,9998,,Hendon Hooker,QB,TEN,,,,
2026,4,8500,,John FitzPatrick,TE,,,Questionable,,
2026,4,5244,00-0034141,Devin Gray,WR,,,,,
2026,4,11606,,Dallin Holker,TE,,,,,
2026,4,5137,00-0034286,Richie James,WR,,,,,
2026,4,7243,,Kevin Davidson,QB,,,,,
2026,4,8553,,Tre Ford,QB,,,,,
2026,4,12270,,Andrew Peasley,QB,,,,,
2026,4,12753,,Jamoi Mayes,WR,,,,,
2026,4,6375,,Jerome Washington,TE,,,,,
2026,4,5013,00-0034353,Anthony Miller,WR,,,,,
2026,4,6017, 00-0035475,DaMarkus Lodge,WR,,,,,
2026,4,4874,,Chris Bazile,TE,,,,,
2026,4,7858,,Brenden Knox,RB,,,,,
2026,4,2146,00-0031384,Richard Rodgers,TE,,,,,
2026,4,11561,,Michael Pratt,QB,,,,,
2026,4,7812,,Simi Fehoko,WR,ARI,,,,7
2026,4,12908,,Chandler Brayboy,WR,NE,,,,
2026,4,2114,00-0031209,Senorise Perry,RB,,,,,
2026,4,5217,00-0034619,Jason Reese,TE,,,,,
2026,4,7066,,K.J. Osborn,WR,TEN,,,,
2026,4,1979,00-0031407,Blake Bortles,QB,NO,,,,
2026,4,8008,,Josh Imatorbhebhe,WR,,,,,
2026,4,8475,,Montrell Washington,WR,,,,,
2026,4,6762,,Darion Clark,TE,,,,,
2026,4,11921,,Xavier Weaver,WR,,,Questionable,,
2026,4,260, 00-0026300,Josh Johnson,QB,CIN,,,,
2026,4,2711,00-0031800,Taylor Heinicke,QB,,,,,
2026,4,6857,,Collin Johnson,WR,,,,,
2026,4,13557,,Athan Kaliakmanis,QB,WAS,,,,4
2026,4,13846,,Jack Velling,TE,ATL,,,,
2026,4,8182,,Chase Allen,TE,,,,,
2026,4,4157,00-0033556,Tarik Cohen,RB,,,,,
2026,4,2003,00-0030670,Bennie Fowler,WR,,,,,
2026,4,12285,,Cade Peterson,QB,,,,,
2026,4,7533,,Anthony Schwartz,WR,,,,,
2026,4,7460,,Jake Burt,TE,,,,,
2026,4,1837,00-0031345,Jimmy Garoppolo,QB,,,,,
2026,4,4528,,Trevor Knight,QB,,,,,
2026,4,10220,,Will Mallory,TE,IND,,IR,,5
2026,4,12063,,Rocky Lombardi,QB,,,,,
2026,4,13249,,Thomas Gordon,TE,DET,,,,
2026,4,13128,,Rushawn Baker,RB,,,,,
2026,4,9507,,Titus Swen,RB,,,,,
2026,4,1939,,Derel Walker,WR,,,,,
2026,4,12434,,Kairee Robinson,RB,,,,,
2026,4,8205,,Isiah Pacheco,RB,DET,,IR,,4
2026,4,2713,,Josh Harper,WR,,,,,
2026,4,6342, 00-0035460,Stephen Louis,WR,,,,,
2026,4,8108,,DeVonte Dedmon,WR,,,,,
2026,4,2767,,Jawon Chisholm,RB,,,,,
2026,4,5185,00-0034521,Allen Lazard,WR,,,,,
2026,4,12197,,John Paddock,QB,,,,,
2026,4,8251,,Calvin Jackson,WR,,,,,
2026,4,2620,,Jake Heaps,QB,,,,,
2026,4,11225,,Noah Gindorff,TE,,,,,
2026,4,4491,00-0033481,Marcus Kemp,WR,,,,,
2026,4,5136,00-0034457,Josh Adams,RB,,,,,
2026,4,3500,00-0032716,Devon Cajuste,WR,,,,,
2026,4,6737, 00-0035740,Micky Crum,TE,,,,,
2026,4,11232,,Isaiah Winstead,WR,,,,,
2026,4,13975,,Le'Meke Brockington,WR,,,Questionable,,
2026,4,12239,,Peewee Jarrett,QB,,,,,
2026,4,4785,00-0033641,Kermit Whitfield,WR,,,,,
2026,4,11046,,Colton Dowell,WR,,,,,
2026,4,6288, 00-0035296,Marcus Green,WR,,,,,
2026,4,6320, 00-0035325,Jonathan Duhart,WR,,,,,
2026,4,4082,00-0033282,Curtis Samuel,WR,,,,,
2026,4,7048,,Benny LeMay,RB,CLE,,,,
2026,4,1049,00-0029701,Ryan Tannehill,QB,,,,,
2026,4,6686,,Joe Horn,WR,,,,,
2026,4,12350,,Anthony Grant,RB,,,,,
2026,4,5703, 00-0034715,Deontez Alexander,WR,,,,,
2026,4,12976,,DeMeer Blankumsee,WR,,,,,
2026,4,3239,00-0033117,Bronson Kaufusi,TE,GB,,,,
2026,4,12311,,Daniel George,WR,,,,,
2026,4,5155,00-0034493,Corey Willis,WR,,,,,
2026,4,4184,00-0033966,Bucky Hodges,TE,,,,,
2026,4,8770,,Malik Williams,WR,,,,,
2026,4,11280,,Brady Russell,RB,SEA,,,,4
2026,4,11589,,Trey Benson,RB,ARI,,IR,,6
2026,4,5878, 00-0035624,N'Keal Harry,TE,,,,,
2026,4,3816,,Brandon Brown-Dukes,RB,,,,,
2026,4,13173,,Jimmy Holiday,WR,KC,,IR,,
2026,4,7143,,Ben DiNucci,QB,,,,,
2026,4,13749,,Kole Wilson,WR,,,,,
2026,4,10867,,Jake Bobo,WR,SEA,,IR,,6
2026,4,8938,,Nathan Rourke,QB,,,,,
2026,4,3286,00-0032775,Demarcus Robinson,WR,SF,,IR,,7
2026,4,7609,,Demetric Felton,RB,,,,,
2026,4,2315,00-0032241,Todd Gurley,RB,,,,,
2026,4,4551,00-0033633,Tanner Gentry,WR,,,,,
2026,4,12524,,Shedeur Sanders,QB,CLE,,,,3
2026,4,6171, 00-0035164,Cody Thompson,WR,,,,,
2026,4,11344,,Keytaon Thompson,WR,,,,,
2026,4,956,00-0027966,Mark Ingram,RB,,,,,
2026,4,3514,00-0032997,Jake McGee,TE,,,,,
2026,4,8174,,Kevin Harris,RB,,,,,
2026,4,5462,00-0034876,Christopher Ezeala,RB,,,,,
2026,4,12235,,Marcus Riley,WR,,,,,
2026,4,4593, 00-0033745,Brandon Barnes,TE,,,,,
2026,4,5403,00-0034219,Peter Pujals,QB,,,,,
2026,4,13658,,Brady Boyd,WR,,,,,
2026,4,8177,,Grant Calcaterra,TE,PHI,,IR,,6
2026,4,13657,,Alex Bullock,WR,,,NA,,
2026,4,5293,00-0034669,Jordan Veasy,WR,,,,,
2026,4,8125,,Calvin Austin,WR,NYG,,IR,,7
2026,4,7746,,Austin Trammell,WR,JAX,,,,
2026,4,13422,,Jaren Kanak,TE,TEN,,IR,,6
2026,4,13802,,Jacob Clark,QB,,,,,
2026,4,12410,,John Jackson,WR,,,,,
2026,4,11897,,Jermaine Jackson,WR,,,,,
2026,4,8095,,Graham Adomitis,TE,,,,,
2026,4,11382,,Dontay Demus,WR,,,,,
2026,4,4794,,Tommy Armstrong Jr.,QB,,,,,
2026,4,2452,00-0031590,Jay Ajayi,RB,,,,,
2026,4,1211,00-0029587,Rhett Ellison,TE,,,,,
2026,4,7483,,Farrod Green,TE,,,,,
2026,4,6849,,Denzel Mims,WR,,,,,
2026,4,3774,00-0032689,Jason Vander Laan,TE,,,,,
2026,4,13041,,Jahmal Banks,WR,,,,,
2026,4,5884, 00-0035297,Kelvin Harmon,WR,,,,,
2026,4,5781,00-0034867,Malik Turner,WR,,,,,
2026,4,11262,,Damien Caffrey,TE,,,,,
2026,4,4669,00-0033705,Andre Patton,WR,,,,,
2026,4,1555,00-0030085,Kenny Stills,WR,,,,,
2026,4,12149,,Gavin Hardison,QB,,,,,
2026,4,11567,,Jordan Travis,QB,,,,,
2026,4,8660,,Leroy Watson,TE,,,,,
2026,4,6506, 00-0035176,Trayone Gray,RB,,,,,
2026,4,8699,,Cyrus Holder,WR,,,,,
2026,4,12792,,Garrett Greene,QB,TB,,,,
2026,4,812,00-0028097,Lee Smith,TE,ATL,,,,
2026,4,5609,00-0034494,Stephen Baggett,TE,,,,,
2026,4,8921,,Maurice Alexander,WR,,,,,
2026,4,12546,,Marcus Yarns,RB,,,,,
2026,4,6661, 00-0035574,Joseph Parker,WR,,,,,
2026,4,11633,,Jamari Thrash,WR,,,Questionable,,
2026,4,13964,,Myles Montgomery,RB,NE,,IR,,6
2026,4,8628,,Jontre Kirklin,WR,,,,,
2026,4,7359,,Nakia Griffin-Stewart,TE,,,,,
2026,4,6712, 00-0035701,Marcus Simms,WR,,,,,
2026,4,12246,,Mike Rigerman,TE,,,,,
2026,4,6629,,Brian Burt,WR,,,,,
2026,4,3433,00-0032543,Alex Erickson,WR,,,,,
2026,4,13189,,Luke Floriea,WR,,,,,
2026,4,8638,,Grayson Gunter,TE,,,,,
2026,4,13744,,Cameron Ross,WR,,,,,
2026,4,12868,,Montrell Johnson,RB,,,,,
2026,4,4111,00-0033925,D'Onta Foreman,RB,,,,,
2026,4,6386, 00-0035602,Alex Bachman,WR,LAR,,,,
2026,4,12259,,Taulia Tagovailoa,QB,,,,,
2026,4,11524,,Izaiah Gathings,TE,,,,,
2026,4,2785,,Gus Johnson,RB,,,,,
2026,4,4443,00-0033439,Pharaoh Brown,TE,IND,,,,
2026,4,13088,,Quali Conley,RB,,,,,
2026,4,7078,,Tony Brown,WR,,,,,
2026,4,6448, 00-0035043,Darrin Hall,RB,,,,,
2026,4,2399,00-0032200,Ty Montgomery,RB,,,,,
2026,4,8523,,Nick Muse,TE,ATL,,,,4
2026,4,11957,,Sam Schnee,WR,,,,,
2026,4,5775,00-0034862,Jared Murphy,WR,,,,,
2026,4,5539,00-0034258,Derrick Willies,WR,,,,,
2026,4,7539,,Gerrid Doaks,RB,,,,,
2026,4,4994,00-0034799,Kalen Ballage,RB,,,,,
2026,4,6469, 00-0035083,Davis Koppenhaver,TE,,,,,
2026,4,7624,,Carson Williams,TE,,,,,
2026,4,6247, 00-0035432,Jason Moore,WR,,,,,
2026,4,14063,,Liam Clifford,WR,,,,,
2026,4,11495,,Bryan Thompson,WR,,,,,
2026,4,7425,,Patrick Carr,RB,,,,,
2026,4,7854,,Miller Forristall,TE,,,,,
2026,4,5253,00-0034532,Jordan Franks,TE,,,,,
2026,4,1346,00-0030068,Marquise Goodwin,WR,,,,,
2026,4,2949,,Synjyn Days,RB,,,,,
2026,4,200,00-0024221,Vernon Davis,TE,,,,,
2026,4,8650,,Lujuan Winningham,WR,,,,,
2026,4,13199,,Montorie Foster,WR,SEA,,Out,,9
2026,4,13632,,Devonte Ross,WR,,,,,
2026,4,13428,,Joey Aguilar,QB,JAX,,,,
2026,4,10870,,Deneric Prince,RB,,,,,
2026,4,7860,,Osirus Mitchell,WR,,,,,
2026,4,13349,,Eli Stowers,TE,PHI,,IR,,7
2026,4,11618,,Jalen McMillan,WR,TB,,Out,,7
2026,4,13430,,RJ Maryland,TE,,,Questionable,,
2026,4,167,00-0019596,Tom Brady,QB,,,,,
2026,4,4219,00-0033955,Jeremy McNichols,RB,WAS,,IR,,4
2026,4,13202,,Dalevon Campbell,WR,,,Questionable,,
2026,4,12963,,Kayron Lynch-Adams,RB,,,,,
2026,4,10983,,Sean Clifford,QB,CIN,,,,
2026,4,3555,,Canaan Severin,WR,,,,,
2026,4,7272,,Dylan Stapleton,TE,,,,,
2026,4,8820,,Troy Hairston,RB,,,,,
2026,4,6492, 00-0035097,Terry Wright,WR,,,,,
2026,4,4042,00-0033286,Joe Williams,RB,,,,,
2026,4,12408,,Michael Hiers,QB,,,,,
2026,4,12941,,Bryson Nesbit,TE,,,Questionable,,
2026,4,4420, 00-0033386,Cody Hollister,WR,,,,,
2026,4,8198,,Charleston Rambo,WR,,,,,
2026,4,827,00-0028118,Tyrod Taylor,QB,GB,,,,2
2026,4,13667,,Marcus Burke,WR,,,,,
2026,4,6352,,Matt Colburn,RB,,,,,
2026,4,2822,00-0032009,Adam Humphries,WR,,,,,
2026,4,13647,,Ben Patterson,WR,,,,,
2026,4,6985,,Dezmon Patmon,WR,,,,,
2026,4,6107, 00-0034943,Emmanuel Butler,WR,,,,,
2026,4,2787,,David Porter,WR,,,,,
2026,4,4892,00-0034855,Baker Mayfield,QB,TB,,Out,,2
2026,4,4137,00-0033553,James Conner,RB,ARI,,IR,,4
2026,4,12277,,John Matocha,QB,,,,,
2026,4,5608,00-0034528,Devonte Boyd,WR,,,,,
2026,4,13432,,Khalil Dinkins,TE,SF,,,,
2026,4,10862,,Dorian Thompson-Robinson,QB,,,,,
2026,4,3640,,Soma Vainuku,RB,,,,,
2026,4,12068,,Mason Pline,TE,,,,,
2026,4,4696,00-0033838,Trey Edmunds,RB,,,,,
2026,4,11961,,Emory Jones,QB,,,,,
2026,4,8203,,Jeremiah Hall,TE,,,,,
2026,4,13816,,Mark Gronowski,QB,,,,,
2026,4,7106,,Lawrence Cager,TE,,,,,
2026,4,12191,,Trent Pennix,TE,,,,,
2026,4,5997, 00-0035090,Jazz Ferguson,WR,,,,,
2026,4,7063,,Shea Patterson,QB,,,,,
2026,4,1678,,Uzoma Nwachukwu,WR,,,,,
2026,4,928,00-0028002,Randall Cobb,WR,,,,,
2026,4,5347,00-0034367,Nyheim Miller-Hines,RB,,,,,
2026,4,4456,00-0033309,K.D. Cannon,WR,,,,,
2026,4,12755,,Kelly Akharaiyi,WR,,,,,
2026,4,7317,,Jared Rice,TE,,,,,
2026,4,7607,,Michael Carter,RB,TEN,,Out,,
2026,4,8211,,Tyrion Davis-Price,RB,,,,,
2026,4,5777,00-0032604,Malachi Jones,WR,,,,,
2026,4,5798,00-0034888,Darren Carrington,WR,,,NA,,
2026,4,3456,,Joel Stave,QB,,,,,
2026,4,5432,00-0034104,Cam Sims,WR,,,,,
2026,4,7599,,Jermar Jefferson,RB,,,Questionable,,
2026,4,2346,00-0032055,Devin Funchess,TE,,,,,
2026,4,2703,,Ezell Ruffin,WR,,,,,
2026,4,12897,,Nate Carter,RB,KC,,,,
2026,4,3505,,Dom Williams,WR,,,,,
2026,4,5223,00-0034243,Caleb Scott,WR,TEN,,,,
2026,4,642,00-0027891,Golden Tate,WR,,,,,
2026,4,9999,,Will Levis,QB,NYJ,,,,
2026,4,13344,,Preston Fox,WR,,,,,
2026,4,6420, 00-0035417,Jon'Vea Johnson,WR,,,,,
2026,4,6373, 00-0035491,A.J. Richardson,WR,,,,,
2026,4,7990,,Garrett Groshek,RB,,,,,
2026,4,1612,00-0030151,Tyler Bray,QB,,,,,
2026,4,7279,,DeMichael Harris,WR,,,,,
2026,4,11529,,Ed Lee,WR,,,,,
2026,4,12690,,Tommy Mellott,WR,,,,,
2026,4,2580,,Titus Davis,WR,,,,,
2026,4,12778,,Jerjuan Newton,WR,,,,,
2026,4,11521,,Jadakis Bonds,WR,,,,,
2026,4,12946,,Dontae Fleming,WR,,,,,
2026,4,2790,,Nigel King,WR,,,,,
2026,4,8158,,Carson Strong,QB,,,,,
2026,4,8613,,Taysir Mack,WR,,,,,
2026,4,2462,00-0032112,J.J. Nelson,WR,,,,,
2026,4,14020,,Dean Patterson,WR,TB,,,,
2026,4,6246, 00-0035427,Jeremy Cox,RB,,,,,
2026,4,6237, 00-0035037,Wilton Speight,QB,,,,,
2026,4,3846, 00-0032945,Duke Williams,WR,,,,,
2026,4,6392, 00-0035614,Johnathan Lloyd,WR,,,,,
2026,4,13272,,Carson Beck,QB,ARI,,Out,,3
2026,4,8831,,Ethan Fernea,WR,,,,,
2026,4,8751,,Dylan Parham,TE,,,,,
2026,4,11189,,Zay Malone,WR,,,,,
2026,4,3593,,Anthony Kelly,WR,,,,,
2026,4,2360,00-0031558,Maxx Williams,TE,,,,,
2026,4,830,00-0027942,A.J. Green,WR,,,,,
2026,4,11960,,Steven Stilianos,TE,,,,,
2026,4,12453,,Ontaria Wilson,WR,,,,,
2026,4,12700,,Gavin Bartholomew,TE,MIN,,,,2
2026,4,8068,,C.J. Saunders,WR,,,,,
2026,4,13673,,Trent Battle,RB,,,,,
2026,4,5977, 00-0035313,Terry Godwin,WR,,,,,
2026,4,11267,,Aron Cruickshank,WR,,,,,
2026,4,2906,,Bell Braylon,WR,,,,,
2026,4,1502,00-0030404,Chris Thompson,RB,,,,,
2026,4,12761,,Jordan Moore,WR,CIN,,,,
2026,4,7457,,Michael Dereus,WR,,,,,
2026,4,7174,,Juwan Green,WR,,,,,
2026,4,12940,,Tre Stewart,RB,,,,,
2026,4,2342, 00-0031934,Devin Smith,WR,,,,,
2026,4,3208,00-0032411,Kenneth Dixon,RB,,,,,
2026,4,4988,00-0034791,Nick Chubb,RB,,,,,
2026,4,1535,00-0030578,Cordarrelle Patterson,RB,,,,,
2026,4,11638,,Ricky Pearsall,WR,SF,,IR,,10
2026,4,7605,,Kyle Trask,QB,,,,,
2026,4,8218,,Max Borghi,RB,,,,,
2026,4,13292,,Lake McRee,TE,PIT,,,,
2026,4,7435,,Cameron Scarlett,RB,,,,,
2026,4,13255,,Shane Watts,RB,,,,,
2026,4,6317, 00-0035394,Jacob Dolegala,QB,,,,,
2026,4,13582,,Anthony Smith,WR,DAL,,,,
2026,4,6659, 00-0035567,Craig Reynolds,RB,WAS,,,,
2026,4,8090,,Daniel Crawford,TE,,,,,
2026,4,12487,,Terrance Ferguson,TE,LAR,,Questionable,,1
2026,4,8694,,Henry Litwin,WR,,,,,
2026,4,10221,,Ronnie Bell,WR,,,,,
2026,4,6195, 00-0034915,Damon Sheehy-Guiseppi,WR,,,,,
2026,4,4131,00-0033932,Kenny Golladay,WR,,,,,
2026,4,5973, 00-0035249,Josh Oliver,TE,MIN,,Out,,3
2026,4,11367,,Daewood Davis,WR,,,,,
2026,4,6870,,Bryan Edwards,WR,,,,,
2026,4,8408,,Jordan Mason,RB,MIN,,IR,,7
2026,4,12884,,Quincy Skinner,WR,GB,,,,
2026,4,8226,,Greg Bell,RB,,,,,
2026,4,5128,00-0034438,Logan Woodside,QB,,,,,
2026,4,13603,,Gregory Desrosiers,RB,LAC,,,,
2026,4,10869,,Matt Landers,WR,,,,,
2026,4,7235,,Aleva Hifo,WR,,,,,
2026,4,8798,,Felix Harper,QB,,,,,
2026,4,6168, 00-0035597,John Ursua,WR,,,,,
2026,4,6988,,Raymond Calais,RB,,,,,
2026,4,2635,,Vernon Johnson,WR,,,,,
2026,4,6263, 00-0035170,Trevor Wood,TE,,,,,
2026,4,11301,,Braxton Westfield,WR,,,,,
2026,4,11895,,Mason Tipton,WR,NO,,PUP,,9
2026,4,13852,,Dontae McMillan,RB,,,,,
2026,4,7228,,Ahmad Wagner,WR,,,,,
2026,4,5260,00-0034631,Vyncint Smith,WR,,,,,
2026,4,1701,,Eric Rogers,WR,,,,,
2026,4,7083,,Tyler Huntley,QB,BAL,,,,2
2026,4,12735,,Caleb Lohner,TE,DEN,,IR,,6
2026,4,12288,,Mathieu Severance,RB,,,,,
2026,4,2636,,Jarred Haggins,WR,,,,,
2026,4,5987, 00-0034972,Alexander Mattison,RB,,,,,
2026,4,12046,,Chevan Cordeiro,QB,,,,,
2026,4,6396, 00-0034932,Austin Fort,TE,,,,,
2026,4,8179,,Snoop Conner,RB,,,,,
2026,4,12066,,Elijah Collins,RB,,,,,
2026,4,11504,,Jose Barbon,WR,,,,,
2026,4,5962, 00-0035287,KeeSean Johnson,WR,,,,,
2026,4,8656,,Tyshaun James,WR,,,,,
2026,4,7418,,Broc Rutter,QB,,,,,
2026,4,6153, 00-0034995,Dexter Williams,RB,,,,,
2026,4,13053,,Daniel Jackson,WR,,,,,
2026,4,10215,,Jake Haener,QB,,,,,
2026,4,11270,,Hassan Hall,RB,,,,,
2026,4,5076,00-0034808,John Kelly,RB,,,,,
2026,4,3556,,Christian Powell,RB,,,,,
2026,4,8169,,Tre Turner,WR,,,,,
2026,4,6371, 00-0035483,Drew Anderson,QB,,,,,
2026,4,13325,,Jordan Hudson,WR,DAL,,,,
2026,4,8799,,Zaire Mitchell-Paden,TE,HOU,,,,
2026,4,6040, 00-0035356,Tyree Jackson,TE,,,Questionable,,
2026,4,8543,,Drew Estrada,WR,,,,,
2026,4,5209,00-0034208,Mike Boone,RB,,,,,
2026,4,4663,00-0033699,Austin Ekeler,RB,,,,,
2026,4,7286,,Marvelle Ross,WR,,,,,
2026,4,943,00-0027981,Kyle Rudolph,TE,,,,,
2026,4,7521,,Chris Blair,WR,ATL,,,,5
2026,4,5902, 00-0035022,Penny Hart,WR,,,,,
2026,4,7352,,Matt Cole,WR,,,,,
2026,4,7438,,Kristian Wilkerson,WR,,,,,
2026,4,8186,,Devon Williams,WR,,,,,
2026,4,1855,,Shaquelle Evans,WR,,,,,
2026,4,1604,00-0029848,Nick Williams,WR,DEN,,,,
2026,4,3817,00-0032832,Marcus Tucker,WR,,,,,
2026,4,8908,,Brandon Lewis,WR,,,,,
2026,4,11139,,Elijah Cooks,WR,,,,,
2026,4,6389, 00-0035605,Keenen Brown,TE,,,,,
2026,4,7339,,J.J. Koski,WR,,,,,
2026,4,13909,,Elijah Tau-Tolliver,RB,,,,,
2026,4,12959,,Bryce Pierre,TE,,,,,
2026,4,5938, 00-0035406,Lil'Jordan Humphrey,WR,DEN,,Out,,6
2026,4,8252,,Travell Harris,WR,,,,,
2026,4,13619,,Marcus Sanders,WR,,,,,
2026,4,4322,,Dalton Crossan,RB,,,,,
2026,4,12079,,Treyton Welch,TE,NO,,Out,,5
2026,4,11925,,Terique Owens,WR,,,,,
2026,4,7065,,Eli Wolf,TE,,,,,
2026,4,5950, 00-0035730,Nyqwan Murray,WR,,,,,
2026,4,3476,00-0032935,Johnny Holton,WR,,,,,
2026,4,4545,00-0033623,Keith Towbridge,TE,,,,,
2026,4,5637,00-0034592,Garrett Johnson,WR,,,,,
2026,4,2142,,Rajion Neal,RB,,,,,
2026,4,5750,00-0034783,Garrett Hudson,TE,,,,,
2026,4,11644,,Cody Schrader,RB,DEN,,,,
2026,4,6465, 00-0035074,Thomas Ives,WR,CHI,,,,
2026,4,4040,00-0033857,JuJu Smith-Schuster,WR,,,,,
2026,4,8206,,Skylar Thompson,QB,BAL,,IR,,3
2026,4,7316,,Darius Bradwell,RB,,,,,
2026,4,14061,,Jeremiah Franklin,TE,,,,,
2026,4,11214,,Tanner Morgan,QB,,,,,
2026,4,5110,00-0034411,Russell Gage,WR,,,,,
2026,4,6363, 00-0035374,Michael Walker,WR,,,,,
2026,4,3321,00-0033040,Tyreek Hill,WR,,,,,
2026,4,8013,,Tim Jones,WR,JAX,,,,
2026,4,4571,00-0033658,Blake Jarwin,TE,,,,,
2026,4,13074,,Isaiah Neyor,WR,GB,,,,
2026,4,12198,,Wayne Ruby,WR,,,,,
2026,4,13415,,Haynes King,QB,CAR,,Out,,3
2026,4,6185, 00-0035282,Easton Stick,QB,TB,,,,
2026,4,12224,,David White,WR,,,,,
2026,4,6361, 00-0035366,Raphael Leonard,WR,,,,,
2026,4,4153,00-0033953,Jordan Leggett,TE,,,,,
2026,4,11081,,Cephus Johnson,WR,,,,,
2026,4,8197,,Peyton Hendershot,TE,,,,,
2026,4,6664, 00-0035583,A.J. Ouellette,RB,,,,,
2026,4,7562,,Tutu Atwell,WR,LAR,,Out,,6
2026,4,6959,,LeVante Bellamy,RB,,,,,
2026,4,2674,,Paul Browning,WR,,,,,
2026,4,11357,,Tyler Adams,WR,,,,,
2026,4,7149,,Tommy Stevens,TE,NYG,,,,
2026,4,8817,,Nolan Givan,TE,,,,,
2026,4,5762,,Josh Smith,WR,,,,,
2026,4,12523,,Jimmy Horn,WR,CLE,,,,
2026,4,3157,00-0033127,William Fuller,WR,,,,,
2026,4,13401,,Michael Trigg,TE,DAL,,,,
2026,4,13261,,Layne Pryor,TE,,,,,
2026,4,8107,,Nikola Kalinic,TE,CHI,,IR,,5
2026,4,11172,,Shae Wyatt,WR,,,,,
2026,4,4324,00-0033259,Trey Griffey,WR,,,,,
2026,4,963,00-0028042,Luke Stocker,TE,,,,,
2026,4,7244,,Ja'Marcus Bradley,WR,,,,,
2026,4,3398,,Kenny Lawler,WR,,,,,
2026,4,5294,,Mikah Holder,WR,,,,,
2026,4,4519,00-0033515,Devine Redding,RB,,,,,
2026,4,1333,00-0030147,Russell Shepard,WR,,,,,
2026,4,2106,00-0031076,David Fales,QB,,,,,
2026,4,7107,,Jason Huntley,RB,,,,,
2026,4,12283,,Dylan McDuffie,RB,,,,,
2026,4,2161,00-0031376,Jerick McKinnon,RB,,,,,
2026,4,8157,,Bailey Zappe,QB,,,,,
2026,4,8223,,Velus Jones,WR,SEA,,,,
2026,4,7001,,Brian Herrien,RB,,,,,
2026,4,232,00-0023500,Frank Gore,RB,,,,,
2026,4,5786,,Marcus Peterson,WR,,,,,
2026,4,6159,,Mike Weber,RB,,,,,
2026,4,2820,,Dominique Brown,RB,,,,,
2026,4,7960,,T.J. Simmons,WR,,,,,
2026,4,8663,,Jared Bernhardt,WR,,,,,
2026,4,7867,,Spencer Brown,RB,,,,,
2026,4,7535,,Hunter Long,TE,ARI,,,,3
2026,4,12482,,Savion Williams,WR,GB,,IR,,8
2026,4,13190,,Taylor Elgersma,QB,,,,,
2026,4,8088,,Kalif Jackson,TE,MIA,,,,
2026,4,5142,00-0034131,Kurt Benkert,QB,,,,,
2026,4,1546,00-0030465,Kenjon Barner,RB,,,,,
2026,4,11384,,Owen Wright,RB,,,,,
2026,4,13972,,Brandon Frazier,TE,,,,,
2026,4,13423,,Eli Heidenreich,RB,PIT,,Out,,5
2026,4,5772,,Aaron Lacombe,WR,,,,,
2026,4,5929, 00-0035474,Anthony Johnson,WR,,,,,
2026,4,5163,00-0034597,Ryan Nall,RB,,,,,
2026,4,11959,,Bryce Oliver,WR,HOU,,,,
2026,4,11511,,John Stephens,TE,,,,,
2026,4,4835,,Darrius Sims,RB,,,,,
2026,4,7530,,Frank Darby,WR,,,,,
2026,4,13119,,Collin Schlee,QB,,,,,
2026,4,6909,,Lynn Bowden,WR,,,,,
2026,4,3445,00-0032980,Marcus Johnson,WR,,,,,
2026,4,3178,00-0032760,Josh Doctson,WR,,,,,
2026,4,7378,,Kyle Markway,TE,,,,,
2026,4,8253,,Deven Thompkins,WR,LV,,,,
2026,4,745,00-0025399,Marshawn Lynch,RB,,,,,
2026,4,11526,,Malachi Carter,WR,,,,,
2026,4,7465,,Nick Tiano,QB,,,,,
2026,4,6421, 00-0035414,Jalen Guyton,WR,,,,,
2026,4,4468,00-0033421,Antony Auclair,TE,,,,,
2026,4,11964,,Dayton Wade,WR,,,,,
2026,4,3695,00-0032986,J.P. Holtz,TE,,,,,
2026,4,7623,,Darece Roberson,WR,,,,,
2026,4,8861,,Irv Charles,WR,SEA,,IR,,5
2026,4,13258,,Phil Lutz,WR,,,,,
2026,4,6697, 00-0035635,Floyd Allen,WR,,,,,
2026,4,3170,00-0033108,Paxton Lynch,QB,,,,,
2026,4,3407,,Beau Sandland,TE,,,,,
2026,4,7703,,Jacob Harris,WR,,,,,
2026,4,5558,00-0034240,Marcus Martin,RB,,,,,
2026,4,4351,00-0033375,Tim Patrick,WR,NYJ,,IR,,5
2026,4,11276,,Joseph Ngata,WR,,,,,
2026,4,12355,,Treveyon Pratt,WR,,,,,
2026,4,2846,,Marquez Clark,WR,,,,,
2026,4,13835,,Mekhi Mews,WR,,,,,
2026,4,4863,00-0034343,Josh Rosen,QB,,,,,
2026,4,13250,,Nay'Quan Wright,RB,,,,,
2026,4,11190,,Keilahn Harris,WR,,,,,
2026,4,12909,,Eli Pancol,WR,IND,,,,
2026,4,5108,00-0034412,Luke Falk,QB,,,,,
2026,4,13335,,Cole Payton,QB,PHI,,Out,,4
2026,4,6490,,Mik'Quan Deane,TE,,,,,
2026,4,4108,,Carlos Henderson,WR,,,,,
2026,4,2410,00-0031941,Jamison Crowder,WR,,,,,
2026,4,9220,,Evan Hull,RB,ARI,,,,
2026,4,6984,,Tony Jones,RB,,,,,
2026,4,1706,00-0030181,Jack Doyle,TE,IND,,,,
2026,4,3588,,Michael Miller,TE,,,,,
2026,4,4926,,Nick Schuessler,QB,PIT,,,,
2026,4,4829,00-0034035,Daniel Williams,WR,,,,,
2026,4,2495,00-0032117,Nick O'Leary,TE,,,,,
2026,4,6885,,Ke'Shawn Vaughn,RB,,,,,
2026,4,11387,,Sean Ryan,WR,,,,,
2026,4,2262,,Trey Millard,RB,,,,,
2026,4,7426,,Seth Dawkins,WR,,,,,
2026,4,8143,,Jerome Ford,RB,MIN,,,,
2026,4,6694, 00-0035628,D'Ernest Johnson,RB,,,,,
2026,4,3599,,Dez Stewart,WR,,,,,
2026,4,11652,,Louis Rees-Zammit,RB,,,,,
2026,4,7734,,Bruno Labelle,TE,,,,,
2026,4,12656,,Robbie Ouzts,RB,SEA,,IR,,7
2026,4,5211,00-0034222,Jake Wieneke,WR,,,,,
2026,4,5257,00-0034177,Tim Boyle,QB,,,,,
2026,4,2750,00-0031763,DeAndre Carter,WR,,,,,
2026,4,13321,,Dan Villari,TE,LAR,,,,
2026,4,12019,,Devin Carter,WR,,,,,
2026,4,10226,,Andrei Iosivas,WR,CIN,,IR,,6
2026,4,4285,00-0033530,Robert Davis,WR,,,,,
2026,4,8248,,Kalil Pimpleton,WR,,,,,
2026,4,5431,00-0034100,Shay Fields,WR,,,,,
2026,4,2397,00-0032227,Jeff Heuerman,TE,,,,,
2026,4,5167,,Dalton Sturm,QB,,,,,
2026,4,13116,,Tre Watson,TE,MIA,,,,
2026,4,8189,,Trestan Ebner,RB,,,,,
2026,4,3312,00-0032975,Jonathan Williams,RB,,,,,
2026,4,6996,,JaMycal Hasty,RB,,,,,
2026,4,7191,,Jaylon Moore,WR,,,,,
2026,4,5976, 00-0035454,Karan Higdon,RB,,,,,
2026,4,6906,,Antonio Gandy-Golden,TE,,,,,
2026,4,12245,,Jelani Baker,WR,,,,,
2026,4,12765,,Keleki Latu,TE,BUF,,,,4
2026,4,12095,,Jjay Mcafee,TE,,,,,
2026,4,2673,00-0031868,Damiere Byrd,WR,,,,,
2026,4,6710, 00-0035691,Josh Caldwell,RB,,,,,
2026,4,4171,00-0033943,Josh Reynolds,WR,,,,,
2026,4,6926,,Brycen Hopkins,TE,,,,,
2026,4,7893,,Dedrick Mills,RB,,,,,
2026,4,7946,,Jack Stoll,TE,SF,,,,
2026,4,7729,,Dez Fitzpatrick,WR,,,Questionable,,
2026,4,7439,,Tommy Hudson,TE,,,,,
2026,4,13417,,De'Zhaun Stribling,WR,SF,,IR,,11
2026,4,8077,,Otis Anderson,RB,,,,,
2026,4,2935,,Ricky Collins,WR,,,,,
2026,4,5722,00-0034710,Darvin Kidsy,WR,,,,,
2026,4,3328,00-0032977,Rashard Higgins,WR,,,,,
2026,4,10224,,Brayden Willis,TE,SF,,,,5
2026,4,2373,00-0032256,Clive Walford,TE,,,,,
2026,4,12906,,Cam Camper,WR,,,,,
2026,4,8160,,Kenny Pickett,QB,CAR,,,,2
2026,4,7752,,Kawaan Baker,WR,,,,,
2026,4,3978,,Jacob Huesman,QB,,,,,
2026,4,5859, 00-0035676,A.J. Brown,WR,NE,,IR,,6
2026,4,6699, 00-0035645,Gunner Olszewski,WR,NYG,,IR,,6
2026,4,4738,,Colby Pearson,WR,,,,,
2026,4,2487,00-0031953,Geremy Davis,WR,,,,,
2026,4,5937, 00-0035216,Diontae Johnson,WR,,,,,
2026,4,11102,,Charles McClelland,RB,,,,,
2026,4,7056,,Darrell Stewart,WR,,,,,
2026,4,4263,00-0033295,Elijah McGuire,RB,KC,,,,
2026,4,12721,,Kaden Prather,WR,,,,,
2026,4,11940,,JaQuae Jackson,WR,,,,,
2026,4,3883,,Romar Morris,RB,,,,,
2026,4,4162,00-0033562,Ryan Switzer,WR,,,,,
2026,4,11148,,Tyler Hudson,WR,,,,,
2026,4,6967,,Aaron Fuller,WR,,,,,
2026,4,4678,00-0033742,Tyrone Swoopes,TE,,,,,
2026,4,11351,,Thomas Greaney,TE,,,,,
2026,4,11163,,Tim DeMorat,QB,,,,,
2026,4,14056,,Kyre Duplessis,WR,,,,,
2026,4,4455,00-0033308,Matt Breida,RB,,,,,
2026,4,2291,00-0028411,Dontrelle Inman,WR,,,,,
2026,4,8240,,BJ Baylor,RB,,,,,
2026,4,7591,,Justin Fields,QB,KC,,,,2
2026,4,8824,,Samson Nacua,WR,,,,,
2026,4,6460, 00-0035109,Cole Herdman,TE,,,,,
2026,4,5714,00-0034703,Tim Wilson,WR,,,,,
2026,4,12173,,Jaxon Janke,WR,,,,,
2026,4,5134,00-0034317,Keith Kirkwood,WR,,,,,
2026,4,3447,00-0032963,Cayleb Jones,WR,,,,,
2026,4,2309,00-0031544,Amari Cooper,WR,,,,,
2026,4,7771,,Jake Funk,RB,,,,,
2026,4,3397,,Keith Marshall,RB,,,,,
2026,4,4599,,Michael Rector,WR,,,,,
2026,4,4406,,Wes Lunt,QB,,,,,
2026,4,2378,00-0032058,Tevin Coleman,RB,,,,,
2026,4,8778,,Justin Rigg,TE,,,,,
2026,4,1500,00-0030472,Jordan Reed,TE,,,,,
2026,4,13217,,Hunter Dekkers,QB,,,,,
2026,4,2921,,Taylor Sloat,TE,,,,,
2026,4,8424,,Kevin Marks,RB,,,,,
2026,4,8152,,Kennedy Brooks,RB,,,,,
2026,4,4068,00-0033536,Mike Williams,WR,,,DNR,,
2026,4,12370,,Praise Olatoke,WR,,,,,
2026,4,8170,,James Mitchell,TE,DAL,,,,
2026,4,12488,,Kobe Hudson,WR,,,,,
2026,4,1833,00-0030874,Damien Williams,RB,,,,,
2026,4,5787,00-0034878,Bryce Bobo,WR,,,,,
2026,4,4791,00-0034007,Darius Victor,RB,,,,,
2026,4,13110,,Zach Horton,TE,,,,,
2026,4,12144,,Je'Quan Burton,WR,,,,,
2026,4,6662, 00-0035572,Parker Hesse,TE,,,,,
2026,4,12036,,Ian Wheeler,RB,,,,,
2026,4,5140,00-0034180,Jaelon Acklin,WR,,,,,
2026,4,4929,,Ahmad Fulwood,WR,,,,,
2026,4,1244,00-0029664,Josh Gordon,WR,,,,,
2026,4,5384,00-0034504,Jonah Trinnaman,WR,,,,,
2026,4,8076,,Michael Bandy,WR,DEN,,,,
2026,4,695,00-0025396,Ted Ginn,WR,,,,,
2026,4,12756,,Stephen Gosnell,WR,BUF,,,,
2026,4,10217,,Clayton Tune,QB,,,,,
2026,4,12888,,Dalen Cambre,WR,NYG,,,,
2026,4,13353,,Chris Brazzell,WR,CAR,,IR,,10
2026,4,3454,,Danny Anthrop,WR,,,,,
2026,4,11496,,Braydon Johnson,WR,,,,,
2026,4,7379,,Rysen John,TE,,,,,
2026,4,13696,,Ja'Mori Maclin,WR,BUF,,,,
2026,4,5916, 00-0035664,Darrell Henderson,RB,,,,,
2026,4,6069, 00-0035399,Stanley Morgan,WR,,,,,
2026,4,3908,,Eric Wallace,TE,,,,,
2026,4,12165,,Spencer Sanders,QB,,,,,
2026,4,10211,,Camerun Peoples,RB,,,,,
2026,4,6163, 00-0035018,Alex Wesley,WR,,,,,
2026,4,6491, 00-0035086,Adam Choice,RB,,,,,
2026,4,13339,,Davon Booth,RB,IND,,,,
2026,4,8142,,Alec Pierce,WR,IND,,IR,,9
2026,4,11298,,Ryan Jones,TE,,,,,
2026,4,2465,00-0032113,Kenny Bell,WR,,,,,
2026,4,7045,,Joshua Kelley,RB,,,,,
2026,4,7086,,John Hightower,WR,,,,,
2026,4,7616,,Kai Locksley,WR,,,,,
2026,4,6548, 00-0035209,Marcus Marshall,RB,,,,,
2026,4,13309,,Aaron Anderson,WR,,,Questionable,,
2026,4,7210,,Kendall Hinton,WR,,,,,
2026,4,2875,,Tony Creecy,RB,,,,,
2026,4,6964,,Sean McKeon,TE,,,Questionable,,
2026,4,11648,,Kedon Slovis,QB,GB,,,,
2026,4,7336,,James Gilbert,RB,,,,,
2026,4,12254,,Phillip Brooks,WR,,,,,
2026,4,5277,00-0034319,Deon Yelder,TE,,,,,
2026,4,2925,,Darius Davis,WR,,,,,
2026,4,3976,00-0033869,Mitchell Trubisky,QB,TEN,,,,2
2026,4,13416,,Roman Hemby,RB,LV,,,,
2026,4,12215,,Kevin Foelsch,TE,,,,,
2026,4,7584,,Brennan Eagles,WR,,,,,
2026,4,13356,,Trebor Pena,WR,JAX,,,,
2026,4,8164,,Matt Corral,QB,,,,,
2026,4,12508,,Jaxson Dart,QB,NYG,,IR,,3
2026,4,13674,,Chris Hilton,WR,,,,,
2026,4,11605,,Jaheim Bell,TE,,,,,
2026,4,13839,,Chase Curtis,TE,,,Questionable,,
2026,4,5207,,Marchie Murdock,WR,,,,,
2026,4,7897,,Roland Rivers,QB,,,,,
2026,4,8700,,Savon Scarver,WR,,,,,
2026,4,11329,,Josh Vann,WR,,,,,
2026,4,13670,,Harrison Wallace,WR,ARI,,,,
2026,4,6524,,Jamire Jordan,WR,,,,,
2026,4,3164,00-0033045,Ezekiel Elliott,RB,,,,,
2026,4,6227, 00-0035353,Nick Easley,WR,,,,,
2026,4,8087,,K.J. Costello,QB,,,,,
2026,4,3052,,Kendrick Ings,WR,,,,,
2026,4,5903, 00-0035251,Will Grier,QB,,,NA,,
2026,4,6886,,Chase Claypool,WR,,,,,
2026,4,6945,,Antonio Gibson,RB,,,Questionable,,
2026,4,954,00-0027939,Cam Newton,QB,,,,,
2026,4,14080,,Barika Kpeenu,RB,,,,,
2026,4,4704,,Tyler Ferguson,QB,,,,,
2026,4,12787,,Josh Williams,RB,TB,,,,
2026,4,6932,,Charlie Taumoepeau,TE,,,,,
2026,4,5144,00-0034156,Malik Williams,RB,,,,,
2026,4,8227,,Teagan Quitoriano,TE,ARI,,,,
2026,4,9223,,Tiyon Evans,RB,,,,,
2026,4,8232,,Jaquarii Roberson,WR,,,,,
2026,4,11111,,Sy Barnett,WR,,,,,
2026,4,3148,,Anthony Dable,WR,,,,,
2026,4,2898,,Cameron Clear,TE,,,,,
2026,4,6362,,Dredrick Snelson,WR,,,,,
2026,4,11565,,J.J. McCarthy,QB,NYG,,Out,,2
2026,4,11859,,John Rhys Plumlee,QB,,,,,
2026,4,8171,,Kyle Philips,WR,,,,,
2026,4,6385, 00-0035606,Matt Colburn,RB,,,,,
2026,4,8220,,Sincere McCormick,RB,SF,,,,
2026,4,12039,,TD Ayo-Durojaiye,RB,,,,,
2026,4,490,00-0026544,Chase Daniel,QB,,,,,
2026,4,5756,00-0034795,Garrett Dickerson,TE,,,,,
2026,4,13392,,Jeff Caldwell,WR,KC,,IR,,8
2026,4,11848,,Casey Bauman,QB,,,,,
2026,4,11885,,Ramel Keyton,WR,,,,,
2026,4,6866,,KJ Hill,WR,LAC,,,,
2026,4,2756,,Andrew Gleichert,TE,,,,,
2026,4,4416,00-0033382,Austin Carr,WR,,,,,
2026,4,12086,,Cam Johnson,WR,,,,,
2026,4,2651,,Phillip Sims,QB,,,,,
2026,4,4660,00-0033696,Sean Culkin,TE,,,,,
2026,4,6920,,Isaiah Hodgins,WR,PIT,,,,
2026,4,3516,,Mitch Mathews,WR,,,,,
2026,4,12470,,Riley Leonard,QB,IND,,Out,,3
2026,4,12118,,Jacob Warren,TE,,,,,
2026,4,4827,,Germone Hopper,WR,,,,,
2026,4,8428,,Zander Horvath,RB,,,,,
2026,4,13780,,Terion Stewart,RB,,,,,
2026,4,12880,,Silas Bolden,WR,,,,,
2026,4,4051,00-0033597,Chad Kelly,QB,,,,,
2026,4,4563,,Taylor McNamara,TE,,,,,
2026,4,5271,00-0034449,Buddy Howell,RB,,,,,
2026,4,4985,00-0034750,Rashaad Penny,RB,,,,,
2026,4,4725,,Phazahn Odom,TE,,,,,
2026,4,5917, 00-0035140,Mecole Hardman,WR,,,,,
2026,4,2945,,Lee Ward,RB,,,,,
2026,4,12460,,Antwane Wells,WR,ATL,,,,
2026,4,5022,00-0034351,Dallas Goedert,TE,PHI,,Out,,4
2026,4,12849,,Traeshon Holden,WR,,,,,
2026,4,616,00-0027696,Jimmy Graham,TE,,,,,
2026,4,13334,,C.J. Charleston,WR,,,,,
2026,4,7436,,Mason Kinsey,WR,,,,,
2026,4,4434,,Brisly Estime,WR,,,,,
2026,4,3045,00-0031711,Gannon Sinclair,TE,,,,,
2026,4,2923,,Connor Neighbors,RB,,,,,
2026,4,5176, 00-0034748,Davon Grayson,WR,,,,,
2026,4,14031,,Kyron Hudson,WR,,,Questionable,,
2026,4,1943,,Lacoltan Bester,WR,,,,,
2026,4,6701, 00-0035653,Fred Trevillion,WR,,,,,
2026,4,6031, 00-0035512,Alex Barnes,RB,,,,,
2026,4,11182,,Ronald Awatt,RB,,,,,
2026,4,13042,,Xavier Guillory,WR,BAL,,,,
2026,4,7556,,Marquez Stevenson,WR,,,,,
2026,4,3462,,Jared Dangerfield,WR,,,,,
2026,4,4273,00-0033594,Chris Carson,RB,,,,,
2026,4,4708,,KeVonn Mabon,WR,,,,,
2026,4,3205,00-0033104,Cody Kessler,QB,,,,,
2026,4,6692, 00-0035601,Joe Horn,WR,,,,,
2026,4,13043,,Chris Tyree,WR,,,,,
2026,4,13160,,Reggie Brown,TE,,,,,
2026,4,2886,,Justin Sinz,TE,,,,,
2026,4,5799,00-0034892,Darius Prince,WR,,,,,
2026,4,8705,,Landon Lenoir,WR,,,,,
2026,4,1689,00-0030035,Adam Thielen,WR,,,NA,,
2026,4,12231,,JJ Laap,WR,,,,,
2026,4,11082,,Ben Sims,TE,,,Questionable,,
2026,4,12085,,Alec Holler,TE,,,,,
2026,4,12033,,OJ Hiliare,WR,,,,,
2026,4,8233,,Mataeo Durant,RB,,,,,
2026,4,8755,,Kaden Davis,WR,CHI,,,,
2026,4,12392,,Tre Mosley,WR,,,,,
2026,4,5292,00-0034667,Devin Ross,WR,,,,,
2026,4,6955,,James Robinson,RB,,,,,
2026,4,6606, 00-0035471,Nick Fitzgerald,QB,,,,,
2026,4,5068,00-0034349,Kerryon Johnson,RB,,,,,
2026,4,2121,00-0031189,T.J. Jones,WR,,,,,
2026,4,7387,,George Campbell,WR,,,,,
2026,4,11941,,Isaiah Wooden,WR,,,,,
2026,4,14055,,Louis Hansen,TE,,,,,
2026,4,1170,00-0029141,Alfred Morris,RB,,,,,
2026,4,5102,00-0034395,Daurice Fountain,WR,,,,,
2026,4,5261,00-0034633,Jester Weah,WR,,,,,
2026,4,6187, 00-0035716,Aca'Cedric Ware,RB,,,,,
2026,4,7586,,Dazz Newsome,WR,,,,,
2026,4,4125,00-0033911,Taywan Taylor,WR,,,,,
2026,4,5919, 00-0035442,Elijah Holyfield,RB,,,,,
2026,4,4364,,Karel Hamilton,WR,,,,,
2026,4,3727,,Dennis Parks,WR,,,,,
2026,4,11544,,Avery Davis,WR,,,,,
2026,4,4497,,Tony Stevens,WR,,,,,
2026,4,5005,00-0034267,Jaleel Scott,WR,,,,,
2026,4,1794,00-0030711,David Fluellen,RB,,,,,
2026,4,13354,,Eric McAlister,WR,,,Questionable,,
2026,4,8825,,Kekoa Crawford,WR,,,,,
2026,4,5695,00-0034646,Brandon Powell,WR,,,,,
2026,4,12260,,Mason Fairchild,TE,,,,,
2026,4,12863,,Andrew Armstrong,WR,KC,,,,
2026,4,5133,00-0034439,Tyler Conklin,TE,DET,,Out,,3
2026,4,12852,,Monaray Baldwin,WR,,,,,
2026,4,13100,,Eli Wilson,TE,,,,,
2026,4,5734,00-0034709,C.J. Duncan,WR,,,,,
2026,4,6370, 00-0035443,Damion Jeanpiere,WR,,,,,
2026,4,11140,,Leonard Taylor,TE,,,,,
2026,4,11176,,Khalan Laborn,RB,,,,,
2026,4,8221,,Keaontay Ingram,RB,,,,,
2026,4,7885,,Bailey Gaither,WR,,,,,
2026,4,12320,,Treyton Pickering,TE,,,,,
2026,4,3646,,Quayvon Hicks,RB,,,,,
2026,4,12775,,Max Brosmer,QB,MIN,,,,
2026,4,12901,,Patrick Herbert,TE,LAC,,,,
2026,4,12291,,Dakota Caton,WR,,,,,
2026,4,7901,,Rico Bussey,WR,,,,,
2026,4,2374,00-0032211,Tyler Lockett,WR,,,,,
2026,4,6957,,James Proche,WR,,,,,
2026,4,3357,00-0032434,Brandon Allen,QB,,,,,
2026,4,7573,,Damon Hazelton,WR,,,,,
2026,4,8881,,Willie Johnson,WR,,,,,
2026,4,7466,,Nathan Cottrell,RB,,,,,
2026,4,1451,00-0029854,C.J. Anderson,RB,,,,,
2026,4,7161,,Shane Leatherbury,WR,,,,,
2026,4,4208,00-0033957,Rodney Adams,WR,,,,,
2026,4,12776,,Connor Bazelak,QB,,,,,
2026,4,6685, 00-0035610,Jalen Greene,WR,,,,,
2026,4,6956,,Devin Asiasi,TE,,,,,
2026,4,9226,,De'Von Achane,RB,MIA,,IR,,4
2026,4,5536,00-0034253,Dontrell Hilliard,RB,,,,,
2026,4,5243,,Detrich Clark,WR,,,,,
2026,4,4362,00-0033338,Cethan Carter,TE,,,,,
2026,4,4973,00-0034830,Hayden Hurst,TE,,,,,
2026,4,12905,,John Copenhaver,TE,,,,,
2026,4,4535,,Steven Wroblewski,TE,,,,,
2026,4,2382,00-0032257,Duke Johnson,RB,,,,,
2026,4,6878,,Anthony McFarland,RB,,,,,
2026,4,7993,,Trey Ragas,RB,,,,,
2026,4,8184,,D'Vonte Price,RB,,,,,
2026,4,4665,,Eli Jenkins,QB,,,,,
2026,4,12070,,McCallan Castles,TE,,,Questionable,,
2026,4,4613,,Shaq Hill,WR,,,,,
2026,4,4367,,Monty Madaris,WR,,,,,
2026,4,6394,,Romell Guerrier,WR,,,,,
2026,4,12928,,Amar Johnson,RB,LAC,,,,
2026,4,7848,,Scooter Harrington,TE,,,,,
2026,4,12113,,Thomas Yassmin,TE,GB,,IR,,6
2026,4,5248,00-0034184,Gus Edwards,RB,,,,,
2026,4,2755,00-0031690,Eric Tomlinson,TE,,,,,
2026,4,7735,,Cary Angeline,TE,,,,,
2026,4,1273,,Francis Owusu,WR,,,,,
2026,4,5955, 00-0034983,Hunter Renfrow,WR,,,,,
2026,4,13403,,Jam Miller,RB,,,Questionable,,
2026,4,2191,00-0031121,Marcus Lucas,WR,,,,,
2026,4,6493, 00-0035092,Justin Johnson,TE,,,,,
2026,4,1592,00-0029738,Darren Fells,TE,TB,,,,
2026,4,3868,00-0033025,Jalen Richard,RB,LV,,,,
2026,4,5323,00-0034279,Equanimeous St. Brown,WR,,,,,
2026,4,13151,,Nick Kallerup,TE,SEA,,,,4
2026,4,5166,00-0034256,Da'Mari Scott,WR,,,,,
2026,4,13946,,Jamal Haynes,RB,,,,,
2026,4,6982,,Cheyenne O'Grady,TE,,,,,
2026,4,533,00-0027688,Colt McCoy,QB,,,,,
2026,4,13212,,Cade McDonald,WR,,,,,
2026,4,4641,,Keeon Johnson,WR,,,,,
2026,4,1388,00-0030549,Tyler Eifert,TE,,,,,
2026,4,344,00-0027150,Julian Edelman,WR,,,,,
2026,4,13427,,Diego Pavia,QB,,,,,
2026,4,11654,,Dante Miller,RB,,,Questionable,,
2026,4,4175,00-0033840,Chad Hansen,WR,,,,,
2026,4,6108,,Jacques Patrick,RB,,,,,
2026,4,13017,,Hajj-Malik Williams,QB,,,,,
2026,4,13256,,Roderick Daniels,WR,,,,,
2026,4,13830,,Kyle Dixon,WR,NE,,,,
2026,4,4480,00-0033434,Bobo Wilson,WR,,,,,
2026,4,13923,,Joshua Pitsenberger,RB,,,,,
2026,4,6115, 00-0035489,Wes Hills,RB,,,,,
2026,4,6234, 00-0035215,Deonte Harty,WR,,,Questionable,,
2026,4,2918,,Demetrius Wilson,WR,,,,,
2026,4,2573,,DaVaris Daniels,WR,,,,,
2026,4,11292,,Tommy DeVito,QB,NE,,,,2
2026,4,8433,,Cade Brewer,TE,,,,,
2026,4,12476,,Devin Neal,RB,,,Questionable,,
2026,4,8595,,Kyric McGowan,WR,,,,,
2026,4,3894,00-0033095,Garrett Griffin,TE,,,,,
2026,4,12511,,Will Howard,QB,PIT,,Out,,3
2026,4,8002,,Shane Buechele,QB,BUF,,,,
2026,4,11554,,Chase Cota,WR,,,,,
2026,4,7540,,Amari Rodgers,WR,,,,,
2026,4,8118,,David Bell,WR,,,,,
2026,4,13355,,DJ Rogers,TE,DAL,,IR,,6
2026,4,4864,00-0034057,Jevoni Robinson,TE,,,,,
2026,4,2632,,Desmond Martin,RB,,,,,
2026,4,3343,00-0032792,Nate Sudfeld,QB,,,,,
2026,4,6165, 00-0035126,Antoine Wesley,WR,,,,,
2026,4,8769,,Josh Bist,TE,,,,,
2026,4,11123,,Tyler Hoosman,RB,,,,,
2026,4,12478,,Nick Nash,WR,,,,,
2026,4,12457,,Jaydon Blue,RB,PHI,,,,
2026,4,7578,,Myron Mitchell,WR,,,,,
2026,4,7548,,Tyler Vaughns,WR,,,,,
2026,4,13859,,Jalen Walthall,WR,,,Questionable,,
2026,4,4373,,Stanley Williams,RB,,,,,
2026,4,3475,,Keyarris Garrett,WR,,,,,
2026,4,6049, 00-0035361,Tyre Brady,WR,,,,,
2026,4,8212,,Dustin Crum,QB,,,,,
2026,4,4699,,Kevin Snead,WR,,,,,
2026,4,12966,,Moose Muhammad,WR,,,,,
2026,4,2238,00-0031051,John Brown,WR,,,,,
2026,4,6954,,Cole McDonald,QB,,,,,
2026,4,1992,00-0031428,Allen Robinson,WR,,,,,
2026,4,2028,00-0031280,Derek Carr,QB,,,NA,,
2026,4,12168,,Zach Mathis,WR,,,,,
2026,4,13113,,Dante Wright,WR,,,,,
2026,4,8438,,Corey Sutton,WR,,,,,
2026,4,13001,,Mario Williams,WR,,,Questionable,,
2026,4,6021, 00-0034961,Nick Brossette,RB,,,,,
2026,4,9512,,DeWayne McBride,RB,,,,,
2026,4,2749,00-0031687,Raheem Mostert,RB,,,Questionable,,
2026,4,8435,,Kwamie Lassiter,WR,,,,,
2026,4,4358,00-0033409,Austin Duke,WR,,,,,
2026,4,12757,,Hal Presley,WR,,,,,
2026,4,13850,,Octavian Smith,WR,,,,,
2026,4,13825,,Malik McClain,WR,NYJ,,,,11
2026,4,6723, 00-0035723,Vincent Testaverde,QB,,,,,
2026,4,1854,00-0031023,Quincy Enunwa,WR,,,,,
2026,4,5848, 00-0035662,Marquise Brown,WR,PHI,,Out,,7
2026,4,11169,,Dresser Winn,QB,,,,,
2026,4,8246,,Bryant Koback,RB,,,,,
2026,4,11371,,Julian Hill,TE,NE,,IR,,5
2026,4,6598, 00-0035341,Trenton Irwin,WR,,,,,
2026,4,12090,,Corey Crooms,WR,,,,,
2026,4,13662,,Will Pauling,WR,SF,,,,
2026,4,7101,,Rodney Smith,RB,,,,,
2026,4,12715,,Thomas Fidone,TE,NYG,,Out,,4
2026,4,4650,00-0033735,Billy Brown,TE,,,,,
2026,4,13328,,Anthony Hankerson,RB,,,,,
2026,4,10857,,Stetson Bennett,QB,LAR,,,,2
2026,4,2733,,Kasey Closs,WR,,,,,
2026,4,9229,,Anthony Richardson,QB,IND,,,,2
2026,4,8624,,Changa Hodge,WR,,,,,
2026,4,7915,,Landen Akers,WR,,,,,
2026,4,11543,,Lachlan Pitts,TE,,,,,
2026,4,13139,,Taylor Morin,WR,,,,,
2026,4,8153,,Isaiah Spiller,RB,,,,,
2026,4,7308,,Nick Bowers,TE,,,,,
2026,4,5107,00-0034331,Jaylen Samuels,RB,,,,,
2026,4,4179,00-0033949,Joshua Dobbs,QB,DET,,,,2
2026,4,13888,,DeShawn Hanika,TE,,,,,
2026,4,11216,,Holton Ahlers,QB,,,,,
2026,4,10866,,Aidan O'Connell,QB,LV,,Out,,2
2026,4,4301,,Josh Magee,WR,,,,,
2026,4,6037, 00-0034955,Brett Rypien,QB,,,,,
2026,4,3859,00-0033035,Jalen Simmons,RB,,,,,
2026,4,9503,,Jacob Copeland,WR,,,,,
2026,4,4775,,David Olson,QB,,,,,
2026,4,4055,00-0033879,O.J. Howard,TE,,,,,
2026,4,6142, 00-0035320,Caleb Wilson,TE,,,,,
2026,4,13013,,Mark Redman,TE,GB,,,,7
2026,4,13967,,Jimmy Kibble,WR,,,Questionable,,
2026,4,12528,,Ajou Ajou,WR,,,,,
2026,4,12222,,Joseph Scates,WR,,,,,
2026,4,606,00-0027796,Joe Webb,QB,,,,,
2026,4,13595,,Cash Jones,RB,ATL,,,,
2026,4,11299,,Zavier Scott,RB,CHI,,,,
2026,4,11901,,Kyle Sheets,WR,,,,,
2026,4,14068,,Drew Biber,TE,,,,,
2026,4,3486,,Chris Brown,WR,,,,,
2026,4,964,00-0027985,Lance Kendricks,TE,,,,,
2026,4,8747,,Roger Carter,TE,,,,,
2026,4,13779,,Al-Jay Henderson,RB,NYJ,,,,
2026,4,7983,,Collin Hill,QB,,,,,
2026,4,455,00-0026986,Michael Crabtree,WR,,,,,
2026,4,8690,,Jake Herslow,WR,,,,,
2026,4,6895,,Quintez Cephus,WR,,,,,
2026,4,11380,,Johnny Lumpkin,TE,,,,,
2026,4,12891,,Jordan Bly,WR,,,,,
2026,4,8858,,Keshunn Abram,WR,,,,,
2026,4,7951,,B.J. Emmons,RB,,,,,
2026,4,12151,,Julian Hicks,WR,SEA,,,,
2026,4,4832,,Andrew Price,TE,,,,,
2026,4,13240,,Toa Taua,RB,,,,,
2026,4,3770,,Quenton Bundrage,WR,,,,,
2026,4,3688,00-0032540,Tra Carson,RB,,,,,
2026,4,7462,,Stephen Guidry,WR,,,,,
2026,4,11410,,Braxton Burmeister,WR,,,,,
2026,4,7610,,Trey Lance,QB,LAC,,,,2
2026,4,4777,,De'Chavon Hayes,RB,,,,,
2026,4,6846,,Hunter Bryant,TE,,,,,
2026,4,12483,,Jack Bech,WR,LV,,Out,,3
2026,4,6223, 00-0035593,Juwann Winfree,WR,,,,,
2026,4,13849,,Cortez Braham,WR,,,,,
2026,4,12800,,Oscar Cardenas,TE,,,,,
2026,4,12013,,Jaden Shirden,RB,,,,,
2026,4,5885, 00-0035652,Ryan Finley,QB,,,,,
2026,4,13313,,Emmanuel Henderson,WR,SEA,,,,
2026,4,7568,,Brevin Jordan,TE,HOU,,Out,,5
2026,4,13776,,Hank Beatty,WR,,,,,
2026,4,14041,,Anderson Castle,RB,,,,,
2026,4,2578,,John Harris,WR,,,,,
2026,4,11158,,Jalen Sample,WR,,,,,
2026,4,3340,00-0032429,Jerell Adams,TE,,,,,
2026,4,5425,00-0034106,John Diarse,WR,,,,,
2026,4,13410,,Chase Roberts,WR,,,Questionable,,
2026,4,4463,,Tyler McCloskey,RB,,,,,
2026,4,11601,,Trey Knox,TE,,,,,
2026,4,14040,,Terrill Davis,WR,,,,,
2026,4,12953,,Jalen White,RB,,,,,
2026,4,7563,,Javian Hawkins,RB,,,,,
2026,4,7503,,Connor Davis,TE,,,,,
2026,4,8190,,Abram Smith,RB,,,,,
2026,4,13904,,Jacob De Jesus,WR,,,,,
2026,4,5162,00-0034578,Reggie Bonnafon,RB,,,,,
2026,4,536,00-0027793,Antonio Brown,WR,,,,,
2026,4,7989,,DJ Turner,WR,,,Questionable,,
2026,4,23,00-0022127,Jason Witten,TE,,,,,
2026,4,4622,00-0033681,Keelan Cole,WR,,,,,
2026,4,3041,00-0032319,Ross Travis,TE,,,,,
2026,4,818,00-0028064,Bilal Powell,RB,,,,,
2026,4,7414,,Johnathon Johnson,WR,,,,,
2026,4,11204,,Duece Watts,WR,,,,,
2026,4,13426,,Sawyer Robertson,QB,,,,,
2026,4,11975,,Jordan Terrell,RB,,,,,
2026,4,147,00-0026189,DeSean Jackson,WR,,,,,
2026,4,7237,,Scotty Washington,WR,,,,,
2026,4,7949,,Trevon Grimes,WR,,,,,
2026,4,7978,,Tre Walker,WR,,,,,
2026,4,4605,00-0033763,Evan Baylis,TE,,,,,
2026,4,7370,,JoJo Ward,WR,,,,,
2026,4,574,00-0027902,Dez Bryant,WR,,,,,
2026,4,8247,,Gerrit Prince,TE,,,,,
2026,4,7541,,Cornell Powell,WR,,,,,
2026,4,4408,,Terrell Newby,RB,,,,,
2026,4,5233,00-0034169,Marcus Baugh,TE,,,,,
2026,4,10444,,Cedric Tillman,WR,NO,,,,
2026,4,2200,,Timothy Flanders,RB,,,,,
2026,4,1144,00-0029000,Cole Beasley,WR,,,,,
2026,4,13085,,Kole Taylor,TE,,,,,
2026,4,6539, 00-0034935,Devontae Jackson,RB,,,,,
2026,4,1825,00-0031382,Jarvis Landry,WR,,,,,
2026,4,6203, 00-0035725,Valentine Holmes,RB,,,,,
2026,4,6238, 00-0035034,Tyree Mayfield,TE,,,,,
2026,4,7612,,Dee Eskridge,WR,,,,,
2026,4,12100,,Chris Autman-Bell,WR,,,,,
2026,4,3319,00-0032423,Trevor Davis,WR,,,,,
2026,4,12480,,Moliki Matavao,TE,NO,,IR,,6
2026,4,4283,00-0033797,Khalfani Muhammad,RB,,,,,
2026,4,8215,,Austin Allen,TE,,,,,
2026,4,4955,,Ronald Jones,RB,,,,,
2026,4,7529,,Gary Brightwell,RB,,,,,
2026,4,8061,,Jake Hausmann,TE,,,,,
2026,4,4924,,Zach Terrell,QB,BAL,,,,
2026,4,13032,,Marshall Lang,TE,MIN,,,,
2026,4,5699,,Matt Fleming,WR,,,,,
2026,4,3258,00-0032394,Nick Vannett,TE,BAL,,,,
2026,4,6164, 00-0035660,Kahale Warring,TE,,,,,
2026,4,184,00-0025394,Adrian Peterson,RB,,,,,
2026,4,2587,00-0031504,Dres Anderson,WR,,,,,
2026,4,5547,00-0034306,Ryan Smith,TE,,,,,
2026,4,5549,00-0034301,Darrel Williams,RB,,,,,
2026,4,7211,,Zimari Manning,WR,,,,,
2026,4,3410,,Jake Coker,QB,,,,,
2026,4,11556,,Devin Leary,QB,,,,,
2026,4,12188,,Justin Strong,RB,,,,,
2026,4,973,00-0028074,Anthony Sherman,RB,,,,,
2026,4,4381,00-0033357,Taysom Hill,TE,,,,,
2026,4,12477,,Kurtis Rourke,QB,SF,,Out,,3
2026,4,4169,00-0033464,Jehu Chesson,WR,,,,,
2026,4,7899,,Isaiah McKoy,WR,,,,,
2026,4,5117,00-0034420,Jordan Thomas,TE,,,,,
2026,4,7454,,Travis Jonsen,WR,,,,,
2026,4,1793,00-0030710,Trey Burton,TE,,,,,
2026,4,8741,,Jamal Pettigrew,TE,,,,,
2026,4,4962,00-0034845,Sony Michel,RB,,,,,
2026,4,6167, 00-0035275,Jordan Scarlett,RB,MIA,,,,
2026,4,11595,,Jared Wiley,TE,KC,,Out,,4
2026,4,12531,,Trevor Etienne,RB,CAR,,IR,,4
2026,4,4790,,Robert Wheelwright,WR,,,,,
2026,4,5123,00-0034164,Trenton Cannon,RB,,,,,
2026,4,4183,00-0033958,Nathan Peterman,QB,,,,,
2026,4,5264,00-0034292,Blake Mack,TE,,,,,
2026,4,7320,,Dalton Schoen,WR,,,,,
2026,4,8238,,Emeka Emezie,WR,,,,,
2026,4,7335,,Bryce Perkins,QB,,,,,
2026,4,8420,,Jack Sorenson,WR,,,,,
2026,4,4221,00-0033528,Jeremy Sprinkle,TE,,,,,
2026,4,6554, 00-0035035,Shawn Poindexter,WR,,,,,
2026,4,4531,00-0033611,Ricky Seals-Jones,TE,,,,,
2026,4,6963,,Patrick Taylor,RB,,,Questionable,,
2026,4,4676,,Darreus Rogers,WR,,,,,
2026,4,8057,,Kenji Bahar,QB,,,,,
2026,4,5101,00-0034406,Deon Cain,WR,,,,,
2026,4,12431,,Rory Starkey,WR,,,,,
2026,4,13705,,Ty Pezza,TE,BAL,,,,
2026,4,12973,,DJ Thomas-Jones,TE,,,,,
2026,4,1619,00-0030155,Demetrius Harris,TE,,,,,
2026,4,13117,,Qualan Jones,RB,,,,,
2026,4,4839,,Mitch Leidner,QB,,,,,
2026,4,11808,,Jha'Quan Jackson,WR,,,,,
2026,4,4831,00-0034038,Justice Liggins,WR,,,,,
2026,4,12539,,Arian Smith,WR,NYJ,,IR,,9
2026,4,7357,,Dan Chisena,WR,,,Questionable,,
2026,4,8568,,John Lovett,RB,,,,,
2026,4,12281,,Dimitri Stanley,WR,,,,,
2026,4,6843,,Albert Okwuegbunam,TE,,,,,
2026,4,11136,,Oliver Martin,WR,,,,,
2026,4,6898,,Anthony Gordon,QB,,,,,
2026,4,12777,,Joaquin Davis,WR,,,,,
2026,4,8864,,Ben Beise,TE,,,,,
2026,4,14039,,Mante Morrow,WR,,,,,
2026,4,3660,,Valdez Showers,WR,,,,,
2026,4,5009,00-0034766,Chris Herndon,TE,,,,,
2026,4,3606,,Amir Carlisle,WR,,,,,
2026,4,6147, 00-0035283,Clayton Thorson,QB,NYG,,,,
2026,4,7789,,Jalen Camp,WR,,,,,
2026,4,8749,,Tyreik McAllister,RB,,,,,
2026,4,14008,,Rodney Hammond,RB,,,,,
2026,4,13275,,Ty Simpson,QB,LAR,,Out,,3
2026,4,7087,,Jonathan Ward,RB,BAL,,,,
2026,4,12969,,Lan Larison,RB,NE,,,,
2026,4,8423,,Brittain Brown,RB,CHI,,IR,,5
2026,4,10865,,Travis Dye,RB,,,,,
2026,4,12815,,Stevo Klotz,TE,,,,,
2026,4,4309,00-0033240,Scott Orndoff,TE,,,,,
2026,4,13920,,Jonathan Brady,WR,,,,,
2026,4,12080,,Aidan Robbins,RB,,,,,
2026,4,14067,,Jeff Weimer,WR,,,,,
2026,4,14037,,Rashad Rochelle,WR,,,,,
2026,4,12007,,Nathaniel Peat,RB,,,,,
2026,4,7084,,Jake Luton,QB,,,,,
2026,4,11133,,Jaray Jenkins,WR,,,,,
2026,4,1234,00-0029263,Russell Wilson,QB,,,,,
2026,4,2900,,Terrence Franks,RB,,,,,
2026,4,12541,,Dont'e Thornton,WR,LV,,IR,,10
2026,4,2913,,Gavin Lutman,WR,,,,,
2026,4,12306,,La'Damian Webb,RB,,,,,
2026,4,11491,,Austin Aune,QB,,,,,
2026,4,12732,,Dominic Lovett,WR,DET,,,,
2026,4,12296,,Kaylon Horton,WR,,,,,
2026,4,13781,,Ken Seals,QB,,,,,
2026,4,7996,,Dillon Stoner,WR,,,,,
2026,4,13269,,Fernando Mendoza,QB,LV,,,,3
2026,4,1338,00-0030533,Matt Barkley,QB,,,,,
2026,4,8634,,Chris Pierce,TE,,,,,
2026,4,4187,00-0033567,Brian Hill,RB,,,,,
2026,4,2279,00-0031257,Paul Richardson,WR,,,,,
2026,4,1476,00-0030513,Latavius Murray,RB,,,,,
2026,4,5080,00-0034273,Damion Ratley,WR,,,,,
2026,4,8884,,JJ Howland,TE,,,,,
2026,4,12107,,Dylan Leonard,TE,,,,,
2026,4,4151,00-0033564,Jake Butt,TE,,,,,
2026,4,13124,,Jeremiah Webb,WR,NE,,IR,,7
2026,4,5195,00-0034670,Akrum Wadley,RB,,,,,
2026,4,1110,00-0029608,T.Y. Hilton,WR,,,,,
2026,4,5710,00-0034733,Nick Holley,WR,,,,,
2026,4,7565,,Terrace Marshall,WR,,,,,
2026,4,11374,,James Blackman,QB,,,,,
2026,4,11257,,Shedrick Jackson,WR,BAL,,,,
2026,4,7103,,Tavien Feaster,RB,ARI,,,,
2026,4,8589,,Marcus Santos-Silva,TE,,,,,
2026,4,1352,00-0030431,Robert Woods,WR,,,NA,,
2026,4,4930,,Franko House,TE,CHI,,,,
2026,4,8419,,Stanley Berryhill,WR,,,,,
2026,4,7005,,Scottie Phillips,RB,,,,,
2026,4,6144, 00-0035291,Trayveon Williams,RB,,,,,
2026,4,3542,,DeAndre Reaves,WR,,,,,
2026,4,3495,,Mike Bercovici,QB,,,,,
2026,4,11385,,Brian Walker,TE,,,,,
2026,4,6334, 00-0035448,Damarea Crockett,RB,,,,,
2026,4,13166,,Kisean Johnson,WR,,,,,
2026,4,10230,,Jalen Wayne,WR,,,,,
2026,4,6951,,Eno Benjamin,RB,,,,,
2026,4,13810,,Rohan Jones,TE,,,,,
2026,4,4335,00-0033275,P.J. Walker,QB,,,,,
2026,4,4392,00-0033402,Malcolm Lewis,WR,,,,,
2026,4,11472,,Alfonzo Graham,RB,,,,,
2026,4,6919,,Thaddeus Moss,TE,,,,,
2026,4,13773,,Isaiah Jacobs,RB,,,,,
2026,4,12003,,Gunnar Watson,QB,,,,,
2026,4,12383,,John Jiles,WR,,,Questionable,,
2026,4,12352,,Jeremy Moussa,QB,,,,,
2026,4,4752,00-0033994,Fred Brown,WR,,,,,
2026,4,12062,,Cam Grandy,TE,MIN,,,,
2026,4,11247,,Mac Hippenhammer,WR,,,,,
2026,4,4338,,Levern Jacobs,WR,,,,,
2026,4,12462,,Damien Martinez,RB,,,,,
2026,4,6487, 00-0035119,Charles Scarff,TE,,,,,
2026,4,12893,,Nate McCollum,WR,,,,,
2026,4,5295, 00-0034103,De'Mornay Pierson-El,WR,,,,,
2026,4,4485, 00-0033508,William Stanback,RB,,,,,
2026,4,3732,,Richard Mullaney,WR,,,,,
2026,4,8026,,Landon Rice,TE,,,,,
2026,4,6089, 00-0035428,Daniel Helm,TE,,,,,
2026,4,11900,,Jacob Kibodi,RB,,,,,
2026,4,8413,,Chris Oladokun,QB,,,Questionable,,
2026,4,11474,,Dylan Drummond,WR,ATL,,,,
2026,4,13063,,Darius Lassiter,WR,,,,,
2026,4,3504,,Steven Scheu,TE,,,,,
2026,4,8928,,Daylen Baldwin,WR,,,,,
2026,4,12834,,Jimmy Bell,TE,,,,,
2026,4,8105,,Brayden Lenius,TE,,,,,
2026,4,5751,00-0034784,Austin Roberts,TE,,,,,
2026,4,7009,,Trishton Jackson,WR,,,,,
2026,4,4409,00-0033332,Josiah Price,TE,,,,,
2026,4,6364, 00-0035376,Papi White,WR,,,,,
2026,4,6059, 00-0035592,Travis Fulgham,WR,,,,,
2026,4,12829,,Coleman Owen,WR,,,Questionable,,
2026,4,13677,,Noah Short,WR,,,,,
2026,4,8828,,Michael Young,WR,,,,,
2026,4,12773,,DJ Uiagalelei,QB,LAC,,Out,,3
2026,4,7176,,Caleb Repp,TE,,,,,
2026,4,2206,,Logan Kilgore,QB,,,,,
2026,4,9481,,Luke Musgrave,TE,GB,,PUP,,4
2026,4,11213,,Camren McDonald,TE,,,,,
2026,4,13419,,Jaydn Ott,RB,KC,,,,
2026,4,5224,,Taj Williams,WR,,,,,
2026,4,4600,,Noel Thomas,WR,,,,,
2026,4,5131,00-0034440,Justin Jackson,RB,,,,,
2026,4,12939,,Anthony Tyus,RB,CAR,,,,
2026,4,11548,,Aaron Dykes,RB,,,,,
2026,4,4326,00-0033261,Bug Howard,TE,,,,,
2026,4,7109,,Malcolm Perry,WR,,,,,
2026,4,12226,,Lorenzo Lingard,RB,,,,,
2026,4,8129,,Dameon Pierce,RB,PHI,,,,
2026,4,8685,,John Mitchell,TE,,,,,
2026,4,13281,,Jordyn Tyson,WR,NO,,IR,,11
2026,4,8437,,Thomas Hennigan,WR,,,,,
2026,4,6595, 00-0035577,Devlin Hodges,QB,,,,,
2026,4,8173,,ZaQuandre White,RB,,,,,
2026,4,8243,,DeAndre Torrey,RB,,,,,
2026,4,13303,,Cade Klubnik,QB,NYJ,,,,3
2026,4,559,,Tim Tebow,TE,,,,,
2026,4,5754,00-0034788,Jaeden Graham,TE,,,,,
2026,4,8201,,Jack Coan,QB,,,,,
2026,4,13962,,Cameron Dorner,WR,NE,,,,
2026,4,5032,00-0034364,Jordan Akins,TE,,,,,
2026,4,4080,00-0033891,Zay Jones,WR,,,,,
2026,4,14058,,Malick Meiga,WR,SEA,,,,
2026,4,4997,00-0034679,Mark Walton,RB,,,,,
2026,4,3418,00-0032351,Mekale McKay,WR,,,,,
2026,4,4728,,Bart Houston,QB,,,,,
2026,4,11312,,T.J. Luther,WR,,,,,
2026,4,12538,,Brady Cook,QB,MIA,,Out,,2
2026,4,4050,00-0033215,Cyril Grayson,WR,,,,,
2026,4,13010,,Jordan Waters,RB,LAR,,,,
2026,4,11867,,Jaelen Gill,WR,,,,,
2026,4,8416,,Jalen Virgil,WR,,,Questionable,,
2026,4,8621,,Garrett Walston,TE,,,,,
2026,4,5126,00-0034442,Austin Proehl,WR,,,,,
2026,4,13193,,Ketron Jackson,WR,,,,,
2026,4,13726,,Camden Brown,WR,DAL,,Out,,6
2026,4,6973,,J.J. Taylor,RB,,,,,
2026,4,5548,,Elijah Marks,WR,,,,,
2026,4,6585, 00-0035551,Tony Brooks-James,RB,,,,,
2026,4,12314,,Beau Corrales,WR,,,,,
2026,4,10223,,Eric Gray,RB,CLE,,,,
2026,4,7597,,Kenny Yeboah,TE,,,Questionable,,
2026,4,7287,,Josh Hammond,WR,,,,,
2026,4,6161, 00-0035546,L.J. Scott,RB,,,,,
2026,4,12134,,Sam Wiglusz,WR,,,,,
2026,4,5250,00-0034510,Robert Foster,WR,,,,,
2026,4,2528,00-0032139,Ben Koyack,TE,,,,,
2026,4,13225,,Sam Brown,WR,,,,,
2026,4,5199,00-0034297,Byron Pringle,WR,,,,,
2026,4,8224,,Cole Kelley,QB,,,,,
2026,4,7622,,Sammis Reyes,TE,,,,,
2026,4,7236,,Devwah Whaley,RB,,,,,
2026,4,6401, 00-0034927,T.J. Rahming,WR,,,,,
2026,4,2394,00-0032245,Sean Mannion,QB,,,,,
2026,4,8209,,Makai Polk,WR,,,,,
2026,4,5156,00-0034491,Andrew Vollert,TE,,,,,
2026,4,13276,,Omar Cooper,WR,NYJ,,IR,,10
2026,4,12818,,Elijah Young,RB,,,,,
2026,4,8051,,Josh Johnson,RB,,,,,
2026,4,7245,,Nate Wieting,TE,,,,,
2026,4,11210,,Malik Heath,WR,ATL,,,,
2026,4,4636,00-0033762,Lenard Tillery,RB,,,,,
2026,4,13963,,Nick DeGennaro,WR,,,,,
2026,4,8089,,Sal Cannella,TE,,,,,
2026,4,3594,00-0032741,Peyton Barber,RB,,,,,
2026,4,7859,,Nick Eubanks,TE,,,,,
2026,4,3652,00-0033114,Mike Thomas,WR,,,,,
2026,4,8890,,Naz Bohannon,TE,,,,,
2026,4,111,00-0024243,Marcedes Lewis,TE,,,,,
2026,4,7550,,Warren Jackson,WR,,,,,
2026,4,13152,,Justin Lockhart,WR,,,,,
2026,4,13003,,Tru Edwards,WR,,,,,
2026,4,13121,,Ben Yurosek,TE,MIN,,IR,,5
2026,4,6943,,Gabe Davis,WR,,,Questionable,,
2026,4,1984,00-0030821,Allen Hurns,WR,MIA,,,,
2026,4,13760,,Jaden Bradley,WR,WAS,,,,
2026,4,12170,,Jaaron Hayek,WR,,,,,
2026,4,8539,,Seth Green,TE,,,,,
2026,4,6605, 00-0035479,Cortrelle Simpson,WR,,,,,
2026,4,7551,,Deon Jackson,RB,,,,,
2026,4,2880,,Zach Laskey,RB,,,,,
2026,4,7299,,Justice Shelton-Mosley,WR,,,,,
2026,4,7954,,Connor Wedington,WR,,,,,
2026,4,7032,,Tyrie Cleveland,WR,,,,,
2026,4,11802,,Tejhaun Palmer,WR,,,,,
2026,4,7522,,Hunter Thedford,TE,,,,,
2026,4,6540, 00-0035385,DeAndre Thompkins,WR,GB,,,,
2026,4,7543,,Travis Etienne,RB,NO,,Out,,3
2026,4,12217,,Shawn Bowman,TE,ARI,,,,
2026,4,7793,,Racey McMath,WR,,,,,
2026,4,8192,,Curtis Hodges,TE,,,,,
2026,4,11502,,Brian Cobbs,WR,,,,,
2026,4,5139,00-0034339,Trey Quinn,WR,,,,,
2026,4,1841,,Stephen Houston,RB,,,,,
2026,4,5590,00-0034330,Jordan Smallwood,WR,,,,,
2026,4,7572,,Kylin Hill,RB,,,,,
2026,4,5745,,Nick Stevens,QB,,,,,4
2026,4,1817,00-0031325,Sammy Watkins,WR,,,,,
2026,4,5801,00-0034893,Kobe McCrary,RB,,,,,
2026,4,3824,00-0032864,Alex Ellis,TE,,,,,
2026,4,7904,,Stevie Scott,RB,,,,,
2026,4,8583,,Stone Smartt,TE,NO,,,,
2026,4,14062,,Tyler Moore,TE,,,,,
2026,4,4323,00-0033258,Darrell Daniels,TE,,,,,
2026,4,13343,,Vinny Anthony,WR,ATL,,,,
2026,4,1386,00-0030456,Giovani Bernard,RB,,,,,
2026,4,6824,,Donovan Peoples-Jones,WR,,,,,
2026,4,2817,,Daniel Rodriguez,WR,,,,,
2026,4,2532,00-0031960,Da'Ron Brown,WR,,,,,
2026,4,268,00-0023436,Alex Smith,QB,,,,,
2026,4,7076,,Jeff Thomas,WR,,,,,
2026,4,11159,,Zion Bowens,WR,,,,,
2026,4,4803,,Nate Iese,TE,,,,,
2026,4,5863, 00-0035246,J.J. Arcega-Whiteside,WR,,,,,
2026,4,13844,,Coleman Bennett,RB,,,,,
2026,4,6873,,Austin Mack,WR,,,,,
2026,4,208,00-0021206,Josh McCown,QB,,,,,
2026,4,8560,,Davis Cheek,QB,,,,,
2026,4,12984,,CJ Dippre,TE,TB,,,,
2026,4,1029,00-0029567,Nick Foles,QB,,,,,
2026,4,11874,,Jaylen Johnson,WR,,,,,
2026,4,4344,00-0033367,C.J. Board,WR,,,,,
2026,4,12150,,Jarveon Howard,RB,,,,,
2026,4,8195,,Ronnie Rivers,RB,LAR,,IR,,3
2026,4,6892,,Nate Stanley,QB,,,,,
2026,4,13890,,Michael Briscoe,WR,MIN,,,,
2026,4,4218,00-0033292,Trent Taylor,WR,,,,,
2026,4,6178, 00-0035148,Darwin Thompson,RB,,,,,
2026,4,12154,,Messiah Swinson,TE,CLE,,,,
2026,4,1642,00-0030443,Levine Toilolo,TE,NYG,,,,
2026,4,13597,,Matthew Caldwell,QB,LAR,,IR,,4
2026,4,8849,,Tanner Conner,TE,NE,,,,
2026,4,8159,,Desmond Ridder,QB,,,,,
2026,4,2751,00-0032098,Daniel Brown,TE,,,,,
2026,4,2938,,Cam Worthy,WR,,,,,
2026,4,4895,,Lamar Atkins,WR,,,,,
2026,4,3554,,David Reeves,TE,,,,,
2026,4,2152,00-0031237,Teddy Bridgewater,QB,,,NA,,
2026,4,8018,,Shaun Beyer,TE,,,,,
2026,4,13931,,E.J. Horton,WR,,,,,
2026,4,5392,00-0034074,Jack Heneghan,QB,,,,,
2026,4,868,00-0028142,Virgil Green,TE,,,,,
2026,4,2600,,Ricky Seale,RB,,,,,
2026,4,7190,,Bronson Rechsteiner,RB,,,,,
2026,4,13101,,Gage Larvadain,WR,BAL,,,,
2026,4,12061,,Noah Cain,RB,,,,,
2026,4,3582,00-0032355,Chester Rogers,WR,,,,,
2026,4,5358,00-0034563,Anthony Manzo-Lewis,TE,,,,,
2026,4,11523,,Cody Chrest,WR,,,,,
2026,4,12212,,Austin Stogner,TE,,,,,
2026,4,8572,,Andrew Parchment,WR,,,,,
2026,4,13681,,Kaidon Salter,QB,,,,,
2026,4,13941,,Omari Kelly,WR,,,,,
2026,4,6007, 00-0035268,Ryquell Armstead,RB,,,,,
2026,4,4327,00-0033262,Colin Jeter,TE,,,,,
2026,4,5210,00-0034220,Korey Robertson,WR,,,,,
2026,4,3355,00-0032795,Cody Core,WR,,,,,
2026,4,13162,,Maximilian Mang,TE,,,,,
2026,4,2118,00-0031387,Eric Ebron,TE,PIT,,,,
2026,4,7081,,James Morgan,QB,,,,,
2026,4,6755,,Tavonn Salter,WR,,,NA,,
2026,4,6290, 00-0035298,Scotty Miller,WR,,,,,
2026,4,11186,,Carlos Washington,RB,MIA,,,,
2026,4,11583,,Jonathon Brooks,RB,CAR,,IR,,3
2026,4,7396,,Devin Phelps,WR,,,,,
2026,4,5127,00-0034577,Kyle Allen,QB,BUF,,,,2
2026,4,11447,,Kris Leach,TE,,,,,
2026,4,5408,00-0034609,Sergio Bailey,WR,,,,,
2026,4,12469,,Dylan Sampson,RB,CLE,,IR,,6
2026,4,3020,,Dan Light,TE,,,,,
2026,4,2879,,Isiah Ferguson,WR,,,,,
2026,4,5285,00-0034073,Ross Dwelley,TE,,,,,
2026,4,1603,00-0030089,Luke Willson,TE,,,,,
2026,4,2930,,Justin Tukes,TE,,,,,
2026,4,4931,,Austin Appleby,QB,,,,,
2026,4,8697,,Kevin Shaa,WR,,,,,
2026,4,13291,,Kejon Owens,RB,,,Questionable,,
2026,4,13336,,Dane Key,WR,DEN,,,,
2026,4,12933,,Caden Prieskorn,TE,,,,,
2026,4,4274,00-0033589,David Moore,WR,CAR,,,,
2026,4,13179,,Ja'seem Reed,WR,CAR,,,,
2026,4,8217,,Leddie Brown,RB,,,,,
2026,4,6845,,Zack Moss,RB,,,Questionable,,
2026,4,11366,,Chris Coleman,WR,,,,,
2026,4,13834,,Cody Hardy,TE,NYJ,,,,
2026,4,6535, 00-0035322,Nate Becker,TE,,,,,
2026,4,4305,,Tyler Renew,RB,,,,,
2026,4,246,00-0023564,Darren Sproles,RB,,,,,
2026,4,178,00-0022787,Matt Schaub,QB,,,,,
2026,4,8187,,CJ Verdell,RB,,,,,
2026,4,4489,00-0033474,Gehrig Dieter,WR,,,,,
2026,4,7603,,Shi Smith,WR,,,,,
2026,4,7751,,Dax Milne,WR,,,,,
2026,4,8052,,Donte Sylencieux,WR,,,,,
2026,4,8731,,Shemar Bridges,WR,,,,,
2026,4,5463,00-0034200,Mark Thompson,RB,,,,,
2026,4,7935,,Eli Stove,WR,,,,,
2026,4,13297,,Reggie Virgil,WR,ARI,,Out,,5
2026,4,6618, 00-0035718,Isaiah Searight,TE,,,,,
2026,4,5046,00-0034838,Royce Freeman,RB,,,,,
2026,4,4621,,Caleb Bluiett,TE,,,,,
2026,4,1329,00-0028237,Chris Hogan,WR,,,,,
2026,4,8783,,Kendric Pryor,WR,,,,,
2026,4,6728,,Jackson Harris,TE,,,,,
2026,4,5465,00-0034192,Nick Keizer,TE,,,,,
2026,4,4854,00-0034054,River Cracraft,WR,,,Questionable,,
2026,4,1601,00-0030414,Spencer Ware,RB,,,,,
2026,4,2783,,Kenzel Doe,WR,,,,,
2026,4,5197,00-0034660,Rico Gafford,WR,,,,,
2026,4,13120,,Jacoby Jones,WR,,,Questionable,,
2026,4,11590,,Jase McClellan,RB,,,,,
2026,4,12210,,Cole Burgess,WR,,,IR,,10
2026,4,13577,,Dallen Bentley,TE,DEN,,Out,,4
2026,4,13357,,Lance Mason,TE,,,,,
2026,4,4878,00-0034052,Brandon Zylstra,WR,,,,,
2026,4,2040,00-0031167,Scott Simonson,TE,,,,,
2026,4,5975, 00-0035309,Alize Mack,TE,,,,,
2026,4,8924,,Thomas Odukoya,TE,KC,,,,
2026,4,627,00-0027691,Andre Roberts,WR,,,,,
2026,4,11615,,Ainias Smith,WR,,,Questionable,,
2026,4,6705, 00-0035658,Taj McGowan,RB,,,,,
2026,4,11418,,Taye Barber,WR,,,,,
2026,4,11306,,Xavier Gipson,WR,PHI,,,,
2026,4,7554,,Tre' McKitty,TE,,,,,
2026,4,12308,,Samson Evans,RB,,,,,
2026,4,6209, 00-0034922,Ishmael Hyman,WR,,,,,
2026,4,5974, 00-0035146,Trace McSorley,QB,,,,,
2026,4,14029,,Johnny Pascuzzi,TE,,,,,
2026,4,5618,00-0034666,Larry Rose,RB,,,NA,,
2026,4,4515,,B.J. Johnson,WR,,,,,
2026,4,2595,00-0032006,Tim Semisch,TE,,,,,
2026,4,6449, 00-0035038,Dorian Baker,WR,,,,,
2026,4,6156, 00-0035217,Benny Snell,RB,,,,,
2026,4,4950,00-0034775,Christian Kirk,WR,SF,,IR,,8
2026,4,3150,,Xavier Rush,WR,,,,,
2026,4,6399,,Kano Dillon,TE,,,,,
2026,4,1777,00-0030216,Josh Hill,TE,,,,,
2026,4,12865,,AJ Henning,WR,MIA,,,,
2026,4,13316,,Eric Rivers,WR,TB,,,,
2026,4,4004,,Chris Briggs,TE,,,,,
2026,4,284,00-0024389,Delanie Walker,TE,,,,,
2026,4,13242,,Lawrance Toafili,RB,,,,,
2026,4,4085,00-0033896,Adam Shaheen,TE,,,,,
2026,4,3621, 00-0032876,Jordan Williams-Lambert,WR,,,,,
2026,4,3880,,M.J. McFarland,TE,,,,,
2026,4,8019,,Devontres Dukes,WR,,,,,
2026,4,12169,,Reggie Brown,WR,,,,,
2026,4,12850,,Tyler Neville,TE,,,,,
2026,4,6154, 00-0035359,David Sills,WR,TB,,IR,,6
2026,4,2597,,Michael Dyer,RB,,,,,
2026,4,5886, 00-0035529,Hakeem Butler,TE,,,,,
2026,4,5915, 00-0035527,Andy Isabella,WR,,,,,
2026,4,6097,,Jamal Custis,WR,,,,,
2026,4,7158,,Riley Neal,QB,,,,,
2026,4,6450, 00-0035040,David Blough,QB,,,,,
2026,4,2004,00-0031344,Cody Latimer,WR,,,,,
2026,4,2549,00-0032156,Trevor Siemian,QB,,,,,
2026,4,8863,,Kaylon Geiger,WR,,,,,
2026,4,6365, 00-0035367,Carson Meier,TE,,,,,
2026,4,2082,00-0031035,Xavier Grimble,TE,,,,,
2026,4,7218,,Cam Sutton,TE,,,,,
2026,4,7589,,Ian Book,QB,,,,,
2026,4,6063, 00-0035457,Tyron Billy-Johnson,WR,,,,,
2026,4,4018,00-0033897,Joe Mixon,RB,,,Out,,
2026,4,13227,,Mitch Van Vooren,WR,,,,,
2026,4,2319,00-0031547,DeVante Parker,WR,,,,,
2026,4,13407,,Carson Towt,TE,IND,,IR,,6
2026,4,4533,00-0033613,James Summers,RB,,,,,
2026,4,4721,,Shakeir Ryan,WR,,,,,
2026,4,8094,,Michael Jacobson,TE,,,,,
2026,4,13348,,J'Mari Taylor,RB,JAX,,,,
2026,4,4229,00-0033798,Mason Schreck,TE,,,,,
2026,4,11863,,Leon Johnson,WR,,,,,
2026,4,12190,,Jason Bean,QB,,,,,
2026,4,6438, 00-0034949,Kelvin McKnight,WR,,,,,
2026,4,2039,00-0031166,Seth Roberts,WR,,,,,
2026,4,5249,00-0034196,Andre Levrone,WR,,,,,
2026,4,3548,,Jamal Robinson,WR,,,,,
2026,4,7035,,Kendrick Rogers,WR,,,,,
2026,4,13205,,Luke Deal,TE,,,Questionable,,
2026,4,2229,00-0031395,Garrett Gilbert,QB,,,,,
2026,4,4626,00-0033687,Amba Etta-Tawo,WR,,,,,
2026,4,5796,,Austin Wolf,WR,,,,,
2026,4,5275,00-0034207,Jeff Badet,WR,,,,,
2026,4,5125,00-0034698,Damoun Patterson,WR,,,,,
2026,4,8101,,Mark Vital,TE,,,,,
2026,4,3333,00-0033112,Temarrick Hemingway,TE,WAS,,,,
2026,4,4747,,Stevie Donatell,TE,,,,,
2026,4,3297,00-0032778,Tajae Sharpe,WR,,,,,
2026,4,5276,00-0034214,Tyler Hoppes,TE,,,,,
2026,4,11857,,Daijun Edwards,RB,,,,,
2026,4,538,00-0027685,Emmanuel Sanders,WR,,,,,
2026,4,4197,00-0033466,Isaiah McKenzie,WR,,,,,
2026,4,5890, 00-0035657,Damien Harris,RB,,,,,
2026,4,8005,,Tarik Black,WR,,,,,
2026,4,12187,,Malcolm Epps,TE,,,,,
2026,4,8123,,Hassan Haskins,RB,,,,,
2026,4,8033,,Bernhard Seikovits,TE,,,,,
2026,4,3161,00-0032950,Carson Wentz,QB,MIN,,,,2
2026,4,5111,00-0034426,Javon Wims,WR,,,,,
2026,4,5791,00-0034883,Gerald Holmes,RB,,,,,
2026,4,12705,,Graham Mertz,QB,HOU,,IR,,3
2026,4,13026,,Moochie Dixon,WR,,,,,
2026,4,6002, 00-0035273,Qadree Ollison,RB,,,,,
2026,4,8602,,Danny Davis,WR,,,,,
2026,4,11645,,Javon Baker,WR,,,,,
2026,4,2672,,Damarr Aultman,WR,,,,,
2026,4,12860,,Theo Wease,WR,LAC,,,,
2026,4,223,00-0022921,Larry Fitzgerald,WR,,,,,
2026,4,331,00-0022942,Philip Rivers,QB,,,,,
2026,4,11104,,SaRodorick Thompson,RB,,,,,
2026,4,5168,00-0034551,Jordan Chunn,RB,,,,,
2026,4,12688,,Cam Miller,QB,,,,,
2026,4,4922,,Garrett Scantling,WR,ATL,,,,
2026,4,12486,,Dillon Gabriel,QB,CLE,,IR,,2
2026,4,5831, 00-0034901,Bryant Mitchell,WR,,,,,
2026,4,11381,,Travis Vokolek,TE,ARI,,,,
2026,4,5201,00-0034632,Terry Swanson,RB,,,,,
2026,4,1559,00-0030520,Mike Glennon,QB,,,,,
2026,4,7558,,Whop Philyor,WR,,,,,
2026,4,4951,00-0034777,DJ Chark,WR,,,,,
2026,4,11483,,Ellis Merriweather,RB,,,,,
2026,4,4786,,Jhajuan Seales,WR,,,,,
2026,4,5774,00-0034863,Cam Serigne,TE,,,,,
2026,4,8229,,Isaiah Weston,WR,,,,,
2026,4,11562,,Spencer Rattler,QB,NO,,,,3
2026,4,8230,,Ty Chandler,RB,NO,,IR,,5
2026,4,6011, 00-0035289,Gardner Minshew,QB,ARI,,,,2
2026,4,5089,00-0034401,Mike White,QB,,,,,
2026,4,3296,00-0033080,Seth DeValve,TE,,,,,
2026,4,4453,00-0033306,Victor Bolden,WR,,,,,
2026,4,12268,,Colby Suits,QB,,,,,
2026,4,4680,,Larry Clark,WR,,,,,
2026,4,8732,,Raleigh Webb,WR,,,,,
2026,4,3921, 00-0033149,Nick Truesdell,TE,,,,,
2026,4,7581,,Kellen Mond,QB,,,,,
2026,4,6136, 00-0035264,Jarrett Stidham,QB,DEN,,,,2
2026,4,4749,,Cameron Posey,WR,,,,,
2026,4,6590, 00-0035552,Michael Colubiale,TE,,,,,
2026,4,7173,,Jalen McCleskey,WR,,,,,
2026,4,13280,,Chamon Metayer,TE,,,,,
2026,4,5171,00-0034193,Kevin Rader,TE,,,,,
2026,4,12494,,Kyle McCord,QB,MIA,,,,3
2026,4,13929,,Sahmir Hagans,WR,,,,,
2026,4,4942,00-0034747,Marcell Ateman,WR,,,,,
2026,4,4146,00-0033839,Dede Westbrook,WR,,,,,
2026,4,11582,,Carson Steele,RB,PHI,,,,
2026,4,7744,,Antonio Nunn,WR,,,,,
2026,4,9489,,Justin Shorter,WR,LV,,IR,,9
2026,4,8559,,Josh Babicz,TE,,,,,
2026,4,11864,,Zach Heins,TE,,,,,
2026,4,11573,,Frank Gore,RB,BUF,,,,
2026,4,5700,00-0034708,Robert Martin,RB,,,,,
2026,4,7288,,Ben Ellefson,TE,,,,,
2026,4,12725,,Luke Lachey,TE,,,Questionable,,
2026,4,12500,,Quinn Ewers,QB,JAX,,,,3
2026,4,6730, 00-0035735,Jordan Ta'amu,QB,,,,,
2026,4,7395,,Rashad Medaris,WR,,,,,
2026,4,8103,,Ryan Willis,QB,,,,,
2026,4,13065,,Ben Wooldridge,QB,,,,,
2026,4,491,00-0026035,Danny Amendola,WR,,,,,
2026,4,5154,00-0034487,Trent Sherfield,WR,BUF,,,,
2026,4,3347,00-0032431,Jake Rudock,QB,,,,,
2026,4,13889,,Levi Wentz,WR,,,,,
2026,4,12520,,Xavier Restrepo,WR,TEN,,,,
2026,4,13624,,Shaleak Knotts,WR,,,,,
2026,4,11073,,Thayer Thomas,WR,,,,,
2026,4,13477,,Colbie Young,WR,CIN,,Out,,4
2026,4,6357, 00-0035194,Shawn Bane,WR,,,,,
2026,4,5094,00-0034270,Ryan Izzo,TE,,,,,
2026,4,12479,,Ja'Quinden Jackson,RB,,,Questionable,,
2026,4,5265,00-0034574,Nic Shimonek,QB,,,,,
2026,4,8027,,Tre Harbison,RB,,,,,
2026,4,12484,,Jayden Higgins,WR,HOU,,IR,,10
2026,4,8234,,Jaivon Heiligh,WR,,,,,
2026,4,13645,,Michael Wortham,WR,JAX,,,,
2026,4,6074, 00-0035329,Donald Parham,TE,,,,,
2026,4,13404,,Garrett Nussmeier,QB,KC,,Out,,3
2026,4,2593,,Antwan Goodley,WR,,,,,
2026,4,6308, 00-0035067,Ian Bunting,TE,,,,,
2026,4,11815,,Cornelius Johnson,WR,,,,,
2026,4,4934,,Jalen Williams,WR,,,,,
2026,4,12077,,Lincoln Victor,WR,,,,,
2026,4,2093,00-0031068,Ryan Grant,WR,,,,,
2026,4,11942,,Colson Yankoff,TE,WAS,,,,4
2026,4,13436,,Kentrel Bullock,RB,CIN,,,,
2026,4,3336,00-0032341,Moritz Bohringer,TE,,,,,
2026,4,11347,,Chase Cota,WR,,,,,
2026,4,11089,,Jordan Byrd,WR,,,,,
2026,4,11377,,Tyrell Shavers,WR,BUF,,PUP,,8
2026,4,11184,,Daniel Arias,WR,,,,,
2026,4,7400,,Manasseh Bailey,WR,,,,,
2026,4,7988,,Riley Lees,WR,,,,,
2026,4,6322, 00-0035182,Xavier Ubosi,WR,,,,,
2026,4,8411,,Devon Allen,WR,,,,,
2026,4,2943,,Mark Weisman,RB,,,,,
2026,4,7992,,Matt Bushman,TE,,,,,
2026,4,8202,,Michael Woods,WR,,,Questionable,,
2026,4,1067,00-0029293,Marvin Jones,WR,,,,,
2026,4,2381,00-0032128,Chris Conley,WR,,,,,
2026,4,11600,,Ja'Tavion Sanders,TE,CAR,,Out,,4
2026,4,4475,,Sefo Liufau,QB,,,,,
2026,4,2917,,Brian Vogler,TE,,,,,
2026,4,676,00-0027029,LeSean McCoy,RB,,,,,
2026,4,12126,,Isaac Rex,TE,,,,,
2026,4,6553, 00-0035187,Austin Walter,RB,,,,,
2026,4,5980, 00-0035311,Myles Gaskin,RB,,,,,
2026,4,1903,00-0031228,Taylor Gabriel,WR,,,,,
2026,4,9230,,Tanner McKee,QB,PHI,,Out,,3
2026,4,5785,00-0034870,James Butler,RB,,,,,
2026,4,6628, 00-0035548,Ventell Bryant,WR,,,,,
2026,4,8665,,Armani Rogers,TE,,,,,
2026,4,10651,,Mohamed Ibrahim,RB,,,,,
2026,4,4160,00-0033859,Josh Malone,WR,,,,,
2026,4,6269, 00-0035163,Kyle Shurmur,QB,,,,,
2026,4,2939,,Javess Blue,WR,,,,,
2026,4,5760,00-0034819,Josh Crockett,WR,,,,,
2026,4,14018,,Jordan Nubin,RB,,,,,
2026,4,5112,00-0034432,Bo Scarbrough,RB,,,,,
2026,4,2431,00-0032063,Mike Davis,RB,,,,,
2026,4,2752,,Trent Steelman,WR,,,,,
2026,4,5800,00-0034890,Justin Stockton,RB,,,,,
2026,4,4607, 00-0033766,Zach Conque,QB,,,,,
2026,4,12363,,Xavier Wade,WR,,,,,
2026,4,13867,,Sean Brown,WR,,,,,
2026,4,11126,,Michael Ezeike,TE,,,,,
2026,4,6453, 00-0035045,D.J. Montgomery,WR,IND,,IR,,7
2026,4,5587,00-0034315,Chris Warren,RB,,,,,
2026,4,5235,00-0034575,David Wells,TE,,,,,
2026,4,5705,00-0034705,John Franklin,WR,,,,,
2026,4,11607,,Hayden Hatten,WR,,,,,
2026,4,11580,,Dillon Johnson,RB,,,,,
2026,4,3177,00-0032966,Corey Coleman,WR,,,,,
2026,4,4537,,Jordan Johnson,RB,,,,,
2026,4,5570,00-0034309,Chad Beebe,WR,,,,,
2026,4,13238,,Winston Wright,WR,,,,,
2026,4,13210,,Drake Dabney,TE,GB,,,,
2026,4,233, 00-0025708,Matt Moore,QB,,,,,
2026,4,6446, 00-0035013,Jon Hilliman,RB,,,,,
2026,4,6894,,Mitchell Wilcox,TE,,,,,
2026,4,12786,,Anthony Landphere,TE,,,,,
2026,4,3440,00-0032658,Josh Woodrum,QB,,,,,
2026,4,4806,00-0033268,Brandon Radcliff,RB,,,,,
2026,4,7618,,Micah Simon,WR,CAR,,,,
2026,4,4610,,Deante' Gray,WR,,,,,
2026,4,5747,00-0034761,Kayaune Ross,WR,,,,,
2026,4,11540,,La'Michael Pettway,TE,,,,,
2026,4,2922,,Devin Mahina,TE,,,,,
2026,4,6938,,Cam Akers,RB,,,,,
2026,4,7367,,Will Hastings,WR,,,,,
2026,4,11080,,Malik Knowles,WR,,,,,
2026,4,7972,,Tony Poljan,TE,,,,,
2026,4,4198,00-0033572,Jamal Agnew,WR,,,Questionable,,
2026,4,4938,,Speedy Noil,WR,,,,,
2026,4,6552, 00-0035031,Malik Henry,WR,,,,,
2026,4,11821,,Tahj Washington,WR,,,,,
2026,4,3655,,Reggie Diggs,WR,,,,,
2026,4,8407,,T.J. Pledger,RB,,,,,
2026,4,2800,,Mario Hull,WR,,,,,
2026,4,7537,,Jaret Patterson,RB,MIN,,,,
2026,4,12471,,DJ Giddens,RB,IND,,Out,,3
2026,4,2909,,Beau Gardner,TE,,,,,
2026,4,5889, 00-0035256,Bryce Love,RB,,,,,
2026,4,2577,,Devante Davis,WR,,,,,
2026,4,5661,00-0034593,Chris Lacy,WR,,,,,
2026,4,6439, 00-0035025,Hale Hentges,TE,,,,,
2026,4,8114,,Erik Ezukanma,WR,,,,,
2026,4,3503,00-0032626,Geronimo Allison,WR,,,,,
2026,4,11621,,Brenden Rice,WR,,,,,
2026,4,6529, 00-0035345,Chris Myarick,TE,LV,,,,
2026,4,11053,,Antoine Green,WR,,,,,
2026,4,7234,,Maurice Ffrench,WR,,,,,
2026,4,1848,00-0031062,James White,RB,,,,,
2026,4,12938,,Jackson Meeks,TE,DET,,,,4
2026,4,7579,,Austin Watkins,WR,,,,,
2026,4,14005,,Tommy Thomas,WR,,,,,
2026,4,12029,,Tyler Harrell,WR,,,,,
2026,4,7580,,Khalil McClain,WR,,,,,
2026,4,4937,,Al Riles,WR,IND,,,,
2026,4,12907,,Quentin Skinner,WR,,,,,
2026,4,4328,,Jerome Lane,WR,,,,,
2026,4,947,00-0027944,Julio Jones,WR,,,,,
2026,4,6261, 00-0035019,Reggie White,WR,,,,,
2026,4,7582,,Jhamon Ausbon,WR,,,,,
2026,4,11762,,Anthony Gould,WR,IND,,,,10
2026,4,7602,,Kylen Granson,TE,TEN,,Out,,3
2026,4,12516,,Kalel Mullings,RB,TEN,,,,
2026,4,12357,,David Martin-Robinson,TE,TEN,,,,5
2026,4,3668,00-0032599,Joshua Perkins,TE,NYJ,,,,
2026,4,11231,,Christian Trahan,TE,,,,,
2026,4,11130,,Pokey Wilson,WR,,,,,
2026,4,6318, 00-0035396,Jordan Ellis,RB,,,,,
2026,4,13315,,Dean Connors,RB,LAR,,,,
2026,4,1048,00-0029615,Lamar Miller,RB,,,,,
2026,4,5010,00-0034159,Will Dissly,TE,,,Questionable,,
2026,4,6803,,Brandon Aiyuk,WR,SF,,DNR,,9
2026,4,14069,,Connor Hulstein,TE,,,Questionable,,
2026,4,11249,,Chris Smith,RB,,,,,
2026,4,5407,00-0034618,Ervin Philips,RB,,,,,
2026,4,6032, 00-0035120,Keelan Doss,WR,,,,,
2026,4,13943,,Squirrel White,WR,,,NA,,
2026,4,4730,,Sam Cotton,TE,,,,,
2026,4,11359,,Kody Case,WR,,,,,
2026,4,7092,,Chris Finke,WR,,,,,
2026,4,2916,,Ify Umodu,WR,,,,,
2026,4,12398,,Jadon Janke,WR,,,,,
2026,4,9222,,Zach Evans,RB,,,,,
2026,4,7576,,Sage Surratt,TE,,,,,
2026,4,14034,,Brock Rechsteiner,WR,,,Sus,,
2026,4,7613,,Jonathan Adams,WR,,,,,
2026,4,8222,,Josh Johnson,WR,,,,,
2026,4,2331,00-0032054,Breshad Perriman,WR,,,,,
2026,4,12093,,Geordon Porter,WR,,,,,
2026,4,8193,,E.J. Perry,QB,,,,,
2026,4,13870,,Quentin Moore,TE,,,Questionable,,
2026,4,11421,,Ryan Miller,WR,MIA,,,,6
2026,4,6778,,Chris Streveler,QB,,,,,
2026,4,7050,,Josiah Deguara,TE,PHI,,,,
2026,4,7903,,Briley Moore,TE,,,,,
2026,4,5395,00-0034621,Shaun Wilson,RB,,,,,
2026,4,8706,,Kehinde Oginni,TE,,,,,
2026,4,5464,00-0034201,De'Lance Turner,RB,,,,,
2026,4,12009,,Jack Plummer,QB,,,,,
2026,4,11773,,Keilan Robinson,RB,,,Questionable,,
2026,4,3551,,Max Wittek,QB,,,,,
2026,4,8249,,Lucas Krull,TE,DEN,,,,
2026,4,13712,,Hayden Large,TE,CHI,,IR,,7
2026,4,2914,,Luke Lundy,RB,,,,,
2026,4,13345,,Jonah Coleman,RB,DEN,,IR,,6
2026,4,6853,,Van Jefferson,WR,WAS,,,,
2026,4,6557, 00-0035510,Jeff Smith,WR,,,,,
2026,4,13293,,Ja'Kobi Lane,WR,BAL,,IR,,10
2026,4,11537,,Wayne Taulapapa,RB,,,,,
2026,4,2771,,Jimmie Hunt,WR,,,,,
2026,4,5239,00-0034144,Lamar Jordan,QB,,,,,
2026,4,8801,,Dennis Houston,WR,,,Questionable,,
2026,4,12954,,Kye Robichaux,RB,,,Questionable,,
2026,4,8571,,Ra'Shaun Henry,WR,,,,,
2026,4,2430,00-0031577,Javorius Allen,RB,,,,,
2026,4,11943,,Michael Wiley,RB,,,,,
2026,4,6239, 00-0035480,Malik Taylor,WR,,,,,
2026,4,11438,,Dallas Daniels,WR,,,,,
2026,4,5286,00-0034608,Austin Allen,QB,,,,,
2026,4,8120,,Jerrion Ealy,RB,,,,,
2026,4,5752,00-0034786,Sherman Badie,RB,,,,,
2026,4,6789,,Henry Ruggs,WR,,,,,
2026,4,11851,,Carter Bradley,QB,,,Questionable,,
2026,4,8235,,Samori Toure,WR,,,,,
2026,4,13122,,Carter Runyon,TE,LV,,IR,,5
2026,4,2446,00-0031585,MyCole Pruitt,TE,,,,,
2026,4,2567,,Bryan Bennett,QB,,,,,
2026,4,11528,,Garett Maag,WR,,,,,
2026,4,11946,,Marcus Rosemy-Jacksaint,WR,,,,,
2026,4,4823,,Keevan Lucas,WR,,,,,
2026,4,11388,,Nolan Henderson,QB,,,,,
2026,4,9497,,Jalin Hyatt,WR,NYG,,,,
2026,4,6591, 00-0035553,Charles Jones,TE,,,,,
2026,4,7175,,Chris Rowland,WR,,,,,
2026,4,9492,,Trey Palmer,WR,NO,,,,
2026,4,4774,,De'Mard Llorens,RB,,,,,
2026,4,3934,00-0033164,Troymaine Pope,RB,,,,,
2026,4,6665, 00-0035547,Jody Fortson,TE,,,,,
2026,4,12772,,Courtney Jackson,WR,,,,,
2026,4,8570,,Derek Wright,WR,,,,,
2026,4,8122,,Zonovan Knight,RB,ARI,,,,3
2026,4,5120,00-0034423,Danny Etling,QB,,,,,
2026,4,4853,,Jerod Evans,QB,,,,,
2026,4,4536,00-0033627,Jason Croom,TE,,,,,
2026,4,4940,,DeSean Smith,TE,,,,,
2026,4,6879,,Quartney Davis,WR,,,,,
2026,4,11508,,Princeton Fant,TE,DAL,,IR,,5
2026,4,5427,,LaQuvionte Gonzalez,WR,,,,,
2026,4,3852,00-0033006,Jaydon Mickens,WR,,,,,
2026,4,2981,,Ross Scheuerman,RB,,,,,
2026,4,13208,,Kyrese Rowan,WR,NO,,,,
2026,4,7452,,Josh Pearson,WR,,,,,
2026,4,5252,00-0034535,Ray Lawry,RB,,,,,
2026,4,11493,,Jordan Murray,TE,,,,,
2026,4,12341,,Markese Stepp,RB,,,,,
2026,4,5246,,Jake Roh,TE,,,,,
2026,4,13326,,DT Sheffield,WR,,,Questionable,,
2026,4,5254,,Jimmy Williams,WR,,,,,
2026,4,3348,,Kolby Listenbee,WR,,,,,
2026,4,6850,,Harrison Bryant,TE,,,Questionable,,
2026,4,5096,00-0034407,Ray-Ray McCloud,WR,,,Questionable,,
2026,4,3811,,Alstevis Squirewell,RB,,,,,
2026,4,7100,,Derrick Dillon,WR,,,,,
2026,4,4098,00-0033923,Kareem Hunt,RB,,,,,
2026,4,13402,,Skyler Bell,WR,BUF,,Out,,5
2026,4,8127,,Charlie Kolar,TE,LAC,,Out,,2
2026,4,12001,,Lawrence Keys,WR,,,Questionable,,
2026,4,12883,,Joshua Simon,TE,,,,,
2026,4,5103,00-0034409,Dylan Cantrell,TE,,,,,
2026,4,3200,00-0032385,Sterling Shepard,WR,NYJ,,,,
2026,4,4089,00-0033895,Gerald Everett,TE,,,,,
2026,4,8760,,Dre Miller,TE,,,,,
2026,4,8418,,Jared Smart,WR,,,,,
2026,4,6175, 00-0035596,Kerrith Whyte,RB,GB,,,,
2026,4,13989,,E.J. Warner,QB,,,,,
2026,4,2390,00-0032214,Tyler Kroft,TE,,,,,
2026,4,2341,00-0032209,T.J. Yeldon,RB,,,,,
2026,4,3393,,Devin Fuller,WR,,,,,
2026,4,8888,,Kameron Brown,WR,,,,,
2026,4,4718,00-0033854,Dare Ogunbowale,RB,LV,,,,
2026,4,8431,,Chase Garbers,QB,,,,,
2026,4,7559,,Ihmir Smith-Marsette,WR,CAR,,,,
2026,4,11536,,Milton Wright,WR,,,,,
2026,4,3520,,Jay Lee,WR,,,,,
2026,4,2588,00-0031806,Malcolm Brown,RB,,,,,
2026,4,11748,,Bub Means,WR,CLE,,,,
2026,4,5744,,Eldridge Massington,WR,NO,,,,
2026,4,12412,,Terrell Jennings,RB,,,Questionable,,
2026,4,8200,,Kevin Austin,WR,NO,,,,
2026,4,886,00-0028063,Taiwan Jones,RB,,,,,
2026,4,13725,,Dominic Richardson,RB,,,Questionable,,
2026,4,8745,,Lance McCutcheon,WR,,,,,
2026,4,7319,,Jeff Cotton,WR,,,,,
2026,4,8255,,Raheem Blackshear,RB,,,Questionable,,
2026,4,8915,,Drew Plitt,QB,,,,,
2026,4,2639,,Tony Jones,WR,,,,,
2026,4,8191,,Slade Bolden,WR,,,,,
2026,4,138,00-0022924,Ben Roethlisberger,QB,PIT,,,,
2026,4,4526,00-0033604,Krishawn Hogan,WR,,,,,
2026,4,11924,,Tanner Mordecai,QB,,,,,
2026,4,3412,,Devon Johnson,RB,,,,,
2026,4,11862,,Luke Benson,TE,,,,,
2026,4,6617,,Andre Lindsey,WR,,,,,
2026,4,6727, 00-0035733,Joe Walker,WR,,,,,
2026,4,1842,,Derrick Johnson,WR,,,,,
2026,4,3204,00-0032393,C.J. Prosise,RB,,,,,
2026,4,8800,,Malik Davis,RB,DAL,,IR,,5
2026,4,7941,,Nick Ralston,RB,,,,,
2026,4,7337,,Easop Winston,WR,,,,,
2026,4,14038,,Trayvon Rudolph,WR,,,,,
2026,4,4435,00-0033455,Anthony Firkser,TE,,,Questionable,,
2026,4,12803,,Luke Grimm,WR,,,Questionable,,
2026,4,7532,,Rakeem Boyd,RB,,,,,
2026,4,11558,,Sam Hartman,QB,WAS,,,,
2026,4,8573,,Talolo Limi-Jones,WR,,,,,
2026,4,8239,,Ricky Person,RB,,,,,
2026,4,10863,,A.T. Perry,WR,,,,,
2026,4,11969,,Xavier Johnson,WR,,,,,
2026,4,1290,00-0029159,Jermaine Kearse,WR,,,,,
2026,4,12743,,Junior Bergen,WR,,,,,
2026,4,12278,,Jacob Sirmon,QB,,,,,
2026,4,8162,,Sam Howell,QB,DAL,,,,2
2026,4,11560,,Caleb Williams,QB,CHI,,Out,,3
2026,4,8196,,Ty Fryfogle,WR,,,,,
2026,4,2927,,Keshawn Hill,RB,,,,,
2026,4,9490,,Tyler Scott,WR,LV,,,,
2026,4,8149,,Master Teague,RB,,,,,
2026,4,2476,00-0031951,James O'Shaughnessy,TE,,,,,
2026,4,5130,00-0034686,Auden Tate,WR,,,,,
2026,4,181,00-0025430,Drew Stanton,QB,,,,,
2026,4,4349,00-0033373,Taquan Mizzell,RB,NYG,,,,
2026,4,2821,00-0031787,Jake Kumerow,WR,,,,,
2026,4,6798,,Jalen Reagor,WR,MIA,,,,
2026,4,4861,,Kent Taylor,TE,,,,,
2026,4,8441,,Justin Hall,WR,,,,,
2026,4,6593, 00-0035587,Spencer Schnell,WR,,,,,
2026,4,6359, 00-0035206,C.J. Worton,WR,,,,,
2026,4,7351,,Kirk Merritt,WR,,,,,
2026,4,13698,,Max Tomczak,WR,,,,,
2026,4,2905,,Josh Reese,WR,,,,,
2026,4,12402,,Ramon Jefferson,RB,,,,,
2026,4,7455,,John Hurst,WR,,,,,
2026,4,8041,,Shane Zylstra,TE,,,Questionable,,
2026,4,11989,,D.J. Williams,RB,,,Questionable,,
2026,4,2557,,Jerry Lovelocke,QB,,,,,
2026,4,8756,,Brandon Johnson,WR,PIT,,,,
2026,4,6036, 00-0034965,Ryan Davis,WR,,,,,
2026,4,6596,,Jalan McClendon,QB,,,,,
2026,4,3464,,Marquez North,WR,,,,,
2026,4,7546,,Tre Nixon,WR,,,,,
2026,4,2836,,Kenny Cook,WR,,,,,
2026,4,11569,,Jarquez Hunter,RB,MIA,,,,
2026,4,5401,,Armanti Foreman,WR,,,,,
2026,4,12114,,Joshua Cephus,WR,,,,,
2026,4,4805,,Pig Howard,WR,,,,,
2026,4,11538,,Toriano Clinton,RB,,,,,
2026,4,3803,00-0032813,Elijhaa Penny,RB,,,,,
2026,4,7079,,Pete Guerriero,RB,,,,,
2026,4,5709,00-0034737,Luis Perez,QB,,,,,
2026,4,7015,,Jacob Breeland,TE,,,,,
2026,4,12097,,Ayir Asante,WR,,,,,
2026,4,11716,,Tip Reiman,TE,ARI,,PUP,,5
2026,4,6753,,Derrick Gore,RB,,,,,
2026,4,6763,,Reggie Begelton,WR,,,,,
2026,4,12166,,Trey Potts,RB,,,,,
2026,4,6443,,Eric Dungey,QB,,,,,
2026,4,8102,,DeShon Williams,TE,,,,,
2026,4,5113, 00-0034418,Cedrick Wilson,WR,,,Questionable,,
2026,4,13862,,Treyvhon Saunders,WR,,,,,
2026,4,11197,,Joel Honigford,TE,,,,,
2026,4,8813,,Anthony Turner,WR,,,,,
2026,4,8421,,Mike Harley,WR,,,,,
2026,4,2570,,Donatella Luckett,WR,,,,,
2026,4,3570,,Brandon Ross,RB,,,,,
2026,4,12551,,Colin Granger,TE,,,,,
2026,4,11850,,Jeff Foreman,WR,,,,,
2026,4,6822,,Jake Fromm,QB,,,,,
2026,4,11419,,Kade Warner,WR,,,,,
2026,4,8892,,Keric Wheatfall,WR,,,,,
2026,4,8140,,Justyn Ross,WR,,,,,
2026,4,11024,,Grant DuBose,WR,,,Questionable,,
2026,4,3362,00-0032436,Jeff Driskel,QB,,,,,
2026,4,13022,,Sone Ntoh,RB,,,,,
2026,4,4588,00-0033672,Kyle Sloter,QB,,,,,
2026,4,4683,,Aaron Bailey,QB,BAL,,,,4
2026,4,7309,,Siaosi Mariner,WR,,,,,
2026,4,6155, 00-0035121,Jaylen Smith,WR,,,,,
2026,4,13222,,Montana Lemonious-Craig,WR,,,Questionable,,
2026,4,1223,00-0028903,Garrett Celek,TE,,,,,
2026,4,333,00-0023682,Ryan Fitzpatrick,QB,,,,,
2026,4,12746,,JP Richardson,WR,CHI,,,,
2026,4,12443,,Devon Garrison,TE,,,,,
2026,4,11413,,Ronnie Brown,RB,,,,,
2026,4,1425,00-0030108,Ryan Griffin,TE,,,,,
2026,4,5918, 00-0035299,Rodney Anderson,RB,,,,,
2026,4,8242,,Shermari Jones,RB,,,,,
2026,4,1232,00-0029273,Robert Turbin,RB,,,,,
2026,4,3199,00-0032765,Michael Thomas,WR,,,,,
2026,4,13351,,Junior Vandeross,WR,,,,,
2026,4,7085,,Isaiah Coulter,WR,,,,,
2026,4,8707,,Tayon Fleet-Davis,RB,,,,,
2026,4,4186,00-0033789,T.J. Logan,RB,,,,,
2026,4,14021,,Kadarius Calloway,RB,,,Questionable,,
2026,4,4972,00-0034771,Mason Rudolph,QB,PIT,,,,2
2026,4,12026,,Kobe Lewis,RB,,,,,
2026,4,13153,,Giles Jackson,WR,,,,,
2026,4,11105,,Shaquan Davis,WR,,,,,
2026,4,8021,,Branden Mack,WR,,,,,
2026,4,3078,,Jamel Johnson,WR,,,,,
2026,4,312,00-0026293,Matthew Slater,WR,,,,,
2026,4,7227,,Artavis Pierce,RB,,,,,
2026,4,9227,,Israel Abanikanda,RB,DAL,,,,
2026,4,11222,,Marcus Cooper,RB,,,,,
2026,4,13831,,Kevorian Barnes,RB,,,,,
2026,4,6592, 00-0035569,Dontae Strickland,RB,,,,,
2026,4,12237,,Lincoln Sefcik,TE,,,,,
2026,4,6834,,Jared Pinkney,TE,,,,,
2026,4,3380,00-0032447,Devin Lucien,WR,,,,,
2026,4,8185,,Johnny Johnson,WR,,,,,
2026,4,6384,,Justin Sumpter,WR,,,,,
2026,4,11113,,Joel Wilson,TE,TEN,,,,
2026,4,12133,,Drake Stoops,WR,,,,,
2026,4,5970, 00-0035500,Greg Dortch,WR,BUF,,,,7
2026,4,1652,00-0029981,Terrell Sinkfield,WR,,,,,3
2026,4,5924, 00-0035070,Emanuel Hall,WR,,,,,
2026,4,2931,,Deshon Foxx,WR,,,,,
2026,4,5273,,Kamryn Pettway,RB,,,,,
2026,4,7481,,Chase Harrell,TE,,,,,
2026,4,5228,00-0034126,J.T. Barrett,QB,,,,,
2026,4,3465,00-0032661,Ben Braunecker,TE,,,,,
2026,4,12892,,Da'Quan Felton,WR,,,Questionable,,
2026,4,2753,00-0031645,Rasheed Bailey,WR,,,,,
2026,4,13996,,Trent Howland,RB,,,,,
2026,4,2412,00-0031570,Justin Hardy,WR,,,,,
2026,4,2932,,Eric Frohnapfel,TE,,,,,
2026,4,2312,00-0031545,Kevin White,WR,,,,,
2026,4,6805,,KJ Hamler,WR,,,,,
2026,4,7733,,Josh Pederson,TE,,,,,
2026,4,13930,,Jordon Vaughn,RB,,,,,
2026,4,9502,,Tank Dell,WR,HOU,,IR,,6
2026,4,11456,,Tre'Shaun Harrison,WR,,,,,
2026,4,8199,,D'Eriq King,QB,,,,,
2026,4,13014,,Pat Conroy,TE,,,,,
2026,4,11886,,Tulu Griffin,WR,,,,,
2026,4,8178,,Braylon Sanders,WR,,,,,
2026,4,3969,00-0033856,Leonard Fournette,RB,,,,,
2026,4,11932,,Mike DiLiello,QB,,,,,
2026,4,12975,,JJ Galbreath,TE,,,,,
2026,4,5612,,Anthony Mahoungou,WR,,,,,
2026,4,12340,,Alex Larson,TE,,,,,
2026,4,11378,,Jordan Mims,RB,,,,,
2026,4,6047, 00-0035002,Dillon Mitchell,WR,,,,,
2026,4,3515,00-0032653,K.J. Maye,WR,,,,,
2026,4,8214,,Cole Turner,TE,MIA,,IR,,5
2026,4,13145,,ShunDerrick Powell,RB,,,,,
2026,4,8039,,Jibri Blount,TE,,,,,
2026,4,4815,,Brian Riley,WR,,,,,
2026,4,4149,00-0033948,Jamaal Williams,RB,,,,,
2026,4,2214,00-0031273,Cameron Brate,TE,,,,,
2026,4,4464,00-0033319,Nick Mullens,QB,JAX,,,,
2026,4,13011,,Brennan Presley,WR,LAR,,,,
2026,4,5310,00-0034772,Antonio Callaway,WR,,,,,
2026,4,2044,,Brelan Chancellor,WR,,,,,
2026,4,4768,,Adam Zaruba,TE,,,,,
2026,4,8139,,Zamir White,RB,NO,,,,
2026,4,11588,,Jawhar Jordan,RB,HOU,,,,
2026,4,902,00-0028114,Dwayne Harris,WR,,,,,
2026,4,7098,,Ty'Son Williams,RB,,,,,
2026,4,8632,,JaVonta Payton,WR,,,,,
2026,4,7809,,Avery Williams,RB,,,,,
2026,4,13630,,Evan Svoboda,TE,LAC,,,,
2026,4,13778,,EJ Smith,RB,,,Questionable,,
2026,4,12510,,Jalen Milroe,QB,SEA,,Out,,3
2026,4,13772,,Eni Falayi,TE,,,,,
2026,4,14085,,Matthew Henry,WR,,,,,
2026,4,8579,,Brandon Peters,QB,,,,,
2026,4,2422,00-0032062,Blake Bell,TE,,,,,
2026,4,11963,,Chris Collier,RB,LV,,IR,,7
2026,4,13327,,Desmond Reid,RB,,,Questionable,,
2026,4,1426,00-0030564,DeAndre Hopkins,WR,,,,,
2026,4,3614,00-0032881,Tommylee Lewis,WR,,,,,
2026,4,12218,,Jalen Jackson,RB,,,,,
2026,4,11114,,Elijah Dotson,RB,,,,,
2026,4,5220,00-0034614,Godwin Igwebuike,RB,,,,,
2026,4,4651,00-0033725,Corey Clement,RB,,,,,
2026,4,12045,,Jack Westover,TE,WAS,,,,
2026,4,13191,,TJ Sheffield,WR,,,,,
2026,4,4807,,Mike Estes,TE,,,,,
2026,4,6451, 00-0035039,Stephen Carlson,TE,CHI,,,,
2026,4,6151, 00-0035243,Miles Sanders,RB,,,,,
2026,4,12670,,KeAndre Lambert-Smith,WR,LAC,,IR,,9
2026,4,4750,00-0033992,Lance Lenoir,WR,,,,,
2026,4,11431,,Isaiah Bowser,RB,,,,,
2026,4,5236,00-0034642,Kyle Lewis,WR,,,,,
2026,4,7943,,Zach Davidson,TE,,,,,
2026,4,13306,,Taylen Green,QB,CLE,,Out,,4
2026,4,13034,,Tyrone Broden,WR,,,Questionable,,
2026,4,4996,00-0034369,Kyle Lauletta,QB,,,,,
2026,4,11256,,Tyson Bagent,QB,CHI,,,,1
2026,4,13770,,J. Michael Sturdivant,WR,GB,,,,6
2026,4,6148, 00-0035350,Preston Williams,WR,,,,,
2026,4,5961, 00-0035505,Jalin Moore,RB,,,,,
2026,4,3584,,Marcus Leak,WR,,,,,
2026,4,11568,,Blake Watson,RB,,,,,
2026,4,13702,,Malik Rutherford,WR,,,,,
2026,4,12851,,Rivaldo Fairweather,TE,,,,,
2026,4,11911,,Jeshaun Jones,WR,MIN,,Sus,,6
2026,4,4490,,Wyatt Houston,TE,CAR,,,,40
2026,4,13161,,Zakhari Franklin,WR,,,,,
2026,4,2937,,Damond Powell,WR,,,,,
2026,4,289,00-0020531,Drew Brees,QB,,,,,
2026,4,9499,,Bryce Ford-Wheaton,WR,,,Questionable,,
2026,4,6311, 00-0035342,Patrick Laird,RB,,,,,
2026,4,2947,,Clay Burton,TE,,,,,
2026,4,3391,00-0032450,Dwayne Washington,RB,,,,,
2026,4,1262,00-0029623,Alex Tanney,QB,,,,,
2026,4,8891,,Ryan McDaniel,WR,,,,,
2026,4,7404,,Noah Togiai,TE,,,,,
2026,4,12135,,Neal Johnson,TE,,,,,
2026,4,13435,,Joe Royer,TE,CLE,,PUP,,5
2026,4,4150,00-0033950,Wayne Gallman,RB,,,,,
2026,4,8085,,Mekhi Sargent,RB,,,,,
2026,4,2996,,Logan Stokes,TE,,,,,
2026,4,13158,,Sam Pitz,TE,,,,,
2026,4,7865,,Brandon Smith,WR,PIT,,,,
2026,4,3780,,Cedric O'Neal,RB,,,,,
2026,4,4384,,Aaron Peck,TE,,,,,
2026,4,3280,00-0032404,Tyler Ervin,RB,,,,,
2026,4,6989,,Marquez Callaway,WR,,,,,
2026,4,9498,,Jadon Haselwood,WR,,,,,
2026,4,13661,,Ethan Conner,TE,,,,,
2026,4,8436,,Neil Pau'u,WR,,,,,
2026,4,5850, 00-0035700,Josh Jacobs,RB,GB,,NA,,4
2026,4,5804,00-0034894,Julian Williams,WR,,,,,
2026,4,9753,,Zach Charbonnet,RB,SEA,,PUP,,5
2026,4,2838,,Trevor Harman,WR,,,,,
2026,4,12267,,Qadir Ismail,WR,CHI,,,,
2026,4,2502,,Bud Sasser,WR,,,,,
2026,4,7864,,Artayvious Lynn,TE,,,,,
2026,4,11065,,Adrian Martinez,QB,,,,,
2026,4,5880, 00-0035639,Parris Campbell,WR,,,NA,,
2026,4,2933,,Corey Knox,RB,,,,,
2026,4,13685,,Jake Retzlaff,QB,,,,,
2026,4,7527,,Mac Jones,QB,SF,,,,2
2026,4,6293, 00-0035304,Cullen Gillaspia,RB,,,,,
2026,4,2768,,Braylon Heard,RB,,,,,
2026,4,13806,,Matt Lauter,TE,,,,,
2026,4,12421,,David Wallis,WR,,,,,
2026,4,11452,,Jesse Matthews,WR,,,,,
2026,4,13350,,Joe Fagnano,QB,BAL,,Out,,4
2026,4,9505,,Deuce Vaughn,RB,,,,,
2026,4,862,00-0027948,Blaine Gabbert,QB,,,,,
2026,4,13818,,Romello Brinson,WR,,,,,
2026,4,2892,00-0031900,Rodney Smith,RB,,,,,
2026,4,2168,00-0031285,Devonta Freeman,RB,,,,,
2026,4,2545,00-0032141,Geoff Swaim,TE,,,,,
2026,4,4623,00-0033683,Tim Cook,RB,,,,,
2026,4,7157,,Josh Love,QB,,,,,
2026,4,13289,,Drew Allar,QB,PIT,,Out,,4
2026,4,6126, 00-0034970,Irv Smith,TE,,,Questionable,,
2026,4,7082,,Dalton Keene,TE,,,,,
2026,4,12826,,Ulysses Bentley,RB,,,,,
2026,4,11566,,Jayden Daniels,QB,WAS,,Out,,2
2026,4,4319,00-0033251,Zach Pascal,WR,,,,,
2026,4,13251,,Gunnar Oakes,TE,,,,,
2026,4,2569,,Jake Waters,QB,,,,,
2026,4,2920,,Jeret Smith,WR,,,,,
2026,4,1916,00-0031373,Martavis Bryant,WR,,,,,
2026,4,5984, 00-0035520,Anthony Ratliff-Williams,WR,,,,,
2026,4,7394,,Jermiah Braswell,WR,,,,,
2026,4,5468,00-0034340,Christian Scotland-Williamson,TE,,,,,
2026,4,9495,,Rakim Jarrett,WR,,,,,
2026,4,13314,,Luke Altmyer,QB,DET,,,,
2026,4,10860,,Malik Cunningham,WR,,,,,
2026,4,1312,00-0029319,Josh Bellamy,WR,,,,,
2026,4,2460,00-0032134,C.J. Uzomah,TE,,,,,
2026,4,8429,,Levi Lewis,QB,,,,,
2026,4,7368,,Sean Riley,WR,,,,,
2026,4,2560,00-0031665,Zach Zenner,RB,,,,,
2026,4,8176,,Danny Gray,WR,,,Questionable,,
2026,4,4520,00-0033517,Travin Dural,WR,,,,,
2026,4,1971,00-0031339,Donte Moncrief,WR,,,,,
2026,4,6088,,Bisi Johnson,WR,,,,,
2026,4,5255,00-0034647,Teo Redding,WR,,,,,
2026,4,12395,,Tanner Knue,WR,,,,,
2026,4,6181, 00-0035259,Trevon Wesco,TE,,,,,
2026,4,4036,00-0033871,Corey Davis,WR,,,,,
2026,4,13827,,Tanner Arkin,TE,NE,,,,6
2026,4,5806,00-0034899,John Wolford,QB,,,,,
2026,4,8439,,Demetris Robertson,WR,,,,,
2026,4,11467,,John Samuel Shenker,TE,,,,,
2026,4,7131,,Tyler Davis,TE,,,,,
2026,4,13602,,Jack Strand,QB,ATL,,Out,,4
2026,4,12324,,William Thompson,QB,,,,,
2026,4,12788,,Will Sheppard,WR,MIA,,,,
2026,4,13708,,Kobe Prentice,WR,,,,,
2026,4,13768,,Josh Pitsenburger,RB,,,,,
2026,4,5245,00-0034146,Troy Mangen,TE,,,,,
2026,4,7340,,Brandon Polk,WR,,,,,
2026,4,13617,,Luke Wysong,WR,,,,,
2026,4,11506,,Jalen Moreno-Cropper,WR,NO,,,,
2026,4,4029,00-0033893,Dalvin Cook,RB,,,,,
2026,4,12797,,Ahmani Marshall,RB,CAR,,,,
2026,4,7890,,Javon McKinley,WR,,,,,
2026,4,13750,,TJ Harden,RB,,,,,
2026,4,5374,00-0034386,Justin Watson,WR,,,,,
2026,4,11619,,Ja'Lynn Polk,WR,,,NA,,
2026,4,11982,,Isaiah Washington,WR,,,,,
2026,4,7574,,Larry Rountree,RB,,,,,
2026,4,4033,00-0033885,David Njoku,TE,LAC,,IR,,4
2026,4,13621,,Dillon Bell,WR,MIN,,,,
2026,4,4152,00-0033951,Marlon Mack,RB,,,,,
2026,4,12799,,Bryson Green,WR,,,,,
2026,4,3497,,Darion Griswold,TE,,,,,
2026,4,4595,00-0033747,Dontez Ford,WR,,,,,
2026,4,4360,00-0033412,Fred Ross,WR,,,,,
2026,4,4670,00-0033706,Artavis Scott,WR,,,,,
2026,4,13873,,Sam Scott,RB,,,,,
2026,4,13861,,Daniel Sobkowicz,WR,HOU,,,,
2026,4,13777,,Ademola Faleye,TE,,,,,
2026,4,9491,,Ty Scott,WR,,,,,
2026,4,14082,,Alex Tecza,RB,,,,,
2026,4,7502,,Dominique Dafney,TE,,,,,
2026,4,7464,,Connor Slomka,RB,,,,,
2026,4,2582,,Cole Stoudt,QB,,,,,
2026,4,7549,,CJ Marable,RB,,,,,
2026,4,13783,,Raylen Sharpe,WR,,,,,
2026,4,13663,,Wesley Grimes,WR,SF,,,,
2026,4,12361,,Aeneas Dennis,QB,,,,,
2026,4,12889,,Beaux Collins,WR,ATL,,IR,,8
2026,4,12256,,Baylor Cupp,TE,,,,,
2026,4,7233,,Andre Baccellia,WR,,,Questionable,,
2026,4,587,00-0027215,Logan Paulsen,TE,,,,,
2026,4,7985,,Pro Wells,TE,,,,,
2026,4,6960,,Tyler Johnson,WR,NYJ,,,,
2026,4,11068,,Mitchell Tinsley,WR,CIN,,,,
2026,4,1215,00-0029572,Jarius Wright,WR,,,,,
2026,4,4252,00-0033471,Isaiah Ford,WR,,,,,
2026,4,3300,00-0032940,DeAndre Washington,RB,,,,,
2026,4,7334,,Earnest Edwards,WR,,,,,
2026,4,3917,00-0033143,Kendal Thompson,WR,,,,,
2026,4,11245,,Patrick Murtagh,TE,,,,,
2026,4,8885,,Tucker Fisk,TE,,,,,
2026,4,13981,,Kolbe Katsis,WR,DEN,,,,
2026,4,6549, 00-0035401,Damion Willis,WR,,,,,
2026,4,3895,00-0033094,Marvin Hall,WR,,,,,
2026,4,11640,,Jermaine Burton,WR,,,,,
2026,4,13541,,Lewis Bond,WR,HOU,,,,
2026,4,11284,,Cody Chrest,WR,,,,,
2026,4,13913,,Patrick Gurd,TE,LV,,,,
2026,4,12738,,Phil Mafah,RB,NYG,,,,
2026,4,6387, 00-0035621,Nsimba Webster,WR,,,,,
2026,4,3402,,Zac Brooks,RB,,,,,
2026,4,9496,,Sam James,WR,,,,,
2026,4,4139,00-0033937,Amara Darboh,WR,,,,,
2026,4,7217,,Trevontae Hights,WR,,,,,
2026,4,7475,,Napoleon Maxwell,RB,,,,,
2026,4,3596,,Kivon Cartwright,TE,,,,,
2026,4,11070,,Kazmeir Allen,WR,,,,,
2026,4,6468, 00-0035078,Matthew Eaton,WR,,,,,
2026,4,8155,,Breece Hall,RB,NYJ,,Out,,2
2026,4,8175,,Reggie Roberson,WR,,,,,
2026,4,2934,,Jonathon Rumph,WR,,,,,
2026,4,6814,,Laviska Shenault,WR,,,,,
2026,4,6939,,Binjimen Victor,WR,,,,,
2026,4,7172,,Mikey Daniel,RB,,,,,
2026,4,13879,,Jameson Geers,TE,ARI,,IR,,7
2026,4,12760,,Rashod Owens,WR,,,,,
2026,4,4320,,James Quick,WR,,,,,
2026,4,13437,,Noah Whittington,RB,HOU,,,,
2026,4,2576,,Cody Fajardo,QB,,,,,
2026,4,2870,,Ray Hamilton,TE,,,,,
2026,4,3893, 00-0033092,Reece Horn,WR,,,,,
2026,4,4411,,R.J. Shelton,WR,,,,,
2026,4,12935,,Jakobie Keeney-James,WR,,,,,
2026,4,11913,,Devron Harper,WR,,,,,
2026,4,6992,,Michael Warren,RB,DET,,,,
2026,4,12972,,Roc Taylor,WR,,,,,
2026,4,2325,00-0031549,Nelson Agholor,WR,,,,,
2026,4,1567,00-0030525,Tavon Austin,WR,,,,,
2026,4,5597,00-0034697,Brogan Roback,QB,,,,,
2026,4,7135,,Freddie Swain,WR,,,,,
2026,4,6139, 00-0035671,Jace Sternberger,TE,,,,,
2026,4,7401,,Khalil Tate,WR,,,,,
2026,4,3630,,Durron Neal,WR,,,,,
2026,4,12762,,Payton Thorne,QB,,,,,
2026,4,13949,,Damon Bankston,RB,GB,,,,
2026,4,14064,,Roydell Williams,RB,,,,,
2026,4,2730,,Kenneth Harper,RB,,,,,
2026,4,2962,,Zach D'Orazio,WR,,,,,
2026,4,5638,,Shaq Roland,WR,CHI,,,,
2026,4,8038,,Nick Guggemos,TE,,,,,
2026,4,12433,,Ben Bryant,QB,,,,,
2026,4,13125,,Micah Bernard,RB,,,,,
2026,4,4647,00-0033720,Colin Thompson,TE,,,,,
2026,4,8166,,Dontario Drummond,WR,,,,,
2026,4,13005,,Anthony Torres,TE,,,Questionable,,
2026,4,5278,00-0034205,Jarvion Franklin,RB,,,,,
2026,4,11962,,Tayvion Robinson,WR,,,,,
2026,4,7560,,Pooka Williams,RB,,,,,
2026,4,13194,,Key'Shawn Smith,WR,,,,,
2026,4,3306,00-0032780,Jordan Howard,RB,,,,,
2026,4,13312,,Josh Kattus,TE,,,,,
2026,4,8581,,Trevon Bradford,WR,,,,,
2026,4,4779,,Bra'Lon Cherry,WR,,,,,
2026,4,8840,,Cole Fotheringham,TE,,,,,
2026,4,7545,,Marlon Williams,WR,,,,,
2026,4,5873, 00-0035590,Riley Ridley,WR,,,,,
2026,4,4494,,Alonzo Moore,WR,,,,,
2026,4,7424,,Anthony Jones,RB,,,,,
2026,4,5124,00-0034732,Alex McGough,QB,,,,,
2026,4,4741,00-0034011,Dan Arnold,TE,,,,,
2026,4,7080,,Omar Bayless,WR,,,,,
2026,4,6713, 00-0035706,Jamarius Way,WR,,,,,
2026,4,11415,,Tanner Taula,TE,,,,,
2026,4,12074,,Talik Keaton,WR,,,,,
2026,4,13143,,Dymere Miller,WR,,,,,
2026,4,6913,,Joe Reed,WR,,,,,
2026,4,12129,,Jalon Calhoun,WR,,,,,
2026,4,11820,,Devin Culp,TE,TB,,,,
2026,4,13743,,Joseph Manjack,WR,,,,,
2026,4,5000,00-0034681,Chase Edmonds,RB,,,,,
2026,4,4727,,Mitchell Paige,WR,,,,,
2026,4,8757,,Rodney Williams,TE,,,,,
2026,4,7741,,Caleb Huntley,RB,,,,,
2026,4,11115,,Terrell Bynum,WR,,,,,
2026,4,4998,00-0034370,DaeSean Hamilton,WR,,,,,
2026,4,5241,00-0034132,Christian Blake,WR,,,,,
2026,4,2602,00-0031972,Darius Jennings,WR,,,,,
2026,4,4936,,Skyler Howard,QB,SEA,,,,
2026,4,7091,,Aaron Parker,WR,,,,,
2026,4,9759,,C.J. Johnson,WR,,,,,
2026,4,2334,00-0032208,Phillip Dorsett,WR,,,,,
2026,4,1987,00-0031431,Marqise Lee,WR,,,,,
2026,4,12189,,Xavier White,WR,,,,,
2026,4,11192,,Malik Flowers,WR,,,,,
2026,4,3957,,Blake Sims,QB,,,,,
2026,4,8876,,Kevin Kassis,WR,,,,,
2026,4,12515,,Donovan Edwards,RB,,,,,
2026,4,6233, 00-0035436,Matt Sokol,TE,,,,,
2026,4,11530,,Nick Williams,WR,,,,,
2026,4,10216,,Kenny McIntosh,RB,,,,,
2026,4,12859,,Nate Noel,RB,,,,,
2026,4,2910,,Tyler Rutenbeck,WR,,,,,
2026,4,6231, 00-0035161,John Lovett,QB,,,,,
2026,4,4917,,Daryl Virgies,RB,,,,,
2026,4,3309,00-0032782,Wendell Smallwood,RB,WAS,,,,
2026,4,3242,00-0033118,Kenyan Drake,RB,,,,,
2026,4,8721,,De'Montre Tuggle,RB,,,,,
2026,4,5697,,Zach Olstad,RB,,,,,
2026,4,13412,,Kendrick Law,WR,DET,,IR,,8
2026,4,4787,,Jordan Westerkamp,WR,,,,,
2026,4,6700,,Marcelias Sutton,RB,,,,,
2026,4,6832,,Kalija Lipscomb,WR,,,,,
2026,4,7038,,Darius Anderson,RB,,,,,
2026,4,4401,00-0033417,Damore'ea Stringfellow,WR,,,,,
2026,4,11283,,Darius Hagans,RB,,,,,
2026,4,6372, 00-0035494,Xavier Turner,RB,,,,,
2026,4,8058,,Nate McCrary,RB,,,,,
2026,4,1077,00-0029269,Travis Benjamin,WR,,,,,
2026,4,3371,00-0033049,Darius Jackson,RB,,,,,
2026,4,2251,00-0031260,Logan Thomas,TE,,,,,
2026,4,4234,00-0033591,Noah Brown,WR,,,,,
2026,4,11223,,John Hall,WR,,,,,
2026,4,4504,,John Robinson-Woodgett,RB,,,,,
2026,4,5385,00-0034472,Alec Bloom,TE,,,,,
2026,4,663,00-0022943,Benjamin Watson,TE,,,,,
2026,4,4910,,Quincy McDuffie,WR,,,,,
2026,4,6744,00-0033733,Greg Ward,WR,,,,,
2026,4,14026,,DJ Herman,RB,MIA,1.01,,,3
2026,5,12514,,Emeka Egbuka,WR,TB,10.07,,,1
2026,5,13308,,Bauer Sharp,TE,TB,0.11,,,3
2026,5,6786,,CeeDee Lamb,WR,DAL,19.63,,,1
2026,5,7567,,Kenny Gainwell,RB,TB,9.47,,,2
2026,5,7588,,Javonte Williams,RB,DAL,18.5,,,1
2026,5,8917,,KaVontae Turpin,WR,DAL,2.5,,,4
2026,5,10227,,Payne Durham,TE,TB,0.21,,,2
2026,5,11584,,Bucky Irving,RB,TB,15.59,,,1
2026,5,3294,00-0033077,Dak Prescott,QB,DAL,19.49,,,1
2026,5,8110,,Jake Ferguson,TE,DAL,8.87,,,1
2026,5,13317,,Ted Hurst,WR,TB,5.49,,,3
2026,5,10225,,Jonathan Mingo,WR,DAL,0.32,,,5
2026,5,11783,,Ryan Flournoy,WR,DAL,7.96,,,3
2026,5,4037,00-0033921,Chris Godwin,WR,TB,9.88,,,2
2026,5,8137,,George Pickens,WR,DAL,13.14,,,2
2026,5,11593,,Brevyn Spann-Ford,TE,DAL,1.29,,,2
2026,5,11994,,Kameron Johnson,WR,TB,0.5,,,5
2026,5,13425,,Jalon Daniels,QB,TB,15.18,,,1
2026,5,8111,,Cade Otton,TE,TB,8.26,,,1
2026,5,9506,,Sean Tucker,RB,TB,1.14,,,3
2026,5,10871,,Luke Schoonmaker,TE,DAL,1.34,,,3
2026,5,12485,,Tez Johnson,WR,TB,3.55,,,4
2026,5,8207,,Tyler Goodson,RB,DAL,4.01,,,2
2026,5,8484,,Ko Kieft,TE,TB,0.05,Out,,4
2026,5,10232,,Michael Wilson,WR,ARI,16.05,,,1
2026,5,11056,,Jared Wayne,WR,HOU,2.12,,,
2026,5,11304,,E.J. Jenkins,TE,PHI,0.47,,,2
2026,5,11574,,Dylan Laube,RB,LV,0.46,,,4
2026,5,11592,,Erick All,TE,CIN,1.58,,,3
2026,5,11596,,Ben Sinnott,TE,WAS,1.0,,,3
2026,5,11597,,Theo Johnson,TE,NYG,3.2,,,2
2026,5,11603,,AJ Barner,TE,SEA,8.81,,,1
2026,5,11604,,Brock Bowers,TE,LV,15.5,,,1
2026,5,11629,,Devontez Walker,WR,BAL,3.71,,,3
2026,5,11643,,Jaylen Wright,RB,MIA,5.25,,,2
2026,5,1166,00-0029604,Kirk Cousins,QB,LV,14.74,,,1
2026,5,11762,,Anthony Gould,WR,IND,0.21,,,5
2026,5,11834,,Devaughn Vele,WR,NO,9.76,,,2
2026,5,12467,,Jordan James,RB,SF,0.34,Out,,6
2026,5,12474,,Woody Marks,RB,HOU,8.84,,,2
2026,5,12489,,RJ Harvey,RB,DEN,11.71,,,2
2026,5,12493,,Oronde Gadsden,TE,LAC,5.64,,,1
2026,5,12497,,Tory Horton,WR,SEA,3.63,,,4
2026,5,12498,,Mason Taylor,TE,NYJ,1.79,Out,,4
2026,5,12506,,Harold Fannin,TE,CLE,10.97,,,1
2026,5,12518,,Tyler Warren,TE,IND,11.17,,,1
2026,5,12519,,Luther Burden,WR,CHI,11.3,,,1
2026,5,12533,,Jacory Croskey-Merritt,RB,WAS,8.93,,,1
2026,5,12543,,Tahj Brooks,RB,CIN,0.62,,,3
2026,5,12545,,Tyler Shough,QB,NO,15.51,,,1
2026,5,12634,,Jordan Watkins,WR,SF,1.07,,,4
2026,5,13150,,Darius Cooper,WR,PHI,0.47,,,3
2026,5,13268,,Elijah Sarratt,WR,BAL,1.85,,,5
2026,5,13287,,Jeremiyah Love,RB,ARI,12.65,Questionable,,1
2026,5,13298,,KC Concepcion,WR,CLE,9.82,,,2
2026,5,13311,,Chris Bell,WR,MIA,6.67,,,2
2026,5,13322,,Sam Roush,TE,CHI,2.04,,,3
2026,5,13338,,Kevin Coleman,WR,MIA,3.07,,,3
2026,5,13411,,Zavion Thomas,WR,CHI,0.77,,,5
2026,5,13420,,Bryce Lance,WR,NO,2.87,,,3
2026,5,13434,,Will Kacmarek,TE,MIA,1.39,,,2
2026,5,13477,,Colbie Young,WR,CIN,0.67,Out,,6
2026,5,13491,,Kaden Wetjen,WR,PIT,0.16,,,6
2026,5,13533,,Barion Brown,WR,NO,0.49,,,4
2026,5,13825,,Malik McClain,WR,NYJ,0.2,,,3
2026,5,3155,00-0032951,Laquon Treadwell,WR,IND,2.52,,,2
2026,5,3269,00-0032398,Chris Moore,WR,BAL,0.19,Out,,6
2026,5,4017,00-0033537,Deshaun Watson,QB,CLE,14.72,,,1
2026,5,4039,00-0033908,Cooper Kupp,WR,SEA,6.44,,,3
2026,5,4054,00-0033217,Mo Alie-Cox,TE,IND,0.92,,,3
2026,5,4066,00-0033881,Evan Engram,TE,DEN,5.22,,,1
2026,5,4995,00-0034365,Ian Thomas,TE,LV,0.53,,,3
2026,5,5001,00-0034383,Dalton Schultz,TE,HOU,8.56,,,1
2026,5,5086,00-0034272,Marquez Valdes-Scantling,WR,LAC,0.7,,,4
2026,5,5133,00-0034439,Tyler Conklin,TE,DET,0.37,Out,,3
2026,5,5870, 00-0035710,Daniel Jones,QB,IND,13.52,,,1
2026,5,6130, 00-0035250,Devin Singletary,RB,NYG,,Out,,5
2026,5,6271, 00-0035208,Olamide Zaccheaus,WR,ATL,3.23,,,3
2026,5,6797,,Justin Herbert,QB,LAC,14.61,,,1
2026,5,6847,,Devin Duvernay,WR,ARI,0.22,,,5
2026,5,7021,,Rico Dowdle,RB,PIT,10.13,Out,,4
2026,5,7039,,Cody White,WR,LV,6.7,,,3
2026,5,7090,,Darnell Mooney,WR,NYG,4.54,,,3
2026,5,7523,,Trevor Lawrence,QB,JAX,18.01,,,1
2026,5,7536,,Quintin Morris,TE,JAX,0.46,,,4
2026,5,7564,,Ja'Marr Chase,WR,CIN,17.44,Out,,2
2026,5,7602,,Kylen Granson,TE,TEN,0.16,Out,,3
2026,5,7611,,Rhamondre Stevenson,RB,NE,13.04,,,1
2026,5,7757,,Ben Skowronek,WR,PIT,0.27,,,5
2026,5,8130,,Trey McBride,TE,ARI,18.09,,,1
2026,5,8146,,Garrett Wilson,WR,NYJ,14.96,,,1
2026,5,8154,,Brian Robinson,RB,ATL,5.25,,,2
2026,5,8155,,Breece Hall,RB,NYJ,13.29,Out,,5
2026,5,8200,,Kevin Austin,WR,NO,0.09,,,5
2026,5,8219,,Jelani Woods,TE,NYJ,0.2,,,3
2026,5,8676,,Rashid Shaheed,WR,SEA,6.79,,,2
2026,5,9224,,Chase Brown,RB,CIN,17.57,,,1
2026,5,9480,,Brenton Strange,TE,JAX,9.69,,,1
2026,5,9494,,Marvin Mims,WR,DEN,3.66,,,4
2026,5,9501,,DeMario Douglas,WR,NE,3.88,,,3
2026,5,9504,,Kayshon Boutte,WR,HOU,5.87,,,3
2026,5,9757,,Kendre Miller,RB,NO,8.33,,,2
2026,5,10234,,Derius Davis,WR,LAC,0.22,,,5
2026,5,10235,,Roschon Johnson,RB,CHI,1.81,,,3
2026,5,10859,,Sam LaPorta,TE,DET,12.9,,,1
2026,5,11433,,Nate Adkins,TE,DEN,1.83,,,3
2026,5,11439,,Jaleel McLaughlin,RB,CLE,1.72,,,3
2026,5,11559,,Michael Penix,QB,ATL,14.68,,,1
2026,5,11566,,Jayden Daniels,QB,WAS,17.15,Out,,2
2026,5,11620,,Rome Odunze,WR,CHI,9.3,,,2
2026,5,11630,,Roman Wilson,WR,PIT,6.25,,,3
2026,5,11729,,Sione Vaki,RB,DET,4.16,,,2
2026,5,12389,,Hayden Rucci,TE,LAC,0.09,,,2
2026,5,12481,,Cam Skattebo,RB,NYG,12.78,,,1
2026,5,12496,,Tai Felton,WR,MIN,0.97,,,3
2026,5,12521,,Elijah Arroyo,TE,SEA,1.12,,,2
2026,5,12542,,Efton Chism,WR,NE,3.67,,,5
2026,5,12544,,LeQuint Allen,RB,JAX,2.07,,,4
2026,5,12699,,LaJohntay Wester,WR,BAL,0.21,,,4
2026,5,12700,,Gavin Bartholomew,TE,MIN,1.47,,,2
2026,5,13079,,Jahdae Walker,WR,CHI,1.49,,,4
2026,5,13274,,Germie Bernard,WR,PIT,3.72,,,4
2026,5,13277,,CJ Donaldson,RB,NO,3.14,,,3
2026,5,13282,,Jack Endries,TE,CIN,0.13,,,5
2026,5,13307,,Marlin Klein,TE,HOU,1.77,Out,,6
2026,5,13324,,Matt Hibner,TE,BAL,2.76,,,2
2026,5,13330,,Kenyon Sadiq,TE,NYJ,8.13,,,1
2026,5,13333,,Deion Burks,WR,IND,0.19,,,4
2026,5,13421,,Eli Raridon,TE,NE,3.25,Questionable,,2
2026,5,14026,,DJ Herman,RB,MIA,1.15,,,3
2026,5,4035,00-0033906,Alvin Kamara,RB,NO,9.05,Questionable,,1
2026,5,4147,00-0033526,Samaje Perine,RB,CIN,6.29,,,2
2026,5,4217,00-0033288,George Kittle,TE,SF,12.79,,,1
2026,5,4314,00-0033246,Johnny Mundt,TE,PHI,1.32,,,1
2026,5,4663,00-0033699,Austin Ekeler,RB,WAS,4.66,,,2
2026,5,5849, 00-0035228,Kyler Murray,QB,MIN,16.72,,,1
2026,5,5872, 00-0035719,Deebo Samuel,WR,SF,10.1,,,2
2026,5,6804,,Jordan Love,QB,GB,16.8,,,1
2026,5,7547,,Amon-Ra St. Brown,WR,DET,20.81,,,1
2026,5,7568,,Brevin Jordan,TE,HOU,0.42,,,4
2026,5,7600,,Pat Freiermuth,TE,PIT,8.44,,,1
2026,5,8112,,Drake London,WR,ATL,17.26,,,1
2026,5,8127,,Charlie Kolar,TE,LAC,3.03,Out,,4
2026,5,8168,,Skyy Moore,WR,GB,3.87,,,3
2026,5,8204,,Bo Melton,WR,GB,0.44,,,5
2026,5,8414,,Britain Covey,WR,PHI,0.13,,,5
2026,5,9479,,Darnell Washington,TE,PIT,6.17,,,2
2026,5,9488,,Jaxon Smith-Njigba,WR,SEA,23.11,,,1
2026,5,9500,,Josh Downs,WR,IND,10.69,,,1
2026,5,9508,,Tyjae Spears,RB,TEN,7.23,,,2
2026,5,9511,,Keaton Mitchell,RB,LAC,9.42,,,2
2026,5,9754,,Quentin Johnston,WR,LAC,7.73,,,1
2026,5,10212,,Josh Whyle,TE,GB,0.37,,,3
2026,5,11370,,Chris Brooks,RB,GB,6.05,Questionable,,3
2026,5,11571,,Isaiah Davis,RB,NYJ,0.75,,,2
2026,5,11576,,Braelon Allen,RB,NYJ,8.94,,,1
2026,5,11610,,Malik Washington,WR,MIA,10.66,,,1
2026,5,11617,,Malachi Corley,WR,CLE,0.21,,,5
2026,5,11650,,Luke McCaffrey,WR,WAS,0.44,Out,,7
2026,5,12499,,Elic Ayomanor,WR,TEN,5.42,,,3
2026,5,12504,,Kaleb Johnson,RB,GB,6.07,,,2
2026,5,12517,,Colston Loveland,TE,CHI,9.65,,,1
2026,5,12534,,Kyle Monangai,RB,CHI,9.73,Questionable,,2
2026,5,13285,,Malachi Fields,WR,NYG,5.61,,,2
2026,5,13294,,Makai Lemon,WR,PHI,5.47,,,2
2026,5,13319,,Oscar Delp,TE,NO,1.4,,,2
2026,5,13414,,Kaelon Black,RB,SF,2.77,,,2
2026,5,13424,,Seth McGowan,RB,IND,2.78,,,2
2026,5,1479,00-0030279,Keenan Allen,WR,IND,8.5,Out,,6
2026,5,2306,00-0031503,Jameis Winston,QB,NYG,15.15,,,1
2026,5,2359,00-0032104,Ameer Abdullah,RB,JAX,0.96,,,3
2026,5,4034,00-0033280,Christian McCaffrey,RB,SF,18.13,,,1
2026,5,4981,00-0034837,Calvin Ridley,WR,TEN,2.7,,,4
2026,5,4993,00-0034829,Mike Gesicki,TE,CIN,8.03,,,1
2026,5,5012,00-0034753,Mark Andrews,TE,BAL,9.78,,,1
2026,5,5967, 00-0035261,Tony Pollard,RB,TEN,9.48,,,1
2026,5,6001, 00-0035631,Drew Sample,TE,CIN,2.79,,,2
2026,5,6149, 00-0035535,Darius Slayton,WR,IND,0.42,Out,,7
2026,5,6588, 00-0035544,Tom Kennedy,WR,DET,0.13,,,5
2026,5,6813,,Jonathan Taylor,RB,IND,18.77,,,1
2026,5,6904,,Jalen Hurts,QB,PHI,15.47,,,1
2026,5,6931,,DeeJay Dallas,RB,MIN,2.01,,,2
2026,5,7002,,Juwan Johnson,TE,NO,10.35,,,1
2026,5,7083,,Tyler Huntley,QB,BAL,11.55,,,2
2026,5,7204,,Reggie Gilliam,RB,NE,0.28,Questionable,,4
2026,5,7525,,DeVonta Smith,WR,PHI,12.3,Out,,7
2026,5,7526,,Jaylen Waddle,WR,DEN,12.24,,,1
2026,5,7569,,Nico Collins,WR,HOU,16.76,,,1
2026,5,7716,,John Bates,TE,WAS,1.91,,,2
2026,5,7842,,Luke Farrell,TE,SF,1.79,,,2
2026,5,8119,,Jahan Dotson,WR,ATL,3.29,,,2
2026,5,8132,,Tyler Allgeier,RB,ARI,9.17,,,2
2026,5,8145,,Jeremy Ruckert,TE,NYJ,1.01,,,2
2026,5,8148,,Jameson Williams,WR,DET,11.72,,,2
2026,5,8161,,Malik Willis,QB,MIA,14.92,,,1
2026,5,8181,,Connor Heyward,RB,LV,0.91,,,3
2026,5,8208,,Tyler Badie,RB,DEN,3.31,,,3
2026,5,8250,,Tay Martin,WR,DET,0.33,,,4
2026,5,9487,,Parker Washington,WR,JAX,14.05,,,1
2026,5,96,00-0023459,Aaron Rodgers,QB,PIT,16.92,,,1
2026,5,9758,,C.J. Stroud,QB,HOU,15.36,,,1
2026,5,10213,,Tre Tucker,WR,LV,8.04,,,1
2026,5,10218,,Xavier Hutchinson,WR,HOU,2.62,,,2
2026,5,10228,,Charlie Jones,WR,NYG,0.25,,,4
2026,5,10231,,Elijah Higgins,TE,ARI,1.97,,,2
2026,5,11237,,Jacob Saylors,RB,DET,0.29,,,3
2026,5,11581,,MarShawn Lloyd,RB,GB,8.54,,,1
2026,5,11628,,Marvin Harrison,WR,ARI,5.86,,,2
2026,5,11631,,Brian Thomas,WR,JAX,6.86,,,3
2026,5,11632,,Malik Nabers,WR,NYG,14.56,,,1
2026,5,11651,,Isaac Guerendo,RB,SF,,PUP,,5
2026,5,12502,,Gunnar Helm,TE,TEN,5.1,,,1
2026,5,12503,,Isaiah Bond,WR,CLE,2.51,,,4
2026,5,12527,,Ashton Jeanty,RB,LV,16.02,,,1
2026,5,12535,,Isaac TeSlaa,WR,DET,6.19,,,3
2026,5,13346,,Denzel Boston,WR,CLE,10.69,,,1
2026,5,13347,,Demond Claiborne,RB,MIN,2.82,,,3
2026,5,13400,,Justin Joly,TE,MIA,0.48,Out,,6
2026,5,13429,,Seydou Traore,TE,MIA,0.09,,,3
2026,5,13577,,Dallen Bentley,TE,DEN,0.23,Out,,6
2026,5,2449,00-0031588,Stefon Diggs,WR,WAS,11.66,,,1
2026,5,3202,00-0032392,Austin Hooper,TE,ATL,3.3,,,2
2026,5,3634,00-0032464,Kalif Raymond,WR,CHI,7.39,,,3
2026,5,4144,00-0033858,Jonnu Smith,TE,GB,2.79,,,2
2026,5,5045,00-0034348,Courtland Sutton,WR,DEN,8.8,,,2
2026,5,5846, 00-0035640,DK Metcalf,WR,PIT,13.3,,,1
2026,5,5848, 00-0035662,Marquise Brown,WR,PHI,0.45,Out,,6
2026,5,5947, 00-0034960,Jakobi Meyers,WR,JAX,8.82,,,2
2026,5,6770,,Joe Burrow,QB,CIN,19.32,,,1
2026,5,6826,,Cole Kmet,TE,CHI,3.66,,,2
2026,5,7553,,Kyle Pitts,TE,ATL,7.72,,,1
2026,5,7571,,Rashod Bateman,WR,BAL,6.35,,,2
2026,5,8121,,Romeo Doubs,WR,NE,11.1,,,1
2026,5,8126,,Wan'Dale Robinson,WR,TEN,9.69,,,2
2026,5,8135,,Treylon Burks,WR,WAS,0.57,,,3
2026,5,8136,,Rachaad White,RB,WAS,6.43,Out,,6
2026,5,8180,,Jalen Nailor,WR,LV,4.51,Questionable,,2
2026,5,8183,,Brock Purdy,QB,SF,17.43,,,1
2026,5,8254,,Julius Chestnut,RB,TEN,0.26,,,4
2026,5,9221,,Jahmyr Gibbs,RB,DET,25.53,,,1
2026,5,9482,,Michael Mayer,TE,LV,6.81,,,2
2026,5,9509,,Bijan Robinson,RB,ATL,24.24,,,1
2026,5,9997,,Zay Flowers,WR,BAL,16.97,,,1
2026,5,10210,,Cameron Latu,TE,NE,0.44,,,3
2026,5,10219,,Chris Rodriguez,RB,JAX,5.4,,,2
2026,5,11034,,Jalen Brooks,WR,ARI,0.37,,,4
2026,5,11201,,Blake Whiteheart,TE,CLE,2.41,,,2
2026,5,11570,,Rasheen Ali,RB,BAL,0.25,,,3
2026,5,11577,,Will Shipley,RB,PHI,6.83,,,2
2026,5,11599,,Cade Stover,TE,HOU,0.86,,,3
2026,5,11608,,Isaiah Williams,WR,NYJ,6.69,,,2
2026,5,11625,,Adonai Mitchell,WR,NYJ,6.36,Out,,7
2026,5,11635,,Ladd McConkey,WR,LAC,7.91,Out,,2
2026,5,11647,,Kimani Vidal,RB,LAC,5.34,,,3
2026,5,11716,,Tip Reiman,TE,ARI,0.57,PUP,,5
2026,5,11942,,Colson Yankoff,TE,WAS,0.66,,,4
2026,5,12490,,Bhayshul Tuten,RB,JAX,12.63,,,1
2026,5,12495,,Ollie Gordon,RB,MIA,13.01,,,1
2026,5,12509,,Tre' Harris,WR,LAC,8.48,,,3
2026,5,12512,,Quinshon Judkins,RB,CLE,11.47,,,1
2026,5,12536,,Jaylin Noel,WR,HOU,6.43,,,4
2026,5,12540,,Chimere Dike,WR,TEN,1.94,,,5
2026,5,13075,,Myles Price,WR,MIN,0.1,,,4
2026,5,13264,,Dohnte Meyers,WR,CIN,6.7,,,3
2026,5,13279,,Carnell Tate,WR,TEN,12.26,,,1
2026,5,13296,,Caleb Douglas,WR,MIA,7.18,Out,,9
2026,5,13305,,Mike Washington,RB,LV,5.34,,,2
2026,5,13320,,Zachariah Branch,WR,ATL,3.38,,,4
2026,5,1339,00-0030061,Zach Ertz,TE,PHI,2.74,,,
2026,5,13394,,Josh Cameron,WR,JAX,3.4,,,4
2026,5,13405,,Kaytron Allen,RB,WAS,1.7,,,3
2026,5,13516,,Max Bredeson,RB,MIN,0.1,,,4
2026,5,2216,00-0031408,Mike Evans,WR,SF,13.64,,,1
2026,5,3198,00-0032764,Derrick Henry,RB,BAL,18.04,,,1
2026,5,3257,00-0033119,Jacoby Brissett,QB,ARI,18.17,,,1
2026,5,4177,00-0033555,Mack Hollins,WR,NE,8.95,Questionable,,2
2026,5,4866,00-0034844,Saquon Barkley,RB,PHI,8.61,Out,,1
2026,5,4943,00-0034869,Sam Darnold,QB,SEA,16.71,,,1
2026,5,5008,00-0034798,Durham Smythe,TE,BAL,0.78,Out,,3
2026,5,5022,00-0034351,Dallas Goedert,TE,PHI,8.49,Out,,4
2026,5,5409,00-0034613,Tanner Hudson,TE,CIN,1.77,,,4
2026,5,5844, 00-0035229,T.J. Hockenson,TE,MIN,9.82,,,1
2026,5,5892, 00-0035685,David Montgomery,RB,HOU,13.1,,,1
2026,5,5927, 00-0035659,Terry McLaurin,WR,WAS,10.46,Out,,5
2026,5,6427, 00-0035021,Ashton Dulin,WR,IND,2.28,,,3
2026,5,6783,,Jerry Jeudy,WR,CLE,3.02,,,3
2026,5,6869,,Adam Trautman,TE,DEN,1.81,,,2
2026,5,7587,,Dyami Brown,WR,WAS,0.78,,,4
2026,5,7596,,Elijah Moore,WR,PHI,0.27,,,4
2026,5,7607,,Michael Carter,RB,TEN,0.13,Out,,5
2026,5,8117,,Jalen Tolbert,WR,MIA,0.86,,,5
2026,5,8131,,Isaiah Likely,TE,NYG,11.94,,,1
2026,5,8144,,Chris Olave,WR,NO,16.34,,,1
2026,5,8210,,Chig Okonkwo,TE,WAS,7.59,,,1
2026,5,8228,,Jaylen Warren,RB,PIT,15.07,,,1
2026,5,9484,,Tucker Kraft,TE,GB,10.77,,,1
2026,5,9756,,Jordan Addison,WR,MIN,8.41,,,1
2026,5,11068,,Mitch Tinsley,WR,CIN,4.27,,,4
2026,5,11256,,Tyson Bagent,QB,CHI,13.97,,,1
2026,5,11435,,Emanuel Wilson,RB,SEA,12.2,,,1
2026,5,11563,,Bo Nix,QB,DEN,17.64,,,1
2026,5,11564,,Drake Maye,QB,NE,19.31,,,1
2026,5,11616,,Jacob Cowing,WR,SF,3.11,,,3
2026,5,11627,,Troy Franklin,WR,DEN,7.15,,,3
2026,5,11655,,Tyrone Tracy,RB,NYG,0.93,,,3
2026,5,12048,,George Holani,RB,SEA,6.86,,,2
2026,5,12079,,Treyton Welch,TE,NO,0.26,,,5
2026,5,12472,,Raheim Sanders,RB,CLE,5.62,,,2
2026,5,12491,,Corey Kiner,RB,NE,0.59,,,3
2026,5,12501,,Matthew Golden,WR,GB,12.66,,,2
2026,5,12507,,Omarion Hampton,RB,LAC,9.35,,,1
2026,5,12522,,Cam Ward,QB,TEN,12.73,,,1
2026,5,12529,,TreVeyon Henderson,RB,NE,10.5,,,2
2026,5,12547,,Kyle Williams,WR,NE,1.5,,,4
2026,5,13273,,Josh Cuevas,TE,BAL,0.88,,,4
2026,5,13288,,Nicholas Singleton,RB,TEN,1.37,,,3
2026,5,13299,,Nate Boerkircher,TE,JAX,1.34,,,2
2026,5,13301,,Antonio Williams,WR,WAS,6.84,,,2
2026,5,13329,,Malik Benson,WR,LV,0.85,,,4
2026,5,13380,,Brenen Thompson,WR,LAC,0.81,Out,,9
2026,5,13408,,Tanner Koziol,TE,JAX,1.15,,,3
2026,5,13433,,Riley Nowakowski,TE,PIT,0.23,,,3
2026,5,13580,,Carsen Ryan,TE,CLE,0.2,,,3
2026,5,1373,00-0030565,Geno Smith,QB,NYJ,13.75,,,1
2026,5,2197,00-0031236,Brandin Cooks,WR,SF,0.92,,,5
2026,5,3048,00-0031484,Chris Manhertz,TE,NYG,0.32,,,3
2026,5,3163,00-0033106,Jared Goff,QB,DET,21.39,,,1
2026,5,3214,00-0033090,Hunter Henry,TE,NE,9.39,,,1
2026,5,4189,00-0033576,Eric Saubert,TE,SEA,1.27,,,3
2026,5,4199,00-0033293,Aaron Jones,RB,MIN,13.98,,,1
2026,5,4454,00-0033307,Kendrick Bourne,WR,ARI,6.76,,,3
2026,5,4602,00-0033757,Robert Tonyan,TE,PIT,0.08,,,3
2026,5,4718,00-0033854,Dare Ogunbowale,RB,HOU,0.18,,,3
2026,5,5985, 00-0034981,Foster Moreau,TE,HOU,3.01,,,2
2026,5,5995, 00-0034975,Justice Hill,RB,BAL,6.19,,,2
2026,5,6012, 00-0035594,Travis Homer,RB,PIT,0.61,,,2
2026,5,6790,,D'Andre Swift,RB,CHI,14.76,,,1
2026,5,6794,,Justin Jefferson,WR,MIN,16.3,Out,,5
2026,5,6801,,Tee Higgins,WR,CIN,13.18,Questionable,,1
2026,5,6806,,J.K. Dobbins,RB,DEN,9.13,,,1
2026,5,6819,,Michael Pittman,WR,PIT,8.09,,,2
2026,5,7049,,Jauan Jennings,WR,MIN,3.32,,,2
2026,5,7075,,Charlie Woerner,TE,ATL,0.43,,,3
2026,5,7528,,Najee Harris,RB,NYG,6.78,,,2
2026,5,7720,,Kene Nwangwu,RB,NYJ,0.11,,,4
2026,5,7891,,Brock Wright,TE,DET,1.34,,,2
2026,5,8167,,Christian Watson,WR,GB,15.28,,,1
2026,5,8172,,Greg Dulcich,TE,MIA,6.54,,,1
2026,5,8225,,Daniel Bellinger,TE,TEN,2.01,,,2
2026,5,8489,,Drew Ogletree,TE,IND,0.63,,,2
2026,5,8527,,Dareke Young,WR,LV,0.48,,,5
2026,5,9486,,Dontayvion Wicks,WR,PHI,7.69,,,1
2026,5,10214,,Davis Allen,TE,LAR,1.05,,,2
2026,5,11623,,Jordan Whittington,WR,LAR,1.75,,,4
2026,5,421,00-0026498,Matthew Stafford,QB,LAR,18.46,,,1
2026,5,4983,00-0034827,DJ Moore,WR,BUF,9.6,Questionable,,1
2026,5,9493,,Puka Nacua,WR,LAR,20.6,,,1
2026,5,11586,,Blake Corum,RB,LAR,7.14,,,2
2026,5,11637,,Keon Coleman,WR,BUF,9.15,,,3
2026,5,12718,,Konata Mumpfield,WR,LAR,1.85,Questionable,,3
2026,5,3271,00-0033110,Tyler Higbee,TE,LAR,9.1,,,1
2026,5,8150,,Kyren Williams,RB,LAR,18.68,,,1
2026,5,11575,,Ray Davis,RB,BUF,0.93,,,3
2026,5,12658,,Jackson Hawes,TE,BUF,0.8,,,3
2026,5,5970, 00-0035500,Greg Dortch,WR,BUF,0.65,,,5
2026,5,6039, 00-0035537,Ty Johnson,RB,BUF,5.03,,,2
2026,5,7562,,Tutu Atwell,WR,LAR,0.1,,,5
2026,5,7670,,Joshua Palmer,WR,BUF,5.01,,,4
2026,5,13402,,Skyler Bell,WR,BUF,0.27,Out,,9
2026,5,2133,00-0031381,Davante Adams,WR,LAR,15.8,,,2
2026,5,4984,00-0034857,Josh Allen,QB,BUF,22.06,,,1
2026,5,6865,,Colby Parkinson,TE,LAR,4.33,Out,,4
2026,5,10236,,Dalton Kincaid,TE,BUF,10.22,,,1
2026,5,13315,,Dean Connors,RB,LAR,0.18,,,3
2026,5,8134,,Khalil Shakir,WR,BUF,9.89,,,2
2026,5,13278,,Max Klare,TE,LAR,0.11,,,3
2026,5,5906, 00-0035689,Dawson Knox,TE,BUF,3.2,,,2
2026,5,8138,,James Cook,RB,BUF,15.38,,,1
2026,5,6462, 00-0035057,Ellis Richardson,TE,,,,,
2026,5,7926,,Carl Tucker,TE,,,,,
2026,5,1408,00-0030496,Le'Veon Bell,RB,,,,,
2026,5,8074,,Matt Seybert,TE,,,,,
2026,5,13175,,Kinkead Dent,QB,,,,,
2026,5,2801,00-0031511,DeAndrew White,WR,,,,,
2026,5,7918,,A.J. Rose,RB,,,,,
2026,5,5428,,Ricky Jeune,WR,,,,,
2026,5,13221,,Brett Gabbert,QB,,,,,
2026,5,11522,,Jerome Kapp,WR,,,,,
2026,5,2474,00-0031598,Nick Boyle,TE,,,,,
2026,5,8809,,Aaron Shampklin,RB,,,,,
2026,5,3342,00-0032791,Jakeem Grant,WR,,,,,
2026,5,1684,00-0030300,Jaron Brown,WR,,,,,
2026,5,6918,,Salvon Ahmed,RB,CHI,,,,
2026,5,6137, 00-0035308,Tommy Sweeney,TE,,,,,
2026,5,3561,00-0032583,Bryce Williams,TE,,,,,
2026,5,5038,00-0034764,Michael Gallup,WR,,,,,
2026,5,2023,00-0031060,De'Anthony Thomas,WR,,,,,
2026,5,11649,,Kendall Milton,RB,CIN,,,,
2026,5,13600,,Tyren Montgomery,WR,TEN,,,,
2026,5,5965, 00-0035703,Miles Boykin,WR,,,,,
2026,5,13064,,Dorian Singer,WR,,,,,
2026,5,4992,00-0034860,Dante Pettis,WR,SF,,,,
2026,5,11155,,Christian Sims,TE,,,,,
2026,5,4828,00-0034034,Rashard Davis,WR,,,,,
2026,5,4396,00-0033407,Drew Morgan,WR,,,,,
2026,5,4038,00-0033460,John Ross,WR,,,,,
2026,5,11282,,Johnny King,WR,,,,,
2026,5,3730,00-0032728,Tevin Jones,WR,,,,,
2026,5,13302,,Adam Randall,RB,BAL,,IR,,5
2026,5,5718,00-0034725,Ryan Yurachek,TE,,,,,
2026,5,3916,,David Watford,WR,,,,,
2026,5,5530,,Evan Berry,WR,,,,,
2026,5,11445,,Taylor Grimes,WR,,,,,
2026,5,5619,00-0034654,Dalyn Dawkins,RB,,,,,
2026,5,5122,00-0034414,Boston Scott,RB,,,,,
2026,5,13295,,Behren Morton,QB,NE,,Out,,3
2026,5,2320,00-0032144,Melvin Gordon,RB,,,,,
2026,5,1895,00-0031288,AJ McCarron,QB,,,,,
2026,5,11906,,Ty James,WR,,,,,
2026,5,12028,,TaMerik Williams,RB,,,,,
2026,5,3488,00-0032577,D.J. Foster,RB,,,,,
2026,5,13323,,Rahsul Faison,RB,,,,,
2026,5,12244,,DeAngelo Hardy,WR,,,,,
2026,5,1387,00-0030288,Rex Burkhead,RB,,,,,
2026,5,5143,,Demario Richard,RB,,,,,
2026,5,8410,,Jequez Ezzard,WR,,,,,
2026,5,2025,00-0030669,Albert Wilson,WR,,,,,
2026,5,12300,,Joshua Lingenfelter,TE,,,,,
2026,5,19,00-0026158,Joe Flacco,QB,CIN,,,,2
2026,5,13352,,Lincoln Pare,RB,,,Questionable,,
2026,5,12967,,Jacolby George,WR,,,,,
2026,5,14017,,Brett Weaver,TE,,,,,
2026,5,13228,,Ife Adeyi,WR,,,,,
2026,5,6459, 00-0035114,Sean Modster,WR,,,,,
2026,5,12264,,Cole Beck,WR,,,,,
2026,5,801,00-0028112,Charles Clay,TE,,,,,
2026,5,6374, 00-0035484,Drew Belcher,TE,,,,,
2026,5,7944,,Michael Strachan,WR,,,,,
2026,5,1550,00-0029857,Ryan Griffin,QB,,,,,
2026,5,13108,,Julian Fleming,WR,,,,,
2026,5,3423,00-0032688,Robbie Chosen,WR,,,,,
2026,5,12121,,Deshaun Fenwick,RB,,,,,
2026,5,3496,00-0032725,Stephen Anderson,TE,,,,,
2026,5,4813,00-0034025,Marvin Bracy,WR,,,,,
2026,5,1800,00-0031299,Jordan Matthews,TE,,,,,
2026,5,5100,00-0034400,Jordan Wilkins,RB,,,,,
2026,5,7938,,Hunter Kampmoyer,TE,,,,,
2026,5,12848,,Josh Kelly,WR,HOU,,,,
2026,5,8698,,Jake Tonges,TE,SF,,IR,,4
2026,5,3453,00-0032377,Josh Ferguson,RB,,,,,
2026,5,4385,,Kalif Phillips,RB,,,,,
2026,5,7013,,Steven Montez,QB,,,,,
2026,5,7862,,T.J. Vasher,WR,,,,,
2026,5,10233,,Max Duggan,QB,,,,,
2026,5,1517,00-0030107,Theo Riddick,RB,,,,,
2026,5,6279, 00-0035102,Brandon Dillon,TE,,,,,
2026,5,6501, 00-0035009,C.J. Conrad,TE,,,,,
2026,5,5776,00-0034861,Mark Chapman,WR,,,,,
2026,5,2948,,Brandon Cottom,RB,,,,,
2026,5,12971,,Ke'Shawn Williams,WR,CIN,,,,
2026,5,6381, 00-0035104,Alexander Hollins,WR,,,,,
2026,5,6016, 00-0035058,Dax Raymond,TE,PIT,,,,
2026,5,11157,,Brycen Tremayne,WR,CAR,,,,2
2026,5,6908,,La'Mical Perine,RB,,,,,
2026,5,4569,00-0033655,Brian Brown,WR,,,,,
2026,5,5007,00-0034366,Keke Coutee,WR,,,,,
2026,5,8116,,Pierre Strong,RB,GB,,Questionable,,
2026,5,6823,,Jacob Eason,QB,,,,,
2026,5,3648,00-0032914,Matt Weiser,TE,,,,,
2026,5,7619,,Mathew Sexton,WR,,,,,
2026,5,7555,,Jamie Newman,QB,,,,,
2026,5,13409,,Donaven McCulley,WR,,,,,
2026,5,7585,,Davis Mills,QB,HOU,,,,2
2026,5,12399,,Caleb Chapman,WR,,,,,
2026,5,14076,,Justin Jones,RB,,,,,
2026,5,8931,,Josh Ali,WR,,,,,
2026,5,8633,,Stephon Robinson,WR,,,,,
2026,5,788,00-0028087,Dion Lewis,RB,,,,,
2026,5,8241,,Anthony Brown,QB,,,,,
2026,5,5854, 00-0035704,Drew Lock,QB,SEA,,,,2
2026,5,2936,,Rasheed Williams,RB,,,,,
2026,5,3211,00-0032417,Paul Perkins,RB,,,,,
2026,5,7593,,Trey Sermon,RB,ATL,,IR,,3
2026,5,6489,,Taryn Christion,QB,,,,,
2026,5,7614,,Darius Clark,RB,,,,,
2026,5,12832,,Blayne Taylor,WR,,,,,
2026,5,12809,,Mac Dalena,WR,,,,,
2026,5,6966,,Javon Leake,RB,,,,,
2026,5,4548,00-0033630,Joel Bouagnon,RB,,,,,
2026,5,12354,,Easton Dean,TE,,,,,
2026,5,3021,,Devin Gardner,WR,,,,,
2026,5,11579,,Audric Estime,RB,MIN,,,,
2026,5,4031,,Travis Wilson,TE,,,,,
2026,5,7274,,Tyler Simmons,WR,,,,,
2026,5,5359,00-0034524,Dorren Miller,WR,,,,,
2026,5,3609,,Chris King,WR,,,,,
2026,5,11636,,Johnny Wilson,WR,PHI,,IR,,8
2026,5,5398,00-0034137,Justin Crawford,RB,,,,,
2026,5,7828,,Noah Gray,TE,KC,,,,2
2026,5,10861,,Xazavian Valladay,RB,,,,,
2026,5,4814,,De'Quan Hampton,WR,,,,,
2026,5,7397,,Parker Houston,TE,,,,,
2026,5,11557,,Joe Milton,QB,DAL,,,,
2026,5,5052,00-0034816,Ronald Jones,RB,,,,,
2026,5,4128,00-0033933,Chad Williams,WR,,,,,
2026,5,6626, 00-0035524,Isaac Zico,WR,,,,,
2026,5,13898,,Corey Rucker,WR,LV,,IR,,11
2026,5,13304,,O'Mega Blake,WR,,,,,
2026,5,3524,,Marquise Williams,QB,,,,,
2026,5,4421,00-0033387,Jacob Hollister,TE,,,,,
2026,5,12925,,Jamaal Pritchett,WR,NYJ,,,,8
2026,5,6081, 00-0035603,Kendall Blanton,TE,,,,,
2026,5,4479,,Thomas Sperbeck,WR,,,,,
2026,5,3318,00-0032784,Kevin Hogan,QB,,,,,
2026,5,5269,00-0034735,Codey McElroy,TE,,,,,
2026,5,2553,00-0032072,Rory Anderson,TE,,,,,
2026,5,4585,,Anthony Nash,WR,,,,,
2026,5,11229,,Calvin Tyler,RB,,,,,
2026,5,89,00-0026197,Chad Henne,QB,,,,,
2026,5,13906,,Jaden Nixon,RB,,,,,
2026,5,2770,,Harold Spears,TE,,,,,
2026,5,13988,,Stone Eby,TE,,,,,
2026,5,7159,,Reid Sinnett,QB,,,,,
2026,5,9231,,Jaren Hall,QB,,,,,
2026,5,7262,,Jalen Morton,QB,IND,,,,
2026,5,8442,,Jarrett Guarantano,QB,,,,,
2026,5,8194,,Jashaun Corbin,RB,,,,,
2026,5,7863,,JaQuan Hardy,RB,,,,,
2026,5,5231,00-0034549,Cole Hunt,TE,,,,,
2026,5,7407,,Isaiah Wright,WR,,,,,
2026,5,5268,00-0034557,Ben Johnson,TE,,,,,
2026,5,6075, 00-0035562,Jesper Horsted,TE,,,,,
2026,5,4697,,Khalid Abdullah,RB,,,,,
2026,5,12831,,Tyler Kahmann,WR,,,,,
2026,5,12220,,Brevin Easton,WR,,,,,
2026,5,13418,,Robert Henry,RB,SEA,,,,10
2026,5,5550,00-0034294,John David Moore,RB,,,,,
2026,5,7552,,Blake Proehl,WR,,,,,
2026,5,4733,00-0034010,Alex Gray,TE,,,,,
2026,5,3540,00-0033003,Jamaal Jones,WR,,,,,
2026,5,5024,00-0034676,James Washington,WR,,,,,
2026,5,13599,,Kyron Drones,QB,,,,,
2026,5,12413,,Hamze El-Zayat,WR,,,,,
2026,5,2304,00-0031462,Jerome Cunningham,TE,,,,,
2026,5,8070,,Travis Toivonen,WR,,,,,
2026,5,6519, 00-0035181,Darrius Shepherd,WR,,,,,
2026,5,11918,,Ahmarean Brown,WR,,,,,
2026,5,2565,,Jean Sifrin,TE,,,,,
2026,5,5809,00-0034900,Ja'Quan Gardner,RB,,,,,
2026,5,4026,00-0033899,DeShone Kizer,QB,,,,,
2026,5,1169, 00-0029665,Robert Griffin,QB,,,,,
2026,5,11598,,Tanner McLachlan,TE,,,Questionable,,
2026,5,11995,,Zack Annexstad,QB,,,,,
2026,5,11998,,Emani Bailey,RB,,,,,
2026,5,829,00-0027973,Andy Dalton,QB,PHI,,,,2
2026,5,10222,,Jayden Reed,WR,GB,,IR,,6
2026,5,7534,,Seth Williams,WR,,,,,
2026,5,2754,,Michael Johnson,WR,,,,,
2026,5,6388, 00-0035604,Romello Brooker,TE,,,,,
2026,5,2684,,Corbin Louks,WR,,,,,
2026,5,7905,,Dylan Soehner,TE,,,,,
2026,5,12284,,Michael Herzog,RB,,,,,
2026,5,11311,,Jason Brownlee,WR,,,,,
2026,5,4330,00-0033266,JoJo Natson,WR,,,,,
2026,5,6072,,Bruce Anderson,RB,,,,,
2026,5,12532,,Ja'Corey Brooks,WR,,,Questionable,,
2026,5,3278,00-0033111,Pharoh Cooper,WR,,,,,
2026,5,12981,,Gee Scott,TE,,,Questionable,,
2026,5,2581,,Jahwan Edwards,RB,,,,,
2026,5,4544,,Daikiel Shorts,WR,,,,,
2026,5,6196, 00-0035728,Christian Wade,RB,,,,,
2026,5,7794,,Chris Evans,RB,,,,,
2026,5,6323, 00-0034959,Andrew Beck,RB,NYJ,,,,3
2026,5,7606,,Kadarius Toney,WR,,,,,
2026,5,6927,,Quez Watkins,WR,,,,,
2026,5,3615,,Sione Houma,RB,,,,,
2026,5,2561,,Anthony Boone,QB,,,,,
2026,5,13246,,Jaden Smith,WR,,,,,
2026,5,2929,,Adrian Coxson,WR,,,,,
2026,5,6742,,Marquis Young,RB,,,,,
2026,5,8245,,Derrick Deese,TE,,,,,
2026,5,4061,00-0033550,Davis Webb,QB,,,,,
2026,5,13957,,Kenny Fletcher,TE,IND,,,,
2026,5,6970,,Stephen Sullivan,TE,,,,,
2026,5,8092,,Corey Taylor,RB,,,,,
2026,5,6259, 00-0035405,Darnell Holland,RB,,,,,
2026,5,12374,,Brenden Bates,TE,JAX,,,,
2026,5,2957,,Ernst Brun,TE,,,,,
2026,5,13554,,CJ Williams,WR,JAX,,Out,,9
2026,5,12866,,Jalin Conyers,TE,,,,,
2026,5,6522,,T.J. Linta,QB,,,,,
2026,5,1911,00-0030663,Willie Snead,WR,,,,,
2026,5,1034,00-0029239,Brandon Bolden,RB,,,,,
2026,5,4798,,C.J. Germany,WR,,,,,
2026,5,13270,,CJ Daniels,WR,LAR,,Out,,8
2026,5,13805,,E.J. Williams,WR,,,,,
2026,5,5808,00-0034897,Connor Jessop,QB,,,,,
2026,5,5242,00-0034133,Dontez Byrd,WR,,,,,
2026,5,5026,00-0034765,Tre'Quan Smith,WR,,,,,
2026,5,6045, 00-0035589,Gary Jennings,WR,LAC,,,,
2026,5,4821,,Jamari Staples,WR,,,,,
2026,5,13608,,Jerand Bradley,WR,,,,,
2026,5,6395, 00-0034930,Trinity Benson,WR,,,,,
2026,5,11478,,Gavin Holmes,WR,,,,,
2026,5,8549,,Trevon Clark,WR,,,,,
2026,5,11266,,Thyrick Pitts,WR,,,,,
2026,5,7608,,Khalil Herbert,RB,ATL,,,,
2026,5,6402, 00-0034928,Steven Sims,WR,,,,,
2026,5,8213,,Dai'Jean Dixon,WR,,,,,
2026,5,11226,,Tyjon Lindsey,WR,,,,,
2026,5,1587,00-0030470,Vance McDonald,TE,,,,,
2026,5,7412,,Sandro Platzgummer,RB,,,,,
2026,5,7499,,Paul Quessenberry,TE,,,,,
2026,5,9510,,Lew Nichols,RB,PIT,,,,
2026,5,4949,00-0034358,Derrius Guice,RB,,,,,
2026,5,8115,,Jalen Wydermyer,TE,,,,,
2026,5,6248, 00-0035438,Trevion Thompson,WR,,,,,
2026,5,13047,,Jacardia Wright,RB,SEA,,,,
2026,5,4508,,Gabe Marks,WR,,,,,
2026,5,12820,,Landon Parker,WR,,,,,
2026,5,11505,,David Durden,WR,,,,,
2026,5,13318,,Noah Thomas,WR,CIN,,,,
2026,5,5911, 00-0034971,Jalen Hurd,WR,,,,,
2026,5,13939,,Gabriel Benyard,WR,,,,,
2026,5,2944,00-0031744,Matt LaCosse,TE,NE,,,,
2026,5,3036,00-0031788,Matt Lengel,TE,,,,,
2026,5,6343, 00-0035077,Manny Wilkins,QB,,,,,
2026,5,5132, 00-0034081,Steven Mitchell,WR,,,,,
2026,5,6993,,Dominick Wood-Anderson,TE,,,,,
2026,5,345,00-0026625,Brian Hoyer,QB,,,,,
2026,5,6820,,Clyde Edwards-Helaire,RB,,,,,
2026,5,7008,,Brian Lewerke,QB,,,,,
2026,5,14001,,Julius Davis,RB,,,,,
2026,5,5169,,Malik Earl,WR,,,,,
2026,5,11931,,Austin Reed,QB,,,,,
2026,5,7713,,Jaelon Darden,WR,,,,,
2026,5,12333,,Dakereon Joyner,WR,,,,,
2026,5,5092,00-0034393,Troy Fumagalli,TE,,,,,
2026,5,1718,00-0029119,Derek Carrier,TE,,,,,
2026,5,6236, 00-0035212,Travon McMillian,RB,,,,,
2026,5,8905,,Travis Koontz,TE,,,,,
2026,5,12373,,Peter LeBlanc,WR,,,,,
2026,5,5290,00-0034653,Deontay Burnett,WR,,,,,
2026,5,2463,00-0032135,Jesse James,TE,,,,,
2026,5,12250,,Riley Sharp,TE,,,,,
2026,5,3568, 00-0032609,Marken Michel,WR,,,,,
2026,5,5322,00-0034284,James Looney,TE,,,,,
2026,5,8878,,Jared Scott,TE,,,,,
2026,5,4214,00-0033573,Shelton Gibson,WR,,,,,
2026,5,2391,00-0032187,David Johnson,RB,,,,,
2026,5,7064,,Darrynton Evans,RB,,,,,
2026,5,14044,,Miles Davis,RB,,,,,
2026,5,7088,,Xavier Jones,RB,,,,,
2026,5,3920,,Harvey Binford,WR,,,,,
2026,5,11947,,Austin Jones,RB,,,,,
2026,5,4710,,Gio Pascascio,WR,,,,,
2026,5,3664,00-0032602,J.D. McKissic,RB,,,,,
2026,5,4127,00-0033936,C.J. Beathard,QB,,,,,
2026,5,13431,,Miles Kitselman,TE,DET,,,,
2026,5,13310,,Miller Moss,QB,CHI,,,,
2026,5,12913,,J.J. Jones,WR,,,,,
2026,5,5957, 00-0035539,Isaac Nauta,TE,GB,,,,
2026,5,7601,,Rondale Moore,WR,,,,,
2026,5,13290,,Jalen Moss,WR,,,,,
2026,5,367,00-0027061,Jared Cook,TE,,,,,
2026,5,13154,,Marcus Major,RB,,,,,
2026,5,4630,,I'Tavius Mathers,RB,,,,,
2026,5,5196,00-0034672,Ethan Wolf,TE,,,,,
2026,5,5170,00-0034109,Phillip Lindsay,RB,,,,,
2026,5,6146, 00-0034988,Kaden Smith,TE,,,,,
2026,5,7162,,Ryan Becker,TE,,,,,
2026,5,6358, 00-0035200,Kahlil Lewis,WR,,,,,
2026,5,6768,,Tua Tagovailoa,QB,ATL,,,,3
2026,5,3531,,Marshaun Coprich,RB,,,,,
2026,5,12276,,RJ Mobley,WR,,,,,
2026,5,5004,00-0034378,Ito Smith,RB,DAL,,,,
2026,5,4923,,Rushel Shell,RB,,,,,
2026,5,12356,,Jabari Small,RB,DET,,,,
2026,5,13826,,Caullin Lacy,WR,,,Questionable,,
2026,5,2450,00-0031589,Brett Hundley,QB,,,,,
2026,5,4797,,Josh Rounds,RB,,,,,
2026,5,13905,,Omari Evans,WR,KC,,,,
2026,5,13284,,Dylan Devezin,RB,,,,,
2026,5,7538,,Zach Wilson,QB,NO,,Out,,2
2026,5,7561,,Elijah Mitchell,RB,,,Questionable,,
2026,5,7376,,Case Cookus,QB,,,,,
2026,5,5129,00-0034859,Adonis Jennings,WR,,,,,
2026,5,5828, 00-0031319,Diontae Spencer,WR,,,,,
2026,5,3209,00-0032972,Devontae Booker,RB,,,,,
2026,5,13440,,Damien Alford,WR,,,Questionable,,
2026,5,8409,,Tyler Snead,WR,,,,,
2026,5,12898,,Seth Henigan,QB,,,,,
2026,5,12950,,Robert Lewis,WR,,,,,
2026,5,7458,,Isaiah Zuber,WR,,,,,
2026,5,12475,,Ricky White,WR,SEA,,,,
2026,5,11060,,Robert Burns,RB,,,,,
2026,5,7427,,Tyler Mabry,TE,,,Questionable,,
2026,5,515,00-0027656,Rob Gronkowski,TE,,,,,
2026,5,13331,,Dae'Quan Wright,TE,,,,,
2026,5,11806,,Casey Washington,WR,CAR,,,,
2026,5,5941, 00-0035154,Felton Davis,WR,,,,,
2026,5,6068, 00-0035184,Devine Ozigbo,RB,,,,,
2026,5,6111, 00-0035100,Jake Browning,QB,,,,,
2026,5,12965,,Ethan Garbers,QB,,,,,
2026,5,5733,00-0034716,Clayton Wilson,TE,,,,,
2026,5,6018, 00-0035222,Zach Gentry,TE,,,,,
2026,5,4289,,Ishmael Zamora,WR,,,,,
2026,5,6586,,Moral Stephens,TE,,,,,
2026,5,11273,,Ben VanSumeren,RB,KC,,,,4
2026,5,5138, 00-0034099,Martez Carter,RB,,,,,
2026,5,14049,,Brandon Hayes,WR,,,,,
2026,5,13080,,Deion Hankins,RB,,,,,
2026,5,1149,00-0029137,Alshon Jeffery,WR,,,,,
2026,5,6663,,Micah Wright,WR,,,,,
2026,5,7583,,Sam Ehlinger,QB,DEN,,Out,,3
2026,5,6637, 00-0035387,Nico Evans,RB,,,,,
2026,5,2903,,Shane Carden,QB,,,,,
2026,5,7156,,J'Mar Smith,QB,,,,,
2026,5,5284,00-0034115,Jeff Wilson,RB,,,,,
2026,5,13129,,Jermaine Terry,TE,,,,,
2026,5,13438,,DeaMonte Trayanum,RB,NYJ,,,,6
2026,5,4445,00-0033441,Keon Hatcher,WR,,,,,
2026,5,6380, 00-0035101,Davion Davis,WR,,,,,
2026,5,3762,00-0032625,Brandon Shippen,WR,,,,,
2026,5,4744,,Barrett Burns,TE,BAL,,,,
2026,5,5289,00-0034652,Cameron Batson,WR,,,,,
2026,5,6019, 00-0035450,Johnnie Dixon,WR,,,,,
2026,5,2583,00-0032160,Tyrell Williams,WR,,,,,
2026,5,8575,,Erik Krommenhoek,TE,,,,,
2026,5,12810,,Elijhah Badger,WR,,,,,
2026,5,1071,00-0029632,Mohamed Sanu,WR,,,,,
2026,5,12435,,Geor'Quarius Spivey,TE,,,,,
2026,5,13916,,Xavier Loyd,WR,,,,,
2026,5,4200,00-0033291,DeAngelo Yancey,WR,,,,,
2026,5,3225,00-0033009,Tyler Boyd,WR,,,,,
2026,5,12549,,Jordan Petaia,TE,,,,,
2026,5,6260,,Jake Powell,TE,,,,,
2026,5,13973,,Keelan Marion,WR,,,,,
2026,5,13592,,Chandler Morris,QB,,,,,
2026,5,7874,,Jeremiah Haydel,WR,,,,,
2026,5,2119,,James Franklin,QB,,,,,
2026,5,11191,,Justin Marshall,WR,,,,,
2026,5,5121,00-0034419,Braxton Berrios,WR,NYG,,Out,,5
2026,5,7093,,Adrian Killins,RB,DEN,,,,
2026,5,12360,,Latreal Jones,WR,,,,,
2026,5,24,00-0026143,Matt Ryan,QB,,,,,
2026,5,2257,00-0031045,Carlos Hyde,RB,,,,,
2026,5,8236,,Jerreth Sterns,WR,,,,,
2026,5,11099,,Kearis Jackson,WR,,,,,
2026,5,5263,00-0034291,Chase Litton,QB,,,,,
2026,5,8147,,John Metchie,WR,CAR,,,,3
2026,5,9483,,Zack Kuntz,TE,,,,,
2026,5,13342,,John Michael Gyllenborg,TE,KC,,IR,,6
2026,5,5283,00-0034244,Ka'Raun White,WR,,,,,
2026,5,7956,,Cade Johnson,WR,,,,,
2026,5,13136,,Redd Douglas,WR,,,,,
2026,5,7496,,Nick Westbrook-Ikhine,WR,IND,,,,
2026,5,11224,,Griffin Hebert,TE,,,,,
2026,5,13604,,Sincere Brown,WR,,,Questionable,,
2026,5,12018,,Sam Pinckney,WR,,,,,
2026,5,5773,00-0034854,KhaDarel Hodge,WR,,,Questionable,,
2026,5,11520,,Lucky Jackson,WR,DET,,,,
2026,5,2940,,Des Lawrence,WR,,,,,
2026,5,4574,00-0033662,Cooper Rush,QB,ATL,,Out,,2
2026,5,5663,,Shane Wimann,RB,,,,,
2026,5,14047,,Heinrich Haarberg,TE,,,,,
2026,5,6205, 00-0034918,Brandon Silvers,QB,,,,,
2026,5,9998,,Hendon Hooker,QB,TEN,,,,
2026,5,8500,,John FitzPatrick,TE,CLE,,,,
2026,5,5244,00-0034141,Devin Gray,WR,,,,,
2026,5,11606,,Dallin Holker,TE,,,,,
2026,5,5137,00-0034286,Richie James,WR,,,,,
2026,5,7243,,Kevin Davidson,QB,,,,,
2026,5,8553,,Tre Ford,QB,,,,,
2026,5,12270,,Andrew Peasley,QB,,,,,
2026,5,12753,,Jamoi Mayes,WR,,,,,
2026,5,6375,,Jerome Washington,TE,,,,,
2026,5,5013,00-0034353,Anthony Miller,WR,,,,,
2026,5,6017, 00-0035475,DaMarkus Lodge,WR,,,,,
2026,5,4874,,Chris Bazile,TE,,,,,
2026,5,7858,,Brenden Knox,RB,,,,,
2026,5,2146,00-0031384,Richard Rodgers,TE,,,,,
2026,5,11561,,Michael Pratt,QB,,,,,
2026,5,7812,,Simi Fehoko,WR,ARI,,,,6
2026,5,12908,,Chandler Brayboy,WR,NE,,,,
2026,5,2114,00-0031209,Senorise Perry,RB,,,,,
2026,5,5217,00-0034619,Jason Reese,TE,,,,,
2026,5,7066,,K.J. Osborn,WR,TEN,,,,
2026,5,1979,00-0031407,Blake Bortles,QB,NO,,,,
2026,5,8008,,Josh Imatorbhebhe,WR,,,,,
2026,5,8475,,Montrell Washington,WR,,,,,
2026,5,6762,,Darion Clark,TE,,,,,
2026,5,11921,,Xavier Weaver,WR,,,Questionable,,
2026,5,260, 00-0026300,Josh Johnson,QB,CIN,,,,
2026,5,2711,00-0031800,Taylor Heinicke,QB,,,,,
2026,5,6857,,Collin Johnson,WR,,,,,
2026,5,13557,,Athan Kaliakmanis,QB,WAS,,,,4
2026,5,13846,,Jack Velling,TE,ATL,,,,
2026,5,8182,,Chase Allen,TE,,,,,
2026,5,4157,00-0033556,Tarik Cohen,RB,,,,,
2026,5,2003,00-0030670,Bennie Fowler,WR,,,,,
2026,5,12285,,Cade Peterson,QB,,,,,
2026,5,7533,,Anthony Schwartz,WR,,,,,
2026,5,7460,,Jake Burt,TE,,,,,
2026,5,1837,00-0031345,Jimmy Garoppolo,QB,,,,,
2026,5,4528,,Trevor Knight,QB,,,,,
2026,5,10220,,Will Mallory,TE,IND,,IR,,5
2026,5,12063,,Rocky Lombardi,QB,,,,,
2026,5,13249,,Thomas Gordon,TE,DET,,,,
2026,5,13128,,Rushawn Baker,RB,,,,,
2026,5,9507,,Titus Swen,RB,,,,,
2026,5,1939,,Derel Walker,WR,,,,,
2026,5,12434,,Kairee Robinson,RB,,,,,
2026,5,8205,,Isiah Pacheco,RB,DET,,IR,,4
2026,5,2713,,Josh Harper,WR,,,,,
2026,5,6342, 00-0035460,Stephen Louis,WR,,,,,
2026,5,8108,,DeVonte Dedmon,WR,,,,,
2026,5,2767,,Jawon Chisholm,RB,,,,,
2026,5,5185,00-0034521,Allen Lazard,WR,,,,,
2026,5,12197,,John Paddock,QB,,,,,
2026,5,8251,,Calvin Jackson,WR,,,,,
2026,5,2620,,Jake Heaps,QB,,,,,
2026,5,11225,,Noah Gindorff,TE,,,,,
2026,5,4491,00-0033481,Marcus Kemp,WR,,,,,
2026,5,5136,00-0034457,Josh Adams,RB,,,,,
2026,5,3500,00-0032716,Devon Cajuste,WR,,,,,
2026,5,6737, 00-0035740,Micky Crum,TE,,,,,
2026,5,11232,,Isaiah Winstead,WR,,,,,
2026,5,13975,,Le'Meke Brockington,WR,,,Questionable,,
2026,5,12239,,Peewee Jarrett,QB,,,,,
2026,5,4785,00-0033641,Kermit Whitfield,WR,,,,,
2026,5,11046,,Colton Dowell,WR,,,,,
2026,5,6288, 00-0035296,Marcus Green,WR,,,,,
2026,5,6320, 00-0035325,Jonathan Duhart,WR,,,,,
2026,5,4082,00-0033282,Curtis Samuel,WR,,,,,
2026,5,7048,,Benny LeMay,RB,CLE,,,,
2026,5,1049,00-0029701,Ryan Tannehill,QB,,,,,
2026,5,6686,,Joe Horn,WR,,,,,
2026,5,12350,,Anthony Grant,RB,,,,,
2026,5,5703, 00-0034715,Deontez Alexander,WR,,,,,
2026,5,12976,,DeMeer Blankumsee,WR,,,,,
2026,5,3239,00-0033117,Bronson Kaufusi,TE,GB,,,,
2026,5,12311,,Daniel George,WR,,,,,
2026,5,5155,00-0034493,Corey Willis,WR,,,,,
2026,5,4184,00-0033966,Bucky Hodges,TE,,,,,
2026,5,8770,,Malik Williams,WR,,,,,
2026,5,11280,,Brady Russell,RB,SEA,,,,4
2026,5,11589,,Trey Benson,RB,ARI,,IR,,6
2026,5,5878, 00-0035624,N'Keal Harry,TE,,,,,
2026,5,3816,,Brandon Brown-Dukes,RB,,,,,
2026,5,13173,,Jimmy Holiday,WR,KC,,IR,,
2026,5,7143,,Ben DiNucci,QB,,,,,
2026,5,13749,,Kole Wilson,WR,,,,,
2026,5,10867,,Jake Bobo,WR,SEA,,IR,,6
2026,5,4046,00-0033873,Patrick Mahomes,QB,KC,,,,1
2026,5,8938,,Nathan Rourke,QB,,,,,
2026,5,3286,00-0032775,Demarcus Robinson,WR,SF,,IR,,6
2026,5,7609,,Demetric Felton,RB,,,,,
2026,5,2315,00-0032241,Todd Gurley,RB,,,,,
2026,5,4551,00-0033633,Tanner Gentry,WR,,,,,
2026,5,12524,,Shedeur Sanders,QB,CLE,,,,3
2026,5,6171, 00-0035164,Cody Thompson,WR,,,,,
2026,5,11344,,Keytaon Thompson,WR,,,,,
2026,5,956,00-0027966,Mark Ingram,RB,,,,,
2026,5,3514,00-0032997,Jake McGee,TE,,,,,
2026,5,8174,,Kevin Harris,RB,,,,,
2026,5,5462,00-0034876,Christopher Ezeala,RB,,,,,
2026,5,12235,,Marcus Riley,WR,,,,,
2026,5,4593, 00-0033745,Brandon Barnes,TE,,,,,
2026,5,5403,00-0034219,Peter Pujals,QB,,,,,
2026,5,13658,,Brady Boyd,WR,,,,,
2026,5,8177,,Grant Calcaterra,TE,PHI,,IR,,6
2026,5,13657,,Alex Bullock,WR,,,NA,,
2026,5,5293,00-0034669,Jordan Veasy,WR,,,,,
2026,5,8125,,Calvin Austin,WR,NYG,,IR,,7
2026,5,7746,,Austin Trammell,WR,JAX,,,,
2026,5,13422,,Jaren Kanak,TE,TEN,,IR,,6
2026,5,13802,,Jacob Clark,QB,,,,,
2026,5,12410,,John Jackson,WR,,,,,
2026,5,11897,,Jermaine Jackson,WR,,,,,
2026,5,8095,,Graham Adomitis,TE,,,,,
2026,5,11382,,Dontay Demus,WR,,,,,
2026,5,4794,,Tommy Armstrong Jr.,QB,,,,,
2026,5,2452,00-0031590,Jay Ajayi,RB,,,,,
2026,5,1211,00-0029587,Rhett Ellison,TE,,,,,
2026,5,7483,,Farrod Green,TE,,,,,
2026,5,6849,,Denzel Mims,WR,,,,,
2026,5,3774,00-0032689,Jason Vander Laan,TE,,,,,
2026,5,13041,,Jahmal Banks,WR,,,,,
2026,5,5884, 00-0035297,Kelvin Harmon,WR,,,,,
2026,5,5781,00-0034867,Malik Turner,WR,SF,,,,
2026,5,11262,,Damien Caffrey,TE,,,,,
2026,5,4669,00-0033705,Andre Patton,WR,,,,,
2026,5,1555,00-0030085,Kenny Stills,WR,,,,,
2026,5,12149,,Gavin Hardison,QB,,,,,
2026,5,11567,,Jordan Travis,QB,,,,,
2026,5,8660,,Leroy Watson,TE,,,,,
2026,5,6506, 00-0035176,Trayone Gray,RB,,,,,
2026,5,8699,,Cyrus Holder,WR,,,,,
2026,5,12792,,Garrett Greene,QB,TB,,,,
2026,5,812,00-0028097,Lee Smith,TE,ATL,,,,
2026,5,5609,00-0034494,Stephen Baggett,TE,,,,,
2026,5,8921,,Maurice Alexander,WR,,,,,
2026,5,12546,,Marcus Yarns,RB,,,,,
2026,5,6661, 00-0035574,Joseph Parker,WR,,,,,
2026,5,11633,,Jamari Thrash,WR,,,,,
2026,5,13964,,Myles Montgomery,RB,NE,,IR,,6
2026,5,8628,,Jontre Kirklin,WR,,,,,
2026,5,7359,,Nakia Griffin-Stewart,TE,,,,,
2026,5,6712, 00-0035701,Marcus Simms,WR,,,,,
2026,5,12246,,Mike Rigerman,TE,,,,,
2026,5,6629,,Brian Burt,WR,,,,,
2026,5,3433,00-0032543,Alex Erickson,WR,,,,,
2026,5,13189,,Luke Floriea,WR,,,,,
2026,5,8638,,Grayson Gunter,TE,,,,,
2026,5,13744,,Cameron Ross,WR,,,,,
2026,5,12868,,Montrell Johnson,RB,,,,,
2026,5,4111,00-0033925,D'Onta Foreman,RB,,,,,
2026,5,6386, 00-0035602,Alex Bachman,WR,LAR,,,,6
2026,5,12259,,Taulia Tagovailoa,QB,,,,,
2026,5,11524,,Izaiah Gathings,TE,,,,,
2026,5,2785,,Gus Johnson,RB,,,,,
2026,5,4443,00-0033439,Pharaoh Brown,TE,IND,,,,
2026,5,13088,,Quali Conley,RB,,,,,
2026,5,7078,,Tony Brown,WR,,,,,
2026,5,6448, 00-0035043,Darrin Hall,RB,,,,,
2026,5,2399,00-0032200,Ty Montgomery,RB,,,,,
2026,5,8523,,Nick Muse,TE,ATL,,,,4
2026,5,11957,,Sam Schnee,WR,,,,,
2026,5,5775,00-0034862,Jared Murphy,WR,,,,,
2026,5,5539,00-0034258,Derrick Willies,WR,,,,,
2026,5,7539,,Gerrid Doaks,RB,,,,,
2026,5,4994,00-0034799,Kalen Ballage,RB,,,,,
2026,5,1737,00-0028986,Case Keenum,QB,CHI,,,,2
2026,5,6469, 00-0035083,Davis Koppenhaver,TE,,,,,
2026,5,7624,,Carson Williams,TE,,,,,
2026,5,6247, 00-0035432,Jason Moore,WR,,,,,
2026,5,14063,,Liam Clifford,WR,,,,,
2026,5,11495,,Bryan Thompson,WR,,,,,
2026,5,7425,,Patrick Carr,RB,,,,,
2026,5,7854,,Miller Forristall,TE,,,,,
2026,5,5253,00-0034532,Jordan Franks,TE,,,,,
2026,5,1346,00-0030068,Marquise Goodwin,WR,,,,,
2026,5,2949,,Synjyn Days,RB,,,,,
2026,5,200,00-0024221,Vernon Davis,TE,,,,,
2026,5,8650,,Lujuan Winningham,WR,,,,,
2026,5,13199,,Montorie Foster,WR,SEA,,Out,,8
2026,5,12455,,Brashard Smith,RB,KC,,,,3
2026,5,4881,00-0034796,Lamar Jackson,QB,BAL,,Questionable,,1
2026,5,13632,,Devonte Ross,WR,,,,,
2026,5,13428,,Joey Aguilar,QB,JAX,,,,
2026,5,10870,,Deneric Prince,RB,,,,,
2026,5,7860,,Osirus Mitchell,WR,,,,,
2026,5,13349,,Eli Stowers,TE,PHI,,IR,,7
2026,5,11618,,Jalen McMillan,WR,TB,,IR,,7
2026,5,13430,,RJ Maryland,TE,,,Questionable,,
2026,5,167,00-0019596,Tom Brady,QB,,,,,
2026,5,4219,00-0033955,Jeremy McNichols,RB,WAS,,IR,,4
2026,5,13202,,Dalevon Campbell,WR,,,Questionable,,
2026,5,12963,,Kayron Lynch-Adams,RB,,,,,
2026,5,10983,,Sean Clifford,QB,CIN,,,,
2026,5,3555,,Canaan Severin,WR,,,,,
2026,5,7272,,Dylan Stapleton,TE,,,,,
2026,5,8820,,Troy Hairston,RB,,,,,
2026,5,6492, 00-0035097,Terry Wright,WR,,,,,
2026,5,4042,00-0033286,Joe Williams,RB,,,,,
2026,5,12408,,Michael Hiers,QB,,,,,
2026,5,12941,,Bryson Nesbit,TE,,,Questionable,,
2026,5,4420, 00-0033386,Cody Hollister,WR,,,,,
2026,5,8198,,Charleston Rambo,WR,,,,,
2026,5,827,00-0028118,Tyrod Taylor,QB,GB,,,,2
2026,5,13667,,Marcus Burke,WR,,,,,
2026,5,6352,,Matt Colburn,RB,,,,,
2026,5,2822,00-0032009,Adam Humphries,WR,,,,,
2026,5,13647,,Ben Patterson,WR,,,,,
2026,5,6985,,Dezmon Patmon,WR,,,,,
2026,5,6107, 00-0034943,Emmanuel Butler,WR,,,,,
2026,5,2787,,David Porter,WR,,,,,
2026,5,4892,00-0034855,Baker Mayfield,QB,TB,,Out,,2
2026,5,4137,00-0033553,James Conner,RB,ARI,,IR,,4
2026,5,12277,,John Matocha,QB,,,,,
2026,5,5608,00-0034528,Devonte Boyd,WR,,,,,
2026,5,13432,,Khalil Dinkins,TE,SF,,,,
2026,5,10862,,Dorian Thompson-Robinson,QB,,,,,
2026,5,3640,,Soma Vainuku,RB,,,,,
2026,5,12068,,Mason Pline,TE,,,,,
2026,5,4696,00-0033838,Trey Edmunds,RB,,,,,
2026,5,11961,,Emory Jones,QB,,,,,
2026,5,8203,,Jeremiah Hall,TE,,,,,
2026,5,13816,,Mark Gronowski,QB,,,,,
2026,5,7106,,Lawrence Cager,TE,,,,,
2026,5,12191,,Trent Pennix,TE,,,,,
2026,5,5997, 00-0035090,Jazz Ferguson,WR,,,,,
2026,5,7063,,Shea Patterson,QB,,,,,
2026,5,1678,,Uzoma Nwachukwu,WR,,,,,
2026,5,928,00-0028002,Randall Cobb,WR,,,,,
2026,5,5347,00-0034367,Nyheim Miller-Hines,RB,,,,,
2026,5,4456,00-0033309,K.D. Cannon,WR,,,,,
2026,5,12755,,Kelly Akharaiyi,WR,,,,,
2026,5,7317,,Jared Rice,TE,,,,,
2026,5,8211,,Tyrion Davis-Price,RB,,,,,
2026,5,5777,00-0032604,Malachi Jones,WR,,,,,
2026,5,5798,00-0034888,Darren Carrington,WR,,,NA,,
2026,5,3456,,Joel Stave,QB,,,,,
2026,5,5432,00-0034104,Cam Sims,WR,,,,,
2026,5,7599,,Jermar Jefferson,RB,,,Questionable,,
2026,5,2346,00-0032055,Devin Funchess,TE,,,,,
2026,5,2703,,Ezell Ruffin,WR,,,,,
2026,5,12897,,Nate Carter,RB,KC,,,,
2026,5,3505,,Dom Williams,WR,,,,,
2026,5,5223,00-0034243,Caleb Scott,WR,TEN,,,,
2026,5,642,00-0027891,Golden Tate,WR,,,,,
2026,5,9999,,Will Levis,QB,NYJ,,,,
2026,5,13344,,Preston Fox,WR,,,,,
2026,5,6420, 00-0035417,Jon'Vea Johnson,WR,,,,,
2026,5,6373, 00-0035491,A.J. Richardson,WR,,,,,
2026,5,7990,,Garrett Groshek,RB,,,,,
2026,5,1612,00-0030151,Tyler Bray,QB,,,,,
2026,5,7279,,DeMichael Harris,WR,,,,,
2026,5,11529,,Ed Lee,WR,,,,,
2026,5,12690,,Tommy Mellott,WR,,,,,
2026,5,2580,,Titus Davis,WR,,,,,
2026,5,12778,,Jerjuan Newton,WR,,,,,
2026,5,11521,,Jadakis Bonds,WR,,,,,
2026,5,12946,,Dontae Fleming,WR,,,,,
2026,5,2790,,Nigel King,WR,,,,,
2026,5,8158,,Carson Strong,QB,,,,,
2026,5,8613,,Taysir Mack,WR,,,,,
2026,5,2462,00-0032112,J.J. Nelson,WR,,,,,
2026,5,14020,,Dean Patterson,WR,TB,,,,
2026,5,6246, 00-0035427,Jeremy Cox,RB,,,,,
2026,5,6237, 00-0035037,Wilton Speight,QB,,,,,
2026,5,3846, 00-0032945,Duke Williams,WR,,,,,
2026,5,6392, 00-0035614,Johnathan Lloyd,WR,,,,,
2026,5,13272,,Carson Beck,QB,ARI,,Out,,3
2026,5,8831,,Ethan Fernea,WR,,,,,
2026,5,8751,,Dylan Parham,TE,,,,,
2026,5,11189,,Zay Malone,WR,,,,,
2026,5,3593,,Anthony Kelly,WR,,,,,
2026,5,2360,00-0031558,Maxx Williams,TE,,,,,
2026,5,830,00-0027942,A.J. Green,WR,,,,,
2026,5,11960,,Steven Stilianos,TE,,,,,
2026,5,12453,,Ontaria Wilson,WR,,,,,
2026,5,8068,,C.J. Saunders,WR,,,,,
2026,5,13673,,Trent Battle,RB,,,,,
2026,5,5977, 00-0035313,Terry Godwin,WR,,,,,
2026,5,11267,,Aron Cruickshank,WR,,,,,
2026,5,2906,,Bell Braylon,WR,,,,,
2026,5,1502,00-0030404,Chris Thompson,RB,,,,,
2026,5,12761,,Jordan Moore,WR,CIN,,,,
2026,5,7457,,Michael Dereus,WR,,,,,
2026,5,7174,,Juwan Green,WR,,,,,
2026,5,12940,,Tre Stewart,RB,,,,,
2026,5,2342, 00-0031934,Devin Smith,WR,,,,,
2026,5,3208,00-0032411,Kenneth Dixon,RB,,,,,
2026,5,4988,00-0034791,Nick Chubb,RB,,,,,
2026,5,1535,00-0030578,Cordarrelle Patterson,RB,,,,,
2026,5,11638,,Ricky Pearsall,WR,SF,,IR,,11
2026,5,7605,,Kyle Trask,QB,,,,,
2026,5,8218,,Max Borghi,RB,,,,,
2026,5,13292,,Lake McRee,TE,PIT,,,,
2026,5,7435,,Cameron Scarlett,RB,,,,,
2026,5,13255,,Shane Watts,RB,,,,,
2026,5,6317, 00-0035394,Jacob Dolegala,QB,,,,,
2026,5,13582,,Anthony Smith,WR,DAL,,,,
2026,5,6659, 00-0035567,Craig Reynolds,RB,WAS,,,,
2026,5,8090,,Daniel Crawford,TE,,,,,
2026,5,9228,,Bryce Young,QB,CAR,,,,1
2026,5,12487,,Terrance Ferguson,TE,LAR,,IR,,5
2026,5,8694,,Henry Litwin,WR,,,,,
2026,5,10221,,Ronnie Bell,WR,,,,,
2026,5,6195, 00-0034915,Damon Sheehy-Guiseppi,WR,,,,,
2026,5,4131,00-0033932,Kenny Golladay,WR,,,,,
2026,5,5973, 00-0035249,Josh Oliver,TE,MIN,,IR,,3
2026,5,11367,,Daewood Davis,WR,,,,,
2026,5,6870,,Bryan Edwards,WR,,,,,
2026,5,8408,,Jordan Mason,RB,MIN,,IR,,5
2026,5,12884,,Quincy Skinner,WR,GB,,,,
2026,5,8226,,Greg Bell,RB,,,,,
2026,5,5128,00-0034438,Logan Woodside,QB,,,,,
2026,5,13603,,Gregory Desrosiers,RB,LAC,,,,
2026,5,10869,,Matt Landers,WR,,,,,
2026,5,7235,,Aleva Hifo,WR,,,,,
2026,5,8798,,Felix Harper,QB,,,,,
2026,5,6168, 00-0035597,John Ursua,WR,,,,,
2026,5,6988,,Raymond Calais,RB,,,,,
2026,5,2635,,Vernon Johnson,WR,,,,,
2026,5,6263, 00-0035170,Trevor Wood,TE,,,,,
2026,5,11301,,Braxton Westfield,WR,,,,,
2026,5,11895,,Mason Tipton,WR,NO,,PUP,,9
2026,5,13852,,Dontae McMillan,RB,,,,,
2026,5,7228,,Ahmad Wagner,WR,,,,,
2026,5,5260,00-0034631,Vyncint Smith,WR,,,,,
2026,5,1701,,Eric Rogers,WR,,,,,
2026,5,12735,,Caleb Lohner,TE,DEN,,IR,,5
2026,5,12288,,Mathieu Severance,RB,,,,,
2026,5,2636,,Jarred Haggins,WR,,,,,
2026,5,5987, 00-0034972,Alexander Mattison,RB,,,,,
2026,5,12046,,Chevan Cordeiro,QB,,,,,
2026,5,6396, 00-0034932,Austin Fort,TE,,,,,
2026,5,8179,,Snoop Conner,RB,,,,,
2026,5,12066,,Elijah Collins,RB,,,,,
2026,5,11504,,Jose Barbon,WR,,,,,
2026,5,5962, 00-0035287,KeeSean Johnson,WR,,,,,
2026,5,7694,,Tommy Tremble,TE,CAR,,,,2
2026,5,8656,,Tyshaun James,WR,,,,,
2026,5,7418,,Broc Rutter,QB,,,,,
2026,5,6153, 00-0034995,Dexter Williams,RB,,,,,
2026,5,13053,,Daniel Jackson,WR,,,,,
2026,5,10215,,Jake Haener,QB,NYG,,,,
2026,5,11270,,Hassan Hall,RB,,,,,
2026,5,5076,00-0034808,John Kelly,RB,,,,,
2026,5,3556,,Christian Powell,RB,,,,,
2026,5,8169,,Tre Turner,WR,,,,,
2026,5,6371, 00-0035483,Drew Anderson,QB,,,,,
2026,5,13325,,Jordan Hudson,WR,DAL,,,,
2026,5,8799,,Zaire Mitchell-Paden,TE,HOU,,,,
2026,5,6040, 00-0035356,Tyree Jackson,TE,,,Questionable,,
2026,5,8543,,Drew Estrada,WR,,,,,
2026,5,5209,00-0034208,Mike Boone,RB,,,,,
2026,5,7286,,Marvelle Ross,WR,,,,,
2026,5,943,00-0027981,Kyle Rudolph,TE,,,,,
2026,5,7521,,Chris Blair,WR,ATL,,,,5
2026,5,5902, 00-0035022,Penny Hart,WR,,,,,
2026,5,7352,,Matt Cole,WR,,,,,
2026,5,7438,,Kristian Wilkerson,WR,,,,,
2026,5,8186,,Devon Williams,WR,,,,,
2026,5,1855,,Shaquelle Evans,WR,,,,,
2026,5,1604,00-0029848,Nick Williams,WR,DEN,,,,
2026,5,3817,00-0032832,Marcus Tucker,WR,,,,,
2026,5,8908,,Brandon Lewis,WR,,,,,
2026,5,11139,,Elijah Cooks,WR,,,,,
2026,5,6389, 00-0035605,Keenen Brown,TE,,,,,
2026,5,7339,,J.J. Koski,WR,,,,,
2026,5,13909,,Elijah Tau-Tolliver,RB,,,,,
2026,5,12959,,Bryce Pierre,TE,,,,,
2026,5,5938, 00-0035406,Lil'Jordan Humphrey,WR,DEN,,,,
2026,5,8252,,Travell Harris,WR,,,,,
2026,5,13619,,Marcus Sanders,WR,,,,,
2026,5,4322,,Dalton Crossan,RB,,,,,
2026,5,11925,,Terique Owens,WR,,,,,
2026,5,7065,,Eli Wolf,TE,,,,,
2026,5,5950, 00-0035730,Nyqwan Murray,WR,,,,,
2026,5,3476,00-0032935,Johnny Holton,WR,,,,,
2026,5,4545,00-0033623,Keith Towbridge,TE,,,,,
2026,5,5637,00-0034592,Garrett Johnson,WR,,,,,
2026,5,2142,,Rajion Neal,RB,,,,,
2026,5,5750,00-0034783,Garrett Hudson,TE,,,,,
2026,5,11644,,Cody Schrader,RB,DEN,,,,
2026,5,6465, 00-0035074,Thomas Ives,WR,CHI,,,,
2026,5,4040,00-0033857,JuJu Smith-Schuster,WR,,,,,
2026,5,8206,,Skylar Thompson,QB,BAL,,IR,,3
2026,5,7316,,Darius Bradwell,RB,,,,,
2026,5,12171,,British Brooks,RB,HOU,,IR,,5
2026,5,14061,,Jeremiah Franklin,TE,,,,,
2026,5,11214,,Tanner Morgan,QB,,,,,
2026,5,5110,00-0034411,Russell Gage,WR,,,,,
2026,5,6363, 00-0035374,Michael Walker,WR,,,,,
2026,5,3321,00-0033040,Tyreek Hill,WR,,,,,
2026,5,8013,,Tim Jones,WR,JAX,,,,
2026,5,4571,00-0033658,Blake Jarwin,TE,,,,,
2026,5,13074,,Isaiah Neyor,WR,GB,,,,
2026,5,12198,,Wayne Ruby,WR,,,,,
2026,5,13415,,Haynes King,QB,CAR,,Out,,3
2026,5,6185, 00-0035282,Easton Stick,QB,TB,,,,
2026,5,12224,,David White,WR,,,,,
2026,5,6361, 00-0035366,Raphael Leonard,WR,,,,,
2026,5,4153,00-0033953,Jordan Leggett,TE,,,,,
2026,5,11081,,Cephus Johnson,WR,,,,,
2026,5,8197,,Peyton Hendershot,TE,,,,,
2026,5,6664, 00-0035583,A.J. Ouellette,RB,,,,,
2026,5,6959,,LeVante Bellamy,RB,,,,,
2026,5,2674,,Paul Browning,WR,,,,,
2026,5,11357,,Tyler Adams,WR,,,,,
2026,5,7149,,Tommy Stevens,TE,NYG,,,,
2026,5,8817,,Nolan Givan,TE,,,,,
2026,5,5762,,Josh Smith,WR,,,,,
2026,5,12523,,Jimmy Horn,WR,CLE,,,,
2026,5,3157,00-0033127,William Fuller,WR,,,,,
2026,5,13401,,Michael Trigg,TE,DAL,,,,
2026,5,13261,,Layne Pryor,TE,,,,,
2026,5,8107,,Nikola Kalinic,TE,CHI,,IR,,5
2026,5,11172,,Shae Wyatt,WR,,,,,
2026,5,4324,00-0033259,Trey Griffey,WR,,,,,
2026,5,963,00-0028042,Luke Stocker,TE,,,,,
2026,5,7244,,Ja'Marcus Bradley,WR,,,,,
2026,5,3398,,Kenny Lawler,WR,,,,,
2026,5,5294,,Mikah Holder,WR,,,,,
2026,5,4519,00-0033515,Devine Redding,RB,,,,,
2026,5,1333,00-0030147,Russell Shepard,WR,,,,,
2026,5,2106,00-0031076,David Fales,QB,,,,,
2026,5,7107,,Jason Huntley,RB,,,,,
2026,5,12283,,Dylan McDuffie,RB,,,,,
2026,5,2161,00-0031376,Jerick McKinnon,RB,,,,,
2026,5,8157,,Bailey Zappe,QB,,,,,
2026,5,8223,,Velus Jones,WR,SEA,,,,3
2026,5,7001,,Brian Herrien,RB,,,,,
2026,5,232,00-0023500,Frank Gore,RB,,,,,
2026,5,5786,,Marcus Peterson,WR,,,,,
2026,5,6159,,Mike Weber,RB,,,,,
2026,5,2820,,Dominique Brown,RB,,,,,
2026,5,7960,,T.J. Simmons,WR,,,,,
2026,5,8663,,Jared Bernhardt,WR,,,,,
2026,5,7867,,Spencer Brown,RB,,,,,
2026,5,7535,,Hunter Long,TE,ARI,,Questionable,,3
2026,5,12482,,Savion Williams,WR,GB,,IR,,9
2026,5,13190,,Taylor Elgersma,QB,,,,,
2026,5,8088,,Kalif Jackson,TE,MIA,,,,
2026,5,5142,00-0034131,Kurt Benkert,QB,,,,,
2026,5,1546,00-0030465,Kenjon Barner,RB,,,,,
2026,5,11384,,Owen Wright,RB,LV,,,,
2026,5,13972,,Brandon Frazier,TE,,,,,
2026,5,13423,,Eli Heidenreich,RB,PIT,,Out,,6
2026,5,5772,,Aaron Lacombe,WR,,,,,
2026,5,5929, 00-0035474,Anthony Johnson,WR,,,,,
2026,5,5163,00-0034597,Ryan Nall,RB,,,,,
2026,5,11959,,Bryce Oliver,WR,,,,,
2026,5,11511,,John Stephens,TE,,,,,
2026,5,4835,,Darrius Sims,RB,,,,,
2026,5,7530,,Frank Darby,WR,,,,,
2026,5,13119,,Collin Schlee,QB,,,,,
2026,5,6909,,Lynn Bowden,WR,,,,,
2026,5,3445,00-0032980,Marcus Johnson,WR,,,,,
2026,5,3178,00-0032760,Josh Doctson,WR,,,,,
2026,5,7378,,Kyle Markway,TE,,,,,
2026,5,8253,,Deven Thompkins,WR,LV,,,,
2026,5,745,00-0025399,Marshawn Lynch,RB,,,,,
2026,5,11526,,Malachi Carter,WR,,,,,
2026,5,7465,,Nick Tiano,QB,,,,,
2026,5,6421, 00-0035414,Jalen Guyton,WR,,,,,
2026,5,4468,00-0033421,Antony Auclair,TE,,,,,
2026,5,11964,,Dayton Wade,WR,,,,,
2026,5,3695,00-0032986,J.P. Holtz,TE,,,,,
2026,5,7623,,Darece Roberson,WR,,,,,
2026,5,8861,,Irv Charles,WR,SEA,,IR,,5
2026,5,13258,,Phil Lutz,WR,,,,,
2026,5,6697, 00-0035635,Floyd Allen,WR,,,,,
2026,5,3170,00-0033108,Paxton Lynch,QB,,,,,
2026,5,3407,,Beau Sandland,TE,,,,,
2026,5,7703,,Jacob Harris,WR,,,,,
2026,5,5558,00-0034240,Marcus Martin,RB,,,,,
2026,5,4351,00-0033375,Tim Patrick,WR,NYJ,,IR,,5
2026,5,11276,,Joseph Ngata,WR,,,,,
2026,5,12355,,Treveyon Pratt,WR,,,,,
2026,5,2846,,Marquez Clark,WR,,,,,
2026,5,13835,,Mekhi Mews,WR,,,,,
2026,5,4863,00-0034343,Josh Rosen,QB,,,,,
2026,5,13250,,Nay'Quan Wright,RB,,,,,
2026,5,11190,,Keilahn Harris,WR,,,,,
2026,5,12909,,Eli Pancol,WR,IND,,,,
2026,5,5108,00-0034412,Luke Falk,QB,,,,,
2026,5,13335,,Cole Payton,QB,PHI,,Out,,4
2026,5,6490,,Mik'Quan Deane,TE,,,,,
2026,5,4108,,Carlos Henderson,WR,,,,,
2026,5,2410,00-0031941,Jamison Crowder,WR,,,,,
2026,5,9220,,Evan Hull,RB,ARI,,,,
2026,5,6984,,Tony Jones,RB,,,,,
2026,5,1706,00-0030181,Jack Doyle,TE,IND,,,,
2026,5,3588,,Michael Miller,TE,,,,,
2026,5,4926,,Nick Schuessler,QB,PIT,,,,
2026,5,4829,00-0034035,Daniel Williams,WR,,,,,
2026,5,2495,00-0032117,Nick O'Leary,TE,,,,,
2026,5,6885,,Ke'Shawn Vaughn,RB,,,,,
2026,5,11387,,Sean Ryan,WR,,,,,
2026,5,2262,,Trey Millard,RB,,,,,
2026,5,7426,,Seth Dawkins,WR,,,,,
2026,5,8143,,Jerome Ford,RB,,,,,
2026,5,6694, 00-0035628,D'Ernest Johnson,RB,,,,,
2026,5,3599,,Dez Stewart,WR,,,,,
2026,5,11652,,Louis Rees-Zammit,RB,,,,,
2026,5,7734,,Bruno Labelle,TE,,,,,
2026,5,12656,,Robbie Ouzts,RB,SEA,,IR,,7
2026,5,5211,00-0034222,Jake Wieneke,WR,,,,,
2026,5,5257,00-0034177,Tim Boyle,QB,,,,,
2026,5,2750,00-0031763,DeAndre Carter,WR,,,,,
2026,5,13321,,Dan Villari,TE,LAR,,,,
2026,5,12019,,Devin Carter,WR,,,,,
2026,5,10226,,Andrei Iosivas,WR,CIN,,IR,,5
2026,5,4285,00-0033530,Robert Davis,WR,,,,,
2026,5,8248,,Kalil Pimpleton,WR,,,,,
2026,5,5431,00-0034100,Shay Fields,WR,,,,,
2026,5,2397,00-0032227,Jeff Heuerman,TE,,,,,
2026,5,5167,,Dalton Sturm,QB,,,,,
2026,5,13116,,Tre Watson,TE,MIA,,,,
2026,5,8189,,Trestan Ebner,RB,,,,,
2026,5,3312,00-0032975,Jonathan Williams,RB,,,,,
2026,5,6996,,JaMycal Hasty,RB,,,,,
2026,5,7191,,Jaylon Moore,WR,,,,,
2026,5,5976, 00-0035454,Karan Higdon,RB,,,,,
2026,5,6906,,Antonio Gandy-Golden,TE,,,,,
2026,5,12245,,Jelani Baker,WR,,,,,
2026,5,12765,,Keleki Latu,TE,BUF,,,,4
2026,5,12095,,Jjay Mcafee,TE,,,,,
2026,5,2673,00-0031868,Damiere Byrd,WR,,,,,
2026,5,6710, 00-0035691,Josh Caldwell,RB,,,,,
2026,5,4171,00-0033943,Josh Reynolds,WR,,,,,
2026,5,6926,,Brycen Hopkins,TE,,,,,
2026,5,7893,,Dedrick Mills,RB,,,,,
2026,5,7946,,Jack Stoll,TE,SF,,,,
2026,5,7729,,Dez Fitzpatrick,WR,,,Questionable,,
2026,5,7439,,Tommy Hudson,TE,,,,,
2026,5,13417,,De'Zhaun Stribling,WR,SF,,IR,,12
2026,5,8077,,Otis Anderson,RB,,,,,
2026,5,2935,,Ricky Collins,WR,,,,,
2026,5,5722,00-0034710,Darvin Kidsy,WR,,,,,
2026,5,3328,00-0032977,Rashard Higgins,WR,,,,,
2026,5,10224,,Brayden Willis,TE,SF,,,,5
2026,5,2373,00-0032256,Clive Walford,TE,,,,,
2026,5,12906,,Cam Camper,WR,,,,,
2026,5,8160,,Kenny Pickett,QB,CAR,,,,2
2026,5,7752,,Kawaan Baker,WR,,,,,
2026,5,3978,,Jacob Huesman,QB,,,,,
2026,5,5859, 00-0035676,A.J. Brown,WR,NE,,IR,,6
2026,5,6699, 00-0035645,Gunner Olszewski,WR,NYG,,IR,,6
2026,5,4738,,Colby Pearson,WR,,,,,
2026,5,2487,00-0031953,Geremy Davis,WR,,,,,
2026,5,5937, 00-0035216,Diontae Johnson,WR,,,,,
2026,5,11102,,Charles McClelland,RB,,,,,
2026,5,7056,,Darrell Stewart,WR,,,,,
2026,5,4263,00-0033295,Elijah McGuire,RB,KC,,,,
2026,5,12721,,Kaden Prather,WR,,,,,
2026,5,11940,,JaQuae Jackson,WR,,,,,
2026,5,3883,,Romar Morris,RB,,,,,
2026,5,4162,00-0033562,Ryan Switzer,WR,,,,,
2026,5,11148,,Tyler Hudson,WR,,,,,
2026,5,6967,,Aaron Fuller,WR,,,,,
2026,5,4678,00-0033742,Tyrone Swoopes,TE,,,,,
2026,5,11351,,Thomas Greaney,TE,,,,,
2026,5,11163,,Tim DeMorat,QB,,,,,
2026,5,14056,,Kyre Duplessis,WR,,,,,
2026,5,4455,00-0033308,Matt Breida,RB,,,,,
2026,5,2291,00-0028411,Dontrelle Inman,WR,,,,,
2026,5,8240,,BJ Baylor,RB,,,,,
2026,5,7591,,Justin Fields,QB,KC,,,,2
2026,5,8824,,Samson Nacua,WR,,,,,
2026,5,6460, 00-0035109,Cole Herdman,TE,,,,,
2026,5,5714,00-0034703,Tim Wilson,WR,,,,,
2026,5,12173,,Jaxon Janke,WR,,,,,
2026,5,5134,00-0034317,Keith Kirkwood,WR,,,,,
2026,5,3447,00-0032963,Cayleb Jones,WR,,,,,
2026,5,2309,00-0031544,Amari Cooper,WR,,,,,
2026,5,7771,,Jake Funk,RB,,,,,
2026,5,3397,,Keith Marshall,RB,,,,,
2026,5,4599,,Michael Rector,WR,,,,,
2026,5,4406,,Wes Lunt,QB,,,,,
2026,5,2378,00-0032058,Tevin Coleman,RB,,,,,
2026,5,8778,,Justin Rigg,TE,,,,,
2026,5,1500,00-0030472,Jordan Reed,TE,,,,,
2026,5,13217,,Hunter Dekkers,QB,,,,,
2026,5,2921,,Taylor Sloat,TE,,,,,
2026,5,8424,,Kevin Marks,RB,,,,,
2026,5,8152,,Kennedy Brooks,RB,,,,,
2026,5,4068,00-0033536,Mike Williams,WR,,,DNR,,
2026,5,12370,,Praise Olatoke,WR,,,,,
2026,5,8170,,James Mitchell,TE,DAL,,,,
2026,5,12488,,Kobe Hudson,WR,,,,,
2026,5,1833,00-0030874,Damien Williams,RB,,,,,
2026,5,5787,00-0034878,Bryce Bobo,WR,,,,,
2026,5,4791,00-0034007,Darius Victor,RB,,,,,
2026,5,13110,,Zach Horton,TE,,,,,
2026,5,12144,,Je'Quan Burton,WR,,,,,
2026,5,6662, 00-0035572,Parker Hesse,TE,,,,,
2026,5,12036,,Ian Wheeler,RB,,,,,
2026,5,5140,00-0034180,Jaelon Acklin,WR,,,,,
2026,5,4929,,Ahmad Fulwood,WR,,,,,
2026,5,1244,00-0029664,Josh Gordon,WR,,,,,
2026,5,5384,00-0034504,Jonah Trinnaman,WR,,,,,
2026,5,8076,,Michael Bandy,WR,DEN,,,,
2026,5,695,00-0025396,Ted Ginn,WR,,,,,
2026,5,12756,,Stephen Gosnell,WR,BUF,,,,
2026,5,10217,,Clayton Tune,QB,,,,,
2026,5,12888,,Dalen Cambre,WR,NYG,,,,
2026,5,13353,,Chris Brazzell,WR,CAR,,IR,,10
2026,5,12641,,Jaylin Lane,WR,WAS,,Out,,8
2026,5,3454,,Danny Anthrop,WR,,,,,
2026,5,11496,,Braydon Johnson,WR,,,,,
2026,5,7379,,Rysen John,TE,,,,,
2026,5,13696,,Ja'Mori Maclin,WR,BUF,,,,
2026,5,5916, 00-0035664,Darrell Henderson,RB,,,,,
2026,5,6069, 00-0035399,Stanley Morgan,WR,,,,,
2026,5,3908,,Eric Wallace,TE,,,,,
2026,5,12165,,Spencer Sanders,QB,,,,,
2026,5,13286,,Jadarian Price,RB,SEA,,IR,,9
2026,5,10211,,Camerun Peoples,RB,,,,,
2026,5,6163, 00-0035018,Alex Wesley,WR,,,,,
2026,5,6491, 00-0035086,Adam Choice,RB,,,,,
2026,5,13339,,Davon Booth,RB,IND,,,,
2026,5,8142,,Alec Pierce,WR,IND,,IR,,10
2026,5,11298,,Ryan Jones,TE,,,,,
2026,5,2465,00-0032113,Kenny Bell,WR,,,,,
2026,5,7045,,Joshua Kelley,RB,,,,,
2026,5,7086,,John Hightower,WR,,,,,
2026,5,7616,,Kai Locksley,WR,,,,,
2026,5,6548, 00-0035209,Marcus Marshall,RB,,,,,
2026,5,13309,,Aaron Anderson,WR,,,Questionable,,
2026,5,7210,,Kendall Hinton,WR,,,,,
2026,5,2875,,Tony Creecy,RB,,,,,
2026,5,6964,,Sean McKeon,TE,,,Questionable,,
2026,5,11648,,Kedon Slovis,QB,GB,,,,
2026,5,7336,,James Gilbert,RB,,,,,
2026,5,12254,,Phillip Brooks,WR,,,,,
2026,5,5277,00-0034319,Deon Yelder,TE,,,,,
2026,5,2925,,Darius Davis,WR,,,,,
2026,5,3976,00-0033869,Mitchell Trubisky,QB,TEN,,,,2
2026,5,13416,,Roman Hemby,RB,LV,,,,
2026,5,12215,,Kevin Foelsch,TE,,,,,
2026,5,7584,,Brennan Eagles,WR,,,,,
2026,5,13356,,Trebor Pena,WR,JAX,,,,
2026,5,8164,,Matt Corral,QB,,,,,
2026,5,12508,,Jaxson Dart,QB,NYG,,IR,,4
2026,5,13674,,Chris Hilton,WR,,,,,
2026,5,11605,,Jaheim Bell,TE,,,,,
2026,5,13839,,Chase Curtis,TE,,,Questionable,,
2026,5,5207,,Marchie Murdock,WR,,,,,
2026,5,7897,,Roland Rivers,QB,,,,,
2026,5,8700,,Savon Scarver,WR,,,,,
2026,5,11329,,Josh Vann,WR,,,,,
2026,5,13670,,Harrison Wallace,WR,ARI,,,,
2026,5,6524,,Jamire Jordan,WR,,,,,
2026,5,3164,00-0033045,Ezekiel Elliott,RB,,,,,
2026,5,6227, 00-0035353,Nick Easley,WR,,,,,
2026,5,8087,,K.J. Costello,QB,,,,,
2026,5,3052,,Kendrick Ings,WR,,,,,
2026,5,5903, 00-0035251,Will Grier,QB,,,NA,,
2026,5,6886,,Chase Claypool,WR,,,,,
2026,5,6945,,Antonio Gibson,RB,,,Questionable,,
2026,5,954,00-0027939,Cam Newton,QB,,,,,
2026,5,14080,,Barika Kpeenu,RB,,,,,
2026,5,4704,,Tyler Ferguson,QB,,,,,
2026,5,12787,,Josh Williams,RB,TB,,,,
2026,5,6932,,Charlie Taumoepeau,TE,,,,,
2026,5,5144,00-0034156,Malik Williams,RB,,,,,
2026,5,8227,,Teagan Quitoriano,TE,ARI,,,,
2026,5,9223,,Tiyon Evans,RB,,,,,
2026,5,8232,,Jaquarii Roberson,WR,,,,,
2026,5,11111,,Sy Barnett,WR,,,,,
2026,5,3148,,Anthony Dable,WR,,,,,
2026,5,2898,,Cameron Clear,TE,,,,,
2026,5,6362,,Dredrick Snelson,WR,,,,,
2026,5,11565,,J.J. McCarthy,QB,NYG,,,,3
2026,5,11859,,John Rhys Plumlee,QB,,,,,
2026,5,8171,,Kyle Philips,WR,,,,,
2026,5,6385, 00-0035606,Matt Colburn,RB,,,,,
2026,5,8220,,Sincere McCormick,RB,SF,,,,
2026,5,12039,,TD Ayo-Durojaiye,RB,,,,,
2026,5,490,00-0026544,Chase Daniel,QB,,,,,
2026,5,5756,00-0034795,Garrett Dickerson,TE,,,,,
2026,5,13392,,Jeff Caldwell,WR,KC,,IR,,8
2026,5,11848,,Casey Bauman,QB,,,,,
2026,5,11885,,Ramel Keyton,WR,,,,,
2026,5,6866,,KJ Hill,WR,LAC,,,,
2026,5,2756,,Andrew Gleichert,TE,,,,,
2026,5,4416,00-0033382,Austin Carr,WR,,,,,
2026,5,12086,,Cam Johnson,WR,,,,,
2026,5,2651,,Phillip Sims,QB,,,,,
2026,5,4660,00-0033696,Sean Culkin,TE,,,,,
2026,5,13300,,Le'Veon Moss,RB,,,NA,,
2026,5,6920,,Isaiah Hodgins,WR,PIT,,,,
2026,5,3516,,Mitch Mathews,WR,,,,,
2026,5,12470,,Riley Leonard,QB,IND,,Out,,3
2026,5,12118,,Jacob Warren,TE,,,,,
2026,5,4827,,Germone Hopper,WR,,,,,
2026,5,12473,,Mitchell Evans,TE,CAR,,,,3
2026,5,8428,,Zander Horvath,RB,,,,,
2026,5,13780,,Terion Stewart,RB,,,,,
2026,5,12880,,Silas Bolden,WR,,,,,
2026,5,4051,00-0033597,Chad Kelly,QB,,,,,
2026,5,4563,,Taylor McNamara,TE,,,,,
2026,5,5271,00-0034449,Buddy Howell,RB,,,,,
2026,5,4985,00-0034750,Rashaad Penny,RB,,,,,
2026,5,4725,,Phazahn Odom,TE,,,,,
2026,5,5917, 00-0035140,Mecole Hardman,WR,,,,,
2026,5,2945,,Lee Ward,RB,,,,,
2026,5,12460,,Antwane Wells,WR,ATL,,,,
2026,5,12849,,Traeshon Holden,WR,,,,,
2026,5,616,00-0027696,Jimmy Graham,TE,,,,,
2026,5,13334,,C.J. Charleston,WR,,,,,
2026,5,7436,,Mason Kinsey,WR,,,,,
2026,5,4434,,Brisly Estime,WR,,,,,
2026,5,3045,00-0031711,Gannon Sinclair,TE,,,,,
2026,5,2923,,Connor Neighbors,RB,,,,,
2026,5,5176, 00-0034748,Davon Grayson,WR,,,,,
2026,5,14031,,Kyron Hudson,WR,,,Questionable,,
2026,5,1943,,Lacoltan Bester,WR,,,,,
2026,5,6701, 00-0035653,Fred Trevillion,WR,,,,,
2026,5,6031, 00-0035512,Alex Barnes,RB,,,,,
2026,5,11182,,Ronald Awatt,RB,,,,,
2026,5,13042,,Xavier Guillory,WR,BAL,,,,
2026,5,7556,,Marquez Stevenson,WR,,,,,
2026,5,3462,,Jared Dangerfield,WR,,,,,
2026,5,4273,00-0033594,Chris Carson,RB,,,,,
2026,5,4708,,KeVonn Mabon,WR,,,,,
2026,5,3205,00-0033104,Cody Kessler,QB,,,,,
2026,5,6692, 00-0035601,Joe Horn,WR,,,,,
2026,5,13043,,Chris Tyree,WR,,,,,
2026,5,13160,,Reggie Brown,TE,,,,,
2026,5,2886,,Justin Sinz,TE,,,,,
2026,5,5799,00-0034892,Darius Prince,WR,,,,,
2026,5,8705,,Landon Lenoir,WR,,,,,
2026,5,1689,00-0030035,Adam Thielen,WR,,,NA,,
2026,5,12231,,JJ Laap,WR,,,,,
2026,5,11082,,Ben Sims,TE,,,Questionable,,
2026,5,12085,,Alec Holler,TE,,,,,
2026,5,12033,,OJ Hiliare,WR,,,,,
2026,5,8233,,Mataeo Durant,RB,,,,,
2026,5,8755,,Kaden Davis,WR,CHI,,,,
2026,5,12392,,Tre Mosley,WR,,,,,
2026,5,5292,00-0034667,Devin Ross,WR,,,,,
2026,5,6955,,James Robinson,RB,,,,,
2026,5,6606, 00-0035471,Nick Fitzgerald,QB,,,,,
2026,5,5068,00-0034349,Kerryon Johnson,RB,,,,,
2026,5,2121,00-0031189,T.J. Jones,WR,,,,,
2026,5,7387,,George Campbell,WR,,,,,
2026,5,11941,,Isaiah Wooden,WR,,,,,
2026,5,14055,,Louis Hansen,TE,,,,,
2026,5,1170,00-0029141,Alfred Morris,RB,,,,,
2026,5,5102,00-0034395,Daurice Fountain,WR,,,,,
2026,5,5261,00-0034633,Jester Weah,WR,,,,,
2026,5,6187, 00-0035716,Aca'Cedric Ware,RB,,,,,
2026,5,7586,,Dazz Newsome,WR,,,,,
2026,5,4125,00-0033911,Taywan Taylor,WR,,,,,
2026,5,5919, 00-0035442,Elijah Holyfield,RB,,,,,
2026,5,4364,,Karel Hamilton,WR,,,,,
2026,5,3727,,Dennis Parks,WR,,,,,
2026,5,11544,,Avery Davis,WR,,,,,
2026,5,4497,,Tony Stevens,WR,,,,,
2026,5,5005,00-0034267,Jaleel Scott,WR,,,,,
2026,5,1794,00-0030711,David Fluellen,RB,,,,,
2026,5,13354,,Eric McAlister,WR,,,Questionable,,
2026,5,8825,,Kekoa Crawford,WR,,,,,
2026,5,5695,00-0034646,Brandon Powell,WR,,,,,
2026,5,12260,,Mason Fairchild,TE,,,,,
2026,5,12863,,Andrew Armstrong,WR,KC,,,,
2026,5,12852,,Monaray Baldwin,WR,,,,,
2026,5,13100,,Eli Wilson,TE,,,,,
2026,5,5734,00-0034709,C.J. Duncan,WR,,,,,
2026,5,6370, 00-0035443,Damion Jeanpiere,WR,,,,,
2026,5,11140,,Leonard Taylor,TE,,,,,
2026,5,11176,,Khalan Laborn,RB,,,,,
2026,5,8221,,Keaontay Ingram,RB,,,,,
2026,5,7885,,Bailey Gaither,WR,,,,,
2026,5,12320,,Treyton Pickering,TE,,,,,
2026,5,3646,,Quayvon Hicks,RB,,,,,
2026,5,12775,,Max Brosmer,QB,MIN,,Out,,3
2026,5,12901,,Patrick Herbert,TE,LAC,,,,
2026,5,12291,,Dakota Caton,WR,,,,,
2026,5,7901,,Rico Bussey,WR,,,,,
2026,5,2374,00-0032211,Tyler Lockett,WR,,,,,
2026,5,6957,,James Proche,WR,,,,,
2026,5,3357,00-0032434,Brandon Allen,QB,,,,,
2026,5,7573,,Damon Hazelton,WR,,,,,
2026,5,10229,,Rashee Rice,WR,KC,,Questionable,,1
2026,5,8881,,Willie Johnson,WR,,,,,
2026,5,7466,,Nathan Cottrell,RB,,,,,
2026,5,1451,00-0029854,C.J. Anderson,RB,,,,,
2026,5,7161,,Shane Leatherbury,WR,,,,,
2026,5,4208,00-0033957,Rodney Adams,WR,,,,,
2026,5,12776,,Connor Bazelak,QB,,,,,
2026,5,6685, 00-0035610,Jalen Greene,WR,,,,,
2026,5,6956,,Devin Asiasi,TE,,,,,
2026,5,9226,,De'Von Achane,RB,MIA,,IR,,4
2026,5,5536,00-0034253,Dontrell Hilliard,RB,,,,,
2026,5,5243,,Detrich Clark,WR,,,,,
2026,5,4362,00-0033338,Cethan Carter,TE,,,,,
2026,5,4973,00-0034830,Hayden Hurst,TE,,,,,
2026,5,12905,,John Copenhaver,TE,,,,,
2026,5,4535,,Steven Wroblewski,TE,,,,,
2026,5,2382,00-0032257,Duke Johnson,RB,,,,,
2026,5,6878,,Anthony McFarland,RB,,,,,
2026,5,7993,,Trey Ragas,RB,,,,,
2026,5,8184,,D'Vonte Price,RB,,,,,
2026,5,4665,,Eli Jenkins,QB,,,,,
2026,5,12070,,McCallan Castles,TE,,,Questionable,,
2026,5,4613,,Shaq Hill,WR,,,,,
2026,5,4367,,Monty Madaris,WR,,,,,
2026,5,6394,,Romell Guerrier,WR,,,,,
2026,5,12928,,Amar Johnson,RB,LAC,,,,
2026,5,7848,,Scooter Harrington,TE,,,,,
2026,5,12113,,Thomas Yassmin,TE,GB,,IR,,6
2026,5,5248,00-0034184,Gus Edwards,RB,,,,,
2026,5,2755,00-0031690,Eric Tomlinson,TE,,,,,
2026,5,7735,,Cary Angeline,TE,,,,,
2026,5,1273,,Francis Owusu,WR,,,,,
2026,5,5955, 00-0034983,Hunter Renfrow,WR,,,,,
2026,5,13403,,Jam Miller,RB,,,,,
2026,5,2191,00-0031121,Marcus Lucas,WR,,,,,
2026,5,6493, 00-0035092,Justin Johnson,TE,,,,,
2026,5,1592,00-0029738,Darren Fells,TE,TB,,,,
2026,5,3868,00-0033025,Jalen Richard,RB,LV,,,,
2026,5,5323,00-0034279,Equanimeous St. Brown,WR,,,,,
2026,5,13151,,Nick Kallerup,TE,SEA,,Out,,4
2026,5,5166,00-0034256,Da'Mari Scott,WR,,,,,
2026,5,13946,,Jamal Haynes,RB,,,,,
2026,5,6982,,Cheyenne O'Grady,TE,,,,,
2026,5,533,00-0027688,Colt McCoy,QB,,,,,
2026,5,13212,,Cade McDonald,WR,,,,,
2026,5,4641,,Keeon Johnson,WR,,,,,
2026,5,1388,00-0030549,Tyler Eifert,TE,,,,,
2026,5,344,00-0027150,Julian Edelman,WR,,,,,
2026,5,13427,,Diego Pavia,QB,,,,,
2026,5,11654,,Dante Miller,RB,,,Questionable,,
2026,5,4175,00-0033840,Chad Hansen,WR,,,,,
2026,5,6108,,Jacques Patrick,RB,,,,,
2026,5,13017,,Hajj-Malik Williams,QB,,,,,
2026,5,13256,,Roderick Daniels,WR,,,,,
2026,5,13830,,Kyle Dixon,WR,NE,,,,
2026,5,4480,00-0033434,Bobo Wilson,WR,,,,,
2026,5,13923,,Joshua Pitsenberger,RB,,,,,
2026,5,6115, 00-0035489,Wes Hills,RB,,,,,
2026,5,6234, 00-0035215,Deonte Harty,WR,,,Questionable,,
2026,5,2918,,Demetrius Wilson,WR,,,,,
2026,5,2573,,DaVaris Daniels,WR,,,,,
2026,5,11292,,Tommy DeVito,QB,NE,,,,2
2026,5,8433,,Cade Brewer,TE,,,,,
2026,5,12476,,Devin Neal,RB,MIN,,,,
2026,5,8595,,Kyric McGowan,WR,,,,,
2026,5,3894,00-0033095,Garrett Griffin,TE,,,,,
2026,5,12511,,Will Howard,QB,PIT,,Out,,3
2026,5,8002,,Shane Buechele,QB,BUF,,,,
2026,5,11554,,Chase Cota,WR,,,,,
2026,5,7540,,Amari Rodgers,WR,,,,,
2026,5,8118,,David Bell,WR,,,,,
2026,5,13355,,DJ Rogers,TE,DAL,,IR,,6
2026,5,4864,00-0034057,Jevoni Robinson,TE,,,,,
2026,5,2632,,Desmond Martin,RB,,,,,
2026,5,3343,00-0032792,Nate Sudfeld,QB,,,,,
2026,5,6165, 00-0035126,Antoine Wesley,WR,,,,,
2026,5,8769,,Josh Bist,TE,,,,,
2026,5,11123,,Tyler Hoosman,RB,,,,,
2026,5,12478,,Nick Nash,WR,,,,,
2026,5,12457,,Jaydon Blue,RB,PHI,,,,
2026,5,7578,,Myron Mitchell,WR,,,,,
2026,5,7548,,Tyler Vaughns,WR,,,,,
2026,5,13859,,Jalen Walthall,WR,,,,,
2026,5,4373,,Stanley Williams,RB,,,,,
2026,5,3475,,Keyarris Garrett,WR,,,,,
2026,5,6049, 00-0035361,Tyre Brady,WR,,,,,
2026,5,8212,,Dustin Crum,QB,,,,,
2026,5,4699,,Kevin Snead,WR,,,,,
2026,5,12966,,Moose Muhammad,WR,,,,,
2026,5,2238,00-0031051,John Brown,WR,,,,,
2026,5,6954,,Cole McDonald,QB,,,,,
2026,5,1992,00-0031428,Allen Robinson,WR,,,,,
2026,5,2028,00-0031280,Derek Carr,QB,,,NA,,
2026,5,12168,,Zach Mathis,WR,,,,,
2026,5,13113,,Dante Wright,WR,,,,,
2026,5,8438,,Corey Sutton,WR,,,,,
2026,5,13001,,Mario Williams,WR,,,Questionable,,
2026,5,6021, 00-0034961,Nick Brossette,RB,,,,,
2026,5,9512,,DeWayne McBride,RB,,,,,
2026,5,2749,00-0031687,Raheem Mostert,RB,,,Questionable,,
2026,5,8435,,Kwamie Lassiter,WR,,,,,
2026,5,4358,00-0033409,Austin Duke,WR,,,,,
2026,5,12757,,Hal Presley,WR,,,,,
2026,5,13850,,Octavian Smith,WR,,,,,
2026,5,6723, 00-0035723,Vincent Testaverde,QB,,,,,
2026,5,1854,00-0031023,Quincy Enunwa,WR,,,,,
2026,5,11169,,Dresser Winn,QB,,,,,
2026,5,8246,,Bryant Koback,RB,,,,,
2026,5,11371,,Julian Hill,TE,NE,,IR,,5
2026,5,6598, 00-0035341,Trenton Irwin,WR,,,,,
2026,5,12090,,Corey Crooms,WR,,,,,
2026,5,13662,,Will Pauling,WR,SF,,,,
2026,5,7101,,Rodney Smith,RB,,,,,
2026,5,12715,,Thomas Fidone,TE,NYG,,Out,,4
2026,5,4650,00-0033735,Billy Brown,TE,,,,,
2026,5,13328,,Anthony Hankerson,RB,,,,,
2026,5,10857,,Stetson Bennett,QB,LAR,,,,2
2026,5,2733,,Kasey Closs,WR,,,,,
2026,5,9229,,Anthony Richardson,QB,IND,,,,2
2026,5,11624,,Xavier Worthy,WR,KC,,,,2
2026,5,8624,,Changa Hodge,WR,,,,,
2026,5,7915,,Landen Akers,WR,,,,,
2026,5,11543,,Lachlan Pitts,TE,,,,,
2026,5,13139,,Taylor Morin,WR,,,,,
2026,5,8153,,Isaiah Spiller,RB,,,,,
2026,5,7308,,Nick Bowers,TE,,,,,
2026,5,5107,00-0034331,Jaylen Samuels,RB,,,,,
2026,5,4179,00-0033949,Joshua Dobbs,QB,DET,,,,2
2026,5,13888,,DeShawn Hanika,TE,,,,,
2026,5,11216,,Holton Ahlers,QB,,,,,
2026,5,10866,,Aidan O'Connell,QB,LV,,Out,,2
2026,5,4301,,Josh Magee,WR,,,,,
2026,5,6037, 00-0034955,Brett Rypien,QB,TB,,,,
2026,5,3859,00-0033035,Jalen Simmons,RB,,,,,
2026,5,9503,,Jacob Copeland,WR,,,,,
2026,5,4775,,David Olson,QB,,,,,
2026,5,4055,00-0033879,O.J. Howard,TE,,,,,
2026,5,6142, 00-0035320,Caleb Wilson,TE,,,,,
2026,5,13013,,Mark Redman,TE,GB,,,,7
2026,5,13967,,Jimmy Kibble,WR,,,Questionable,,
2026,5,12528,,Ajou Ajou,WR,,,,,
2026,5,12222,,Joseph Scates,WR,,,,,
2026,5,606,00-0027796,Joe Webb,QB,,,,,
2026,5,13595,,Cash Jones,RB,ATL,,,,
2026,5,11299,,Zavier Scott,RB,CHI,,,,
2026,5,11901,,Kyle Sheets,WR,,,,,
2026,5,14068,,Drew Biber,TE,,,,,
2026,5,3486,,Chris Brown,WR,,,,,
2026,5,964,00-0027985,Lance Kendricks,TE,,,,,
2026,5,8747,,Roger Carter,TE,,,,,
2026,5,13779,,Al-Jay Henderson,RB,NYJ,,,,
2026,5,7983,,Collin Hill,QB,,,,,
2026,5,455,00-0026986,Michael Crabtree,WR,,,,,
2026,5,8690,,Jake Herslow,WR,,,,,
2026,5,6895,,Quintez Cephus,WR,,,,,
2026,5,11380,,Johnny Lumpkin,TE,,,,,
2026,5,12891,,Jordan Bly,WR,,,,,
2026,5,8858,,Keshunn Abram,WR,,,,,
2026,5,7951,,B.J. Emmons,RB,,,,,
2026,5,12151,,Julian Hicks,WR,,,,,
2026,5,4832,,Andrew Price,TE,,,,,
2026,5,13240,,Toa Taua,RB,,,,,
2026,5,3770,,Quenton Bundrage,WR,,,,,
2026,5,3688,00-0032540,Tra Carson,RB,,,,,
2026,5,7462,,Stephen Guidry,WR,,,,,
2026,5,11410,,Braxton Burmeister,WR,,,,,
2026,5,7610,,Trey Lance,QB,LAC,,,,2
2026,5,4777,,De'Chavon Hayes,RB,,,,,
2026,5,6846,,Hunter Bryant,TE,,,,,
2026,5,12483,,Jack Bech,WR,LV,,IR,,9
2026,5,6223, 00-0035593,Juwann Winfree,WR,,,,,
2026,5,13849,,Cortez Braham,WR,,,,,
2026,5,12800,,Oscar Cardenas,TE,,,,,
2026,5,12013,,Jaden Shirden,RB,,,,,
2026,5,5885, 00-0035652,Ryan Finley,QB,,,,,
2026,5,13313,,Emmanuel Henderson,WR,SEA,,,,
2026,5,13776,,Hank Beatty,WR,,,,,
2026,5,14041,,Anderson Castle,RB,,,,,
2026,5,2578,,John Harris,WR,,,,,
2026,5,11158,,Jalen Sample,WR,,,,,
2026,5,3340,00-0032429,Jerell Adams,TE,,,,,
2026,5,5425,00-0034106,John Diarse,WR,,,,,
2026,5,13410,,Chase Roberts,WR,,,Questionable,,
2026,5,4463,,Tyler McCloskey,RB,,,,,
2026,5,11601,,Trey Knox,TE,,,,,
2026,5,14040,,Terrill Davis,WR,,,,,
2026,5,12953,,Jalen White,RB,,,,,
2026,5,7563,,Javian Hawkins,RB,,,,,
2026,5,7503,,Connor Davis,TE,,,,,
2026,5,8190,,Abram Smith,RB,,,,,
2026,5,13904,,Jacob De Jesus,WR,,,,,
2026,5,5162,00-0034578,Reggie Bonnafon,RB,,,,,
2026,5,536,00-0027793,Antonio Brown,WR,,,,,
2026,5,7989,,DJ Turner,WR,,,Questionable,,
2026,5,23,00-0022127,Jason Witten,TE,,,,,
2026,5,4622,00-0033681,Keelan Cole,WR,,,,,
2026,5,3041,00-0032319,Ross Travis,TE,,,,,
2026,5,818,00-0028064,Bilal Powell,RB,,,,,
2026,5,7414,,Johnathon Johnson,WR,,,,,
2026,5,7531,,Feleipe Franks,TE,CAR,,,,4
2026,5,11204,,Duece Watts,WR,,,,,
2026,5,13426,,Sawyer Robertson,QB,,,,,
2026,5,11975,,Jordan Terrell,RB,,,,,
2026,5,147,00-0026189,DeSean Jackson,WR,,,,,
2026,5,7237,,Scotty Washington,WR,,,,,
2026,5,7949,,Trevon Grimes,WR,,,,,
2026,5,7978,,Tre Walker,WR,,,,,
2026,5,4605,00-0033763,Evan Baylis,TE,,,,,
2026,5,7370,,JoJo Ward,WR,,,,,
2026,5,574,00-0027902,Dez Bryant,WR,,,,,
2026,5,8247,,Gerrit Prince,TE,,,,,
2026,5,7541,,Cornell Powell,WR,,,,,
2026,5,4408,,Terrell Newby,RB,,,,,
2026,5,5233,00-0034169,Marcus Baugh,TE,,,,,
2026,5,10444,,Cedric Tillman,WR,NO,,,,
2026,5,2200,,Timothy Flanders,RB,,,,,
2026,5,1144,00-0029000,Cole Beasley,WR,,,,,
2026,5,13085,,Kole Taylor,TE,,,,,
2026,5,6539, 00-0034935,Devontae Jackson,RB,,,,,
2026,5,1825,00-0031382,Jarvis Landry,WR,,,,,
2026,5,6203, 00-0035725,Valentine Holmes,RB,,,,,
2026,5,6238, 00-0035034,Tyree Mayfield,TE,,,,,
2026,5,7612,,Dee Eskridge,WR,,,,,
2026,5,12100,,Chris Autman-Bell,WR,,,,,
2026,5,3319,00-0032423,Trevor Davis,WR,,,,,
2026,5,12480,,Moliki Matavao,TE,NO,,IR,,6
2026,5,4283,00-0033797,Khalfani Muhammad,RB,,,,,
2026,5,8215,,Austin Allen,TE,,,,,
2026,5,4955,,Ronald Jones,RB,,,,,
2026,5,7529,,Gary Brightwell,RB,,,,,
2026,5,8061,,Jake Hausmann,TE,,,,,
2026,5,4924,,Zach Terrell,QB,BAL,,,,
2026,5,13032,,Marshall Lang,TE,MIN,,,,
2026,5,5699,,Matt Fleming,WR,,,,,
2026,5,3258,00-0032394,Nick Vannett,TE,BAL,,,,
2026,5,6164, 00-0035660,Kahale Warring,TE,,,,,
2026,5,184,00-0025394,Adrian Peterson,RB,,,,,
2026,5,2587,00-0031504,Dres Anderson,WR,,,,,
2026,5,5547,00-0034306,Ryan Smith,TE,,,,,
2026,5,5549,00-0034301,Darrel Williams,RB,,,,,
2026,5,7211,,Zimari Manning,WR,,,,,
2026,5,3410,,Jake Coker,QB,,,,,
2026,5,11556,,Devin Leary,QB,,,,,
2026,5,12188,,Justin Strong,RB,,,,,
2026,5,973,00-0028074,Anthony Sherman,RB,,,,,
2026,5,4381,00-0033357,Taysom Hill,TE,,,,,
2026,5,12477,,Kurtis Rourke,QB,SF,,Out,,3
2026,5,4169,00-0033464,Jehu Chesson,WR,,,,,
2026,5,7899,,Isaiah McKoy,WR,,,,,
2026,5,5117,00-0034420,Jordan Thomas,TE,,,,,
2026,5,7454,,Travis Jonsen,WR,,,,,
2026,5,1793,00-0030710,Trey Burton,TE,,,,,
2026,5,8741,,Jamal Pettigrew,TE,,,,,
2026,5,4962,00-0034845,Sony Michel,RB,,,,,
2026,5,6167, 00-0035275,Jordan Scarlett,RB,MIA,,,,
2026,5,11595,,Jared Wiley,TE,KC,,Out,,5
2026,5,12531,,Trevor Etienne,RB,CAR,,IR,,4
2026,5,4790,,Robert Wheelwright,WR,,,,,
2026,5,5123,00-0034164,Trenton Cannon,RB,,,,,
2026,5,4183,00-0033958,Nathan Peterman,QB,,,,,
2026,5,5264,00-0034292,Blake Mack,TE,,,,,
2026,5,7320,,Dalton Schoen,WR,,,,,
2026,5,8238,,Emeka Emezie,WR,,,,,
2026,5,7335,,Bryce Perkins,QB,,,,,
2026,5,8420,,Jack Sorenson,WR,,,,,
2026,5,4221,00-0033528,Jeremy Sprinkle,TE,,,,,
2026,5,6554, 00-0035035,Shawn Poindexter,WR,,,,,
2026,5,4531,00-0033611,Ricky Seals-Jones,TE,,,,,
2026,5,6963,,Patrick Taylor,RB,,,Questionable,,
2026,5,4676,,Darreus Rogers,WR,,,,,
2026,5,8057,,Kenji Bahar,QB,,,,,
2026,5,5101,00-0034406,Deon Cain,WR,,,,,
2026,5,12431,,Rory Starkey,WR,,,,,
2026,5,13705,,Ty Pezza,TE,BAL,,,,
2026,5,12973,,DJ Thomas-Jones,TE,,,,,
2026,5,1619,00-0030155,Demetrius Harris,TE,,,,,
2026,5,13117,,Qualan Jones,RB,,,,,
2026,5,4839,,Mitch Leidner,QB,,,,,
2026,5,11808,,Jha'Quan Jackson,WR,,,,,
2026,5,4831,00-0034038,Justice Liggins,WR,,,,,
2026,5,12539,,Arian Smith,WR,NYJ,,IR,,9
2026,5,7357,,Dan Chisena,WR,,,Questionable,,
2026,5,8568,,John Lovett,RB,,,,,
2026,5,12281,,Dimitri Stanley,WR,,,,,
2026,5,6843,,Albert Okwuegbunam,TE,,,,,
2026,5,11136,,Oliver Martin,WR,,,,,
2026,5,6898,,Anthony Gordon,QB,,,,,
2026,5,12777,,Joaquin Davis,WR,,,,,
2026,5,8864,,Ben Beise,TE,,,,,
2026,5,14039,,Mante Morrow,WR,,,,,
2026,5,3660,,Valdez Showers,WR,,,,,
2026,5,5009,00-0034766,Chris Herndon,TE,,,,,
2026,5,3606,,Amir Carlisle,WR,,,,,
2026,5,6147, 00-0035283,Clayton Thorson,QB,NYG,,,,
2026,5,7789,,Jalen Camp,WR,,,,,
2026,5,8749,,Tyreik McAllister,RB,,,,,
2026,5,14008,,Rodney Hammond,RB,,,,,
2026,5,13275,,Ty Simpson,QB,LAR,,Out,,3
2026,5,7087,,Jonathan Ward,RB,BAL,,,,
2026,5,12969,,Lan Larison,RB,NE,,,,
2026,5,8423,,Brittain Brown,RB,CHI,,IR,,5
2026,5,10865,,Travis Dye,RB,,,,,
2026,5,12815,,Stevo Klotz,TE,,,,,
2026,5,4309,00-0033240,Scott Orndoff,TE,,,,,
2026,5,13920,,Jonathan Brady,WR,,,,,
2026,5,12080,,Aidan Robbins,RB,,,,,
2026,5,14067,,Jeff Weimer,WR,,,,,
2026,5,14037,,Rashad Rochelle,WR,,,,,
2026,5,12007,,Nathaniel Peat,RB,,,,,
2026,5,7084,,Jake Luton,QB,,,,,
2026,5,11133,,Jaray Jenkins,WR,,,,,
2026,5,1234,00-0029263,Russell Wilson,QB,,,,,
2026,5,2900,,Terrence Franks,RB,,,,,
2026,5,12541,,Dont'e Thornton,WR,LV,,IR,,10
2026,5,2913,,Gavin Lutman,WR,,,,,
2026,5,12306,,La'Damian Webb,RB,,,,,
2026,5,11491,,Austin Aune,QB,,,,,
2026,5,12732,,Dominic Lovett,WR,DET,,,,
2026,5,12296,,Kaylon Horton,WR,,,,,
2026,5,13781,,Ken Seals,QB,,,,,
2026,5,7996,,Dillon Stoner,WR,,,,,
2026,5,13269,,Fernando Mendoza,QB,LV,,,,3
2026,5,1338,00-0030533,Matt Barkley,QB,,,,,
2026,5,8634,,Chris Pierce,TE,,,,,
2026,5,4187,00-0033567,Brian Hill,RB,,,,,
2026,5,2279,00-0031257,Paul Richardson,WR,,,,,
2026,5,1476,00-0030513,Latavius Murray,RB,,,,,
2026,5,5080,00-0034273,Damion Ratley,WR,,,,,
2026,5,8884,,JJ Howland,TE,,,,,
2026,5,12107,,Dylan Leonard,TE,,,,,
2026,5,4151,00-0033564,Jake Butt,TE,,,,,
2026,5,13124,,Jeremiah Webb,WR,NE,,IR,,7
2026,5,5195,00-0034670,Akrum Wadley,RB,,,,,
2026,5,1110,00-0029608,T.Y. Hilton,WR,,,,,
2026,5,5710,00-0034733,Nick Holley,WR,,,,,
2026,5,7565,,Terrace Marshall,WR,,,,,
2026,5,11374,,James Blackman,QB,,,,,
2026,5,11257,,Shedrick Jackson,WR,,,,,
2026,5,7103,,Tavien Feaster,RB,ARI,,,,
2026,5,8589,,Marcus Santos-Silva,TE,,,,,
2026,5,1352,00-0030431,Robert Woods,WR,,,NA,,
2026,5,4930,,Franko House,TE,CHI,,,,
2026,5,8419,,Stanley Berryhill,WR,,,,,
2026,5,7005,,Scottie Phillips,RB,,,,,
2026,5,6144, 00-0035291,Trayveon Williams,RB,,,,,
2026,5,3542,,DeAndre Reaves,WR,,,,,
2026,5,3495,,Mike Bercovici,QB,,,,,
2026,5,11385,,Brian Walker,TE,,,,,
2026,5,6334, 00-0035448,Damarea Crockett,RB,,,,,
2026,5,13166,,Kisean Johnson,WR,,,,,
2026,5,10230,,Jalen Wayne,WR,,,,,
2026,5,6951,,Eno Benjamin,RB,,,,,
2026,5,13810,,Rohan Jones,TE,,,,,
2026,5,4335,00-0033275,P.J. Walker,QB,,,,,
2026,5,4392,00-0033402,Malcolm Lewis,WR,,,,,
2026,5,11472,,Alfonzo Graham,RB,,,,,
2026,5,6919,,Thaddeus Moss,TE,,,,,
2026,5,8151,,Kenneth Walker,RB,KC,,,,1
2026,5,13773,,Isaiah Jacobs,RB,,,,,
2026,5,2078,00-0031235,Odell Beckham,WR,,,,,
2026,5,12003,,Gunnar Watson,QB,,,,,
2026,5,12383,,John Jiles,WR,,,Questionable,,
2026,5,12352,,Jeremy Moussa,QB,,,,,
2026,5,4752,00-0033994,Fred Brown,WR,,,,,
2026,5,12062,,Cam Grandy,TE,MIN,,,,
2026,5,11247,,Mac Hippenhammer,WR,,,,,
2026,5,4338,,Levern Jacobs,WR,,,,,
2026,5,12462,,Damien Martinez,RB,,,,,
2026,5,6487, 00-0035119,Charles Scarff,TE,,,,,
2026,5,12893,,Nate McCollum,WR,,,,,
2026,5,5295, 00-0034103,De'Mornay Pierson-El,WR,,,,,
2026,5,4485, 00-0033508,William Stanback,RB,,,,,
2026,5,3732,,Richard Mullaney,WR,,,,,
2026,5,8026,,Landon Rice,TE,,,,,
2026,5,6089, 00-0035428,Daniel Helm,TE,,,,,
2026,5,11900,,Jacob Kibodi,RB,,,,,
2026,5,8413,,Chris Oladokun,QB,,,Questionable,,
2026,5,11474,,Dylan Drummond,WR,ATL,,,,
2026,5,13063,,Darius Lassiter,WR,,,,,
2026,5,3504,,Steven Scheu,TE,,,,,
2026,5,8928,,Daylen Baldwin,WR,,,,,
2026,5,12834,,Jimmy Bell,TE,,,,,
2026,5,8105,,Brayden Lenius,TE,,,,,
2026,5,5751,00-0034784,Austin Roberts,TE,,,,,
2026,5,7009,,Trishton Jackson,WR,,,,,
2026,5,4409,00-0033332,Josiah Price,TE,,,,,
2026,5,6364, 00-0035376,Papi White,WR,,,,,
2026,5,13413,,Cyrus Allen,WR,KC,,,,4
2026,5,6059, 00-0035592,Travis Fulgham,WR,,,,,
2026,5,12829,,Coleman Owen,WR,GB,,,,
2026,5,13677,,Noah Short,WR,,,,,
2026,5,8828,,Michael Young,WR,,,,,
2026,5,12773,,DJ Uiagalelei,QB,LAC,,Out,,3
2026,5,7176,,Caleb Repp,TE,,,,,
2026,5,2206,,Logan Kilgore,QB,,,,,
2026,5,9481,,Luke Musgrave,TE,GB,,PUP,,4
2026,5,11213,,Camren McDonald,TE,,,,,
2026,5,13419,,Jaydn Ott,RB,KC,,,,
2026,5,5224,,Taj Williams,WR,,,,,
2026,5,4600,,Noel Thomas,WR,,,,,
2026,5,5131,00-0034440,Justin Jackson,RB,,,,,
2026,5,12939,,Anthony Tyus,RB,CAR,,,,6
2026,5,11548,,Aaron Dykes,RB,,,,,
2026,5,4326,00-0033261,Bug Howard,TE,,,,,
2026,5,7109,,Malcolm Perry,WR,,,,,
2026,5,12226,,Lorenzo Lingard,RB,,,,,
2026,5,8129,,Dameon Pierce,RB,PHI,,,,
2026,5,8685,,John Mitchell,TE,,,,,
2026,5,13281,,Jordyn Tyson,WR,NO,,IR,,11
2026,5,8437,,Thomas Hennigan,WR,,,,,
2026,5,6595, 00-0035577,Devlin Hodges,QB,,,,,
2026,5,8173,,ZaQuandre White,RB,,,,,
2026,5,8243,,DeAndre Torrey,RB,,,,,
2026,5,13303,,Cade Klubnik,QB,NYJ,,,,3
2026,5,559,,Tim Tebow,TE,,,,,
2026,5,5754,00-0034788,Jaeden Graham,TE,,,,,
2026,5,8201,,Jack Coan,QB,,,,,
2026,5,13962,,Cameron Dorner,WR,NE,,,,
2026,5,5032,00-0034364,Jordan Akins,TE,,,,,
2026,5,4080,00-0033891,Zay Jones,WR,,,,,
2026,5,14058,,Malick Meiga,WR,SEA,,,,
2026,5,4997,00-0034679,Mark Walton,RB,,,,,
2026,5,3418,00-0032351,Mekale McKay,WR,,,,,
2026,5,4728,,Bart Houston,QB,,,,,
2026,5,11312,,T.J. Luther,WR,,,,,
2026,5,12538,,Brady Cook,QB,MIA,,Out,,2
2026,5,4050,00-0033215,Cyril Grayson,WR,,,,,
2026,5,13010,,Jordan Waters,RB,LAR,,,,
2026,5,11867,,Jaelen Gill,WR,,,,,
2026,5,8416,,Jalen Virgil,WR,,,Questionable,,
2026,5,8621,,Garrett Walston,TE,,,,,
2026,5,5126,00-0034442,Austin Proehl,WR,,,,,
2026,5,13193,,Ketron Jackson,WR,,,,,
2026,5,13726,,Camden Brown,WR,DAL,,Out,,6
2026,5,6973,,J.J. Taylor,RB,,,,,
2026,5,5548,,Elijah Marks,WR,,,,,
2026,5,6585, 00-0035551,Tony Brooks-James,RB,,,,,
2026,5,12314,,Beau Corrales,WR,,,,,
2026,5,10223,,Eric Gray,RB,CLE,,,,
2026,5,7597,,Kenny Yeboah,TE,,,Questionable,,
2026,5,12492,,Pat Bryant,WR,DEN,,Questionable,,7
2026,5,7287,,Josh Hammond,WR,,,,,
2026,5,6161, 00-0035546,L.J. Scott,RB,,,,,
2026,5,12134,,Sam Wiglusz,WR,,,,,
2026,5,5250,00-0034510,Robert Foster,WR,,,,,
2026,5,12526,,Tetairoa McMillan,WR,CAR,,,,1
2026,5,2528,00-0032139,Ben Koyack,TE,,,,,
2026,5,13225,,Sam Brown,WR,,,,,
2026,5,5199,00-0034297,Byron Pringle,WR,,,,,
2026,5,8224,,Cole Kelley,QB,,,,,
2026,5,7622,,Sammis Reyes,TE,,,,,
2026,5,7236,,Devwah Whaley,RB,,,,,
2026,5,6401, 00-0034927,T.J. Rahming,WR,,,,,
2026,5,2394,00-0032245,Sean Mannion,QB,,,,,
2026,5,8209,,Makai Polk,WR,,,,,
2026,5,5156,00-0034491,Andrew Vollert,TE,,,,,
2026,5,13276,,Omar Cooper,WR,NYJ,,IR,,10
2026,5,12818,,Elijah Young,RB,,,,,
2026,5,8051,,Josh Johnson,RB,,,,,
2026,5,7245,,Nate Wieting,TE,,,,,
2026,5,11210,,Malik Heath,WR,ATL,,,,
2026,5,4636,00-0033762,Lenard Tillery,RB,,,,,
2026,5,13963,,Nick DeGennaro,WR,,,,,
2026,5,8089,,Sal Cannella,TE,,,,,
2026,5,3594,00-0032741,Peyton Barber,RB,,,,,
2026,5,7859,,Nick Eubanks,TE,,,,,
2026,5,3652,00-0033114,Mike Thomas,WR,,,,,
2026,5,8890,,Naz Bohannon,TE,,,,,
2026,5,111,00-0024243,Marcedes Lewis,TE,,,,,
2026,5,7550,,Warren Jackson,WR,,,,,
2026,5,13152,,Justin Lockhart,WR,,,,,
2026,5,13003,,Tru Edwards,WR,,,,,
2026,5,13121,,Ben Yurosek,TE,MIN,,IR,,5
2026,5,6943,,Gabe Davis,WR,,,Questionable,,
2026,5,1984,00-0030821,Allen Hurns,WR,MIA,,,,
2026,5,13760,,Jaden Bradley,WR,WAS,,,,
2026,5,12170,,Jaaron Hayek,WR,,,,,
2026,5,8539,,Seth Green,TE,,,,,
2026,5,6605, 00-0035479,Cortrelle Simpson,WR,,,,,
2026,5,7551,,Deon Jackson,RB,,,,,
2026,5,2880,,Zach Laskey,RB,,,,,
2026,5,7299,,Justice Shelton-Mosley,WR,,,,,
2026,5,7954,,Connor Wedington,WR,,,,,
2026,5,7032,,Tyrie Cleveland,WR,,,,,
2026,5,11802,,Tejhaun Palmer,WR,,,,,
2026,5,7522,,Hunter Thedford,TE,,,,,
2026,5,6540, 00-0035385,DeAndre Thompkins,WR,GB,,,,
2026,5,7543,,Travis Etienne,RB,NO,,IR,,4
2026,5,12217,,Shawn Bowman,TE,ARI,,,,
2026,5,7793,,Racey McMath,WR,,,,,
2026,5,8192,,Curtis Hodges,TE,,,,,
2026,5,11502,,Brian Cobbs,WR,,,,,
2026,5,5139,00-0034339,Trey Quinn,WR,,,,,
2026,5,1841,,Stephen Houston,RB,,,,,
2026,5,5590,00-0034330,Jordan Smallwood,WR,,,,,
2026,5,7572,,Kylin Hill,RB,,,,,
2026,5,5745,,Nick Stevens,QB,,,,,4
2026,5,1817,00-0031325,Sammy Watkins,WR,,,,,
2026,5,5801,00-0034893,Kobe McCrary,RB,,,,,
2026,5,3824,00-0032864,Alex Ellis,TE,,,,,
2026,5,7904,,Stevie Scott,RB,,,,,
2026,5,8583,,Stone Smartt,TE,NO,,,,
2026,5,14062,,Tyler Moore,TE,,,,,
2026,5,4323,00-0033258,Darrell Daniels,TE,,,,,
2026,5,13343,,Vinny Anthony,WR,ATL,,,,
2026,5,1386,00-0030456,Giovani Bernard,RB,,,,,
2026,5,6824,,Donovan Peoples-Jones,WR,,,,,
2026,5,2817,,Daniel Rodriguez,WR,,,,,
2026,5,2532,00-0031960,Da'Ron Brown,WR,,,,,
2026,5,268,00-0023436,Alex Smith,QB,,,,,
2026,5,7076,,Jeff Thomas,WR,,,,,
2026,5,11159,,Zion Bowens,WR,,,,,
2026,5,4803,,Nate Iese,TE,,,,,
2026,5,5863, 00-0035246,J.J. Arcega-Whiteside,WR,,,,,
2026,5,13844,,Coleman Bennett,RB,,,,,
2026,5,6873,,Austin Mack,WR,,,,,
2026,5,208,00-0021206,Josh McCown,QB,,,,,
2026,5,8560,,Davis Cheek,QB,,,,,
2026,5,12984,,CJ Dippre,TE,TB,,,,
2026,5,1029,00-0029567,Nick Foles,QB,,,,,
2026,5,11874,,Jaylen Johnson,WR,,,,,
2026,5,4344,00-0033367,C.J. Board,WR,,,,,
2026,5,12150,,Jarveon Howard,RB,,,,,
2026,5,8195,,Ronnie Rivers,RB,LAR,,IR,,4
2026,5,6892,,Nate Stanley,QB,,,,,
2026,5,13890,,Michael Briscoe,WR,MIN,,,,
2026,5,4218,00-0033292,Trent Taylor,WR,,,,,
2026,5,6178, 00-0035148,Darwin Thompson,RB,,,,,
2026,5,12154,,Messiah Swinson,TE,,,,,
2026,5,1642,00-0030443,Levine Toilolo,TE,NYG,,,,
2026,5,13597,,Matthew Caldwell,QB,LAR,,IR,,4
2026,5,8849,,Tanner Conner,TE,NE,,,,
2026,5,8159,,Desmond Ridder,QB,,,,,
2026,5,2751,00-0032098,Daniel Brown,TE,,,,,
2026,5,2938,,Cam Worthy,WR,,,,,
2026,5,4895,,Lamar Atkins,WR,,,,,
2026,5,3554,,David Reeves,TE,,,,,
2026,5,2152,00-0031237,Teddy Bridgewater,QB,,,NA,,
2026,5,8018,,Shaun Beyer,TE,,,,,
2026,5,13931,,E.J. Horton,WR,,,,,
2026,5,5392,00-0034074,Jack Heneghan,QB,,,,,
2026,5,868,00-0028142,Virgil Green,TE,,,,,
2026,5,2600,,Ricky Seale,RB,,,,,
2026,5,7190,,Bronson Rechsteiner,RB,,,,,
2026,5,13337,,Emmett Johnson,RB,KC,,,,2
2026,5,13101,,Gage Larvadain,WR,BAL,,,,
2026,5,12061,,Noah Cain,RB,,,,,
2026,5,3582,00-0032355,Chester Rogers,WR,,,,,
2026,5,5358,00-0034563,Anthony Manzo-Lewis,TE,,,,,
2026,5,11523,,Cody Chrest,WR,,,,,
2026,5,12212,,Austin Stogner,TE,,,,,
2026,5,8572,,Andrew Parchment,WR,,,,,
2026,5,13681,,Kaidon Salter,QB,,,,,
2026,5,13941,,Omari Kelly,WR,,,,,
2026,5,6007, 00-0035268,Ryquell Armstead,RB,,,,,
2026,5,4327,00-0033262,Colin Jeter,TE,,,,,
2026,5,5210,00-0034220,Korey Robertson,WR,,,,,
2026,5,3355,00-0032795,Cody Core,WR,,,,,
2026,5,13162,,Maximilian Mang,TE,,,,,
2026,5,2118,00-0031387,Eric Ebron,TE,PIT,,,,
2026,5,7081,,James Morgan,QB,,,,,
2026,5,6755,,Tavonn Salter,WR,,,NA,,
2026,5,6290, 00-0035298,Scotty Miller,WR,,,,,
2026,5,11186,,Carlos Washington,RB,,,,,
2026,5,11583,,Jonathon Brooks,RB,CAR,,IR,,3
2026,5,7396,,Devin Phelps,WR,,,,,
2026,5,5127,00-0034577,Kyle Allen,QB,BUF,,,,2
2026,5,11447,,Kris Leach,TE,,,,,
2026,5,5408,00-0034609,Sergio Bailey,WR,,,,,
2026,5,12469,,Dylan Sampson,RB,CLE,,IR,,6
2026,5,3020,,Dan Light,TE,,,,,
2026,5,2879,,Isiah Ferguson,WR,,,,,
2026,5,5285,00-0034073,Ross Dwelley,TE,,,,,
2026,5,1603,00-0030089,Luke Willson,TE,,,,,
2026,5,2930,,Justin Tukes,TE,,,,,
2026,5,4931,,Austin Appleby,QB,,,,,
2026,5,8697,,Kevin Shaa,WR,,,,,
2026,5,13291,,Kejon Owens,RB,,,Questionable,,
2026,5,13336,,Dane Key,WR,DEN,,,,
2026,5,12933,,Caden Prieskorn,TE,,,,,
2026,5,4274,00-0033589,David Moore,WR,CAR,,,,4
2026,5,13179,,Ja'seem Reed,WR,CAR,,,,
2026,5,8217,,Leddie Brown,RB,,,,,
2026,5,6845,,Zack Moss,RB,,,Questionable,,
2026,5,11366,,Chris Coleman,WR,,,,,
2026,5,13834,,Cody Hardy,TE,NYJ,,,,
2026,5,6535, 00-0035322,Nate Becker,TE,,,,,
2026,5,4305,,Tyler Renew,RB,,,,,
2026,5,246,00-0023564,Darren Sproles,RB,,,,,
2026,5,178,00-0022787,Matt Schaub,QB,,,,,
2026,5,8187,,CJ Verdell,RB,,,,,
2026,5,4489,00-0033474,Gehrig Dieter,WR,,,,,
2026,5,7603,,Shi Smith,WR,,,,,
2026,5,7751,,Dax Milne,WR,,,,,
2026,5,8052,,Donte Sylencieux,WR,,,,,
2026,5,8731,,Shemar Bridges,WR,,,,,
2026,5,5463,00-0034200,Mark Thompson,RB,,,,,
2026,5,7935,,Eli Stove,WR,,,,,
2026,5,13297,,Reggie Virgil,WR,ARI,,Out,,7
2026,5,6618, 00-0035718,Isaiah Searight,TE,,,,,
2026,5,5046,00-0034838,Royce Freeman,RB,,,,,
2026,5,4621,,Caleb Bluiett,TE,,,,,
2026,5,1329,00-0028237,Chris Hogan,WR,,,,,
2026,5,8783,,Kendric Pryor,WR,,,,,
2026,5,6728,,Jackson Harris,TE,,,,,
2026,5,5465,00-0034192,Nick Keizer,TE,,,,,
2026,5,4854,00-0034054,River Cracraft,WR,,,Questionable,,
2026,5,1601,00-0030414,Spencer Ware,RB,,,,,
2026,5,2783,,Kenzel Doe,WR,,,,,
2026,5,5197,00-0034660,Rico Gafford,WR,,,,,
2026,5,13120,,Jacoby Jones,WR,,,Questionable,,
2026,5,11590,,Jase McClellan,RB,,,,,
2026,5,12210,,Cole Burgess,WR,,,IR,,10
2026,5,13357,,Lance Mason,TE,,,,,
2026,5,4878,00-0034052,Brandon Zylstra,WR,,,,,
2026,5,2040,00-0031167,Scott Simonson,TE,,,,,
2026,5,5975, 00-0035309,Alize Mack,TE,,,,,
2026,5,8924,,Thomas Odukoya,TE,KC,,,,
2026,5,627,00-0027691,Andre Roberts,WR,,,,,
2026,5,11615,,Ainias Smith,WR,,,Questionable,,
2026,5,6705, 00-0035658,Taj McGowan,RB,,,,,
2026,5,11418,,Taye Barber,WR,,,,,
2026,5,11306,,Xavier Gipson,WR,PHI,,,,
2026,5,7554,,Tre' McKitty,TE,,,,,
2026,5,12308,,Samson Evans,RB,,,,,
2026,5,6209, 00-0034922,Ishmael Hyman,WR,,,,,
2026,5,5974, 00-0035146,Trace McSorley,QB,,,,,
2026,5,14029,,Johnny Pascuzzi,TE,,,,,
2026,5,5618,00-0034666,Larry Rose,RB,,,NA,,
2026,5,4515,,B.J. Johnson,WR,,,,,
2026,5,2595,00-0032006,Tim Semisch,TE,,,,,
2026,5,6449, 00-0035038,Dorian Baker,WR,,,,,
2026,5,6156, 00-0035217,Benny Snell,RB,,,,,
2026,5,4950,00-0034775,Christian Kirk,WR,SF,,IR,,7
2026,5,3150,,Xavier Rush,WR,,,,,
2026,5,6399,,Kano Dillon,TE,,,,,
2026,5,1777,00-0030216,Josh Hill,TE,,,,,
2026,5,12865,,AJ Henning,WR,MIA,,,,
2026,5,11646,,Jalen Coker,WR,CAR,,Out,,7
2026,5,13316,,Eric Rivers,WR,TB,,,,
2026,5,4004,,Chris Briggs,TE,,,,,
2026,5,284,00-0024389,Delanie Walker,TE,,,,,
2026,5,13242,,Lawrance Toafili,RB,,,,,
2026,5,4085,00-0033896,Adam Shaheen,TE,,,,,
2026,5,3621, 00-0032876,Jordan Williams-Lambert,WR,,,,,
2026,5,3880,,M.J. McFarland,TE,,,,,
2026,5,8019,,Devontres Dukes,WR,,,,,
2026,5,12169,,Reggie Brown,WR,,,,,
2026,5,12850,,Tyler Neville,TE,,,,,
2026,5,6154, 00-0035359,David Sills,WR,TB,,IR,,6
2026,5,2597,,Michael Dyer,RB,,,,,
2026,5,5886, 00-0035529,Hakeem Butler,TE,,,,,
2026,5,5915, 00-0035527,Andy Isabella,WR,,,,,
2026,5,6097,,Jamal Custis,WR,,,,,
2026,5,7158,,Riley Neal,QB,,,,,
2026,5,6450, 00-0035040,David Blough,QB,,,,,
2026,5,2004,00-0031344,Cody Latimer,WR,,,,,
2026,5,2549,00-0032156,Trevor Siemian,QB,,,,,
2026,5,8863,,Kaylon Geiger,WR,,,,,
2026,5,6365, 00-0035367,Carson Meier,TE,,,,,
2026,5,2082,00-0031035,Xavier Grimble,TE,,,,,
2026,5,9225,,Tank Bigsby,RB,PHI,,Out,,3
2026,5,7218,,Cam Sutton,TE,,,,,
2026,5,7589,,Ian Book,QB,,,,,
2026,5,6063, 00-0035457,Tyron Billy-Johnson,WR,,,,,
2026,5,4018,00-0033897,Joe Mixon,RB,SEA,,Active,,
2026,5,13227,,Mitch Van Vooren,WR,,,,,
2026,5,2319,00-0031547,DeVante Parker,WR,,,,,
2026,5,13407,,Carson Towt,TE,IND,,IR,,6
2026,5,4533,00-0033613,James Summers,RB,,,,,
2026,5,4721,,Shakeir Ryan,WR,,,,,
2026,5,8094,,Michael Jacobson,TE,,,,,
2026,5,13348,,J'Mari Taylor,RB,JAX,,,,
2026,5,4229,00-0033798,Mason Schreck,TE,,,,,
2026,5,11863,,Leon Johnson,WR,,,,,
2026,5,12190,,Jason Bean,QB,,,,,
2026,5,6438, 00-0034949,Kelvin McKnight,WR,,,,,
2026,5,2039,00-0031166,Seth Roberts,WR,,,,,
2026,5,5249,00-0034196,Andre Levrone,WR,,,,,
2026,5,3548,,Jamal Robinson,WR,,,,,
2026,5,7035,,Kendrick Rogers,WR,,,,,
2026,5,13205,,Luke Deal,TE,,,Questionable,,
2026,5,2229,00-0031395,Garrett Gilbert,QB,,,,,
2026,5,4626,00-0033687,Amba Etta-Tawo,WR,,,,,
2026,5,5796,,Austin Wolf,WR,,,,,
2026,5,5275,00-0034207,Jeff Badet,WR,,,,,
2026,5,5125,00-0034698,Damoun Patterson,WR,,,,,
2026,5,8101,,Mark Vital,TE,,,,,
2026,5,3333,00-0033112,Temarrick Hemingway,TE,WAS,,,,
2026,5,4747,,Stevie Donatell,TE,,,,,
2026,5,3297,00-0032778,Tajae Sharpe,WR,,,,,
2026,5,5276,00-0034214,Tyler Hoppes,TE,,,,,
2026,5,11857,,Daijun Edwards,RB,,,,,
2026,5,538,00-0027685,Emmanuel Sanders,WR,,,,,
2026,5,4197,00-0033466,Isaiah McKenzie,WR,,,,,
2026,5,5890, 00-0035657,Damien Harris,RB,,,,,
2026,5,8005,,Tarik Black,WR,,,,,
2026,5,12187,,Malcolm Epps,TE,,,,,
2026,5,8123,,Hassan Haskins,RB,,,,,
2026,5,8033,,Bernhard Seikovits,TE,,,,,
2026,5,3161,00-0032950,Carson Wentz,QB,MIN,,,,2
2026,5,5111,00-0034426,Javon Wims,WR,,,,,
2026,5,5791,00-0034883,Gerald Holmes,RB,,,,,
2026,5,12705,,Graham Mertz,QB,HOU,,IR,,3
2026,5,13026,,Moochie Dixon,WR,,,,,
2026,5,11199,,Emari Demercado,RB,DAL,,Out,,6
2026,5,6002, 00-0035273,Qadree Ollison,RB,,,,,
2026,5,8602,,Danny Davis,WR,,,,,
2026,5,11645,,Javon Baker,WR,,,,,
2026,5,2672,,Damarr Aultman,WR,,,,,
2026,5,12860,,Theo Wease,WR,LAC,,,,
2026,5,223,00-0022921,Larry Fitzgerald,WR,,,,,
2026,5,331,00-0022942,Philip Rivers,QB,,,,,
2026,5,11104,,SaRodorick Thompson,RB,,,,,
2026,5,5168,00-0034551,Jordan Chunn,RB,,,,,
2026,5,12688,,Cam Miller,QB,,,,,
2026,5,4922,,Garrett Scantling,WR,ATL,,,,
2026,5,12486,,Dillon Gabriel,QB,CLE,,IR,,2
2026,5,5831, 00-0034901,Bryant Mitchell,WR,,,,,
2026,5,11381,,Travis Vokolek,TE,ARI,,,,
2026,5,5201,00-0034632,Terry Swanson,RB,,,,,
2026,5,1559,00-0030520,Mike Glennon,QB,,,,,
2026,5,7558,,Whop Philyor,WR,,,,,
2026,5,4951,00-0034777,DJ Chark,WR,,,,,
2026,5,11483,,Ellis Merriweather,RB,,,,,
2026,5,4786,,Jhajuan Seales,WR,,,,,
2026,5,5774,00-0034863,Cam Serigne,TE,,,,,
2026,5,8229,,Isaiah Weston,WR,,,,,
2026,5,11562,,Spencer Rattler,QB,NO,,,,3
2026,5,8230,,Ty Chandler,RB,NO,,IR,,5
2026,5,6011, 00-0035289,Gardner Minshew,QB,ARI,,,,2
2026,5,5089,00-0034401,Mike White,QB,,,,,
2026,5,3296,00-0033080,Seth DeValve,TE,,,,,
2026,5,4453,00-0033306,Victor Bolden,WR,,,,,
2026,5,12268,,Colby Suits,QB,,,,,
2026,5,4680,,Larry Clark,WR,,,,,
2026,5,8732,,Raleigh Webb,WR,,,,,
2026,5,3921, 00-0033149,Nick Truesdell,TE,,,,,
2026,5,7581,,Kellen Mond,QB,,,,,
2026,5,6136, 00-0035264,Jarrett Stidham,QB,DEN,,,,2
2026,5,4749,,Cameron Posey,WR,,,,,
2026,5,6590, 00-0035552,Michael Colubiale,TE,,,,,
2026,5,7173,,Jalen McCleskey,WR,,,,,
2026,5,13280,,Chamon Metayer,TE,,,,,
2026,5,5171,00-0034193,Kevin Rader,TE,,,,,
2026,5,12494,,Kyle McCord,QB,MIA,,,,3
2026,5,13929,,Sahmir Hagans,WR,,,,,
2026,5,4942,00-0034747,Marcell Ateman,WR,,,,,
2026,5,11626,,Xavier Legette,WR,CAR,,IR,,6
2026,5,4146,00-0033839,Dede Westbrook,WR,,,,,
2026,5,11582,,Carson Steele,RB,PHI,,,,
2026,5,7744,,Antonio Nunn,WR,,,,,
2026,5,9489,,Justin Shorter,WR,,,,,
2026,5,8559,,Josh Babicz,TE,,,,,
2026,5,11864,,Zach Heins,TE,,,,,
2026,5,11573,,Frank Gore,RB,BUF,,,,
2026,5,12817,,Jake Briningstool,TE,KC,,,,3
2026,5,5700,00-0034708,Robert Martin,RB,,,,,
2026,5,7288,,Ben Ellefson,TE,,,,,
2026,5,5857, 00-0035644,Noah Fant,TE,NO,,Out,,3
2026,5,12725,,Luke Lachey,TE,,,Questionable,,
2026,5,12500,,Quinn Ewers,QB,JAX,,,,3
2026,5,6730, 00-0035735,Jordan Ta'amu,QB,,,,,
2026,5,7395,,Rashad Medaris,WR,,,,,
2026,5,8103,,Ryan Willis,QB,,,,,
2026,5,13065,,Ben Wooldridge,QB,,,,,
2026,5,491,00-0026035,Danny Amendola,WR,,,,,
2026,5,5154,00-0034487,Trent Sherfield,WR,BUF,,,,
2026,5,3347,00-0032431,Jake Rudock,QB,,,,,
2026,5,13889,,Levi Wentz,WR,,,,,
2026,5,12520,,Xavier Restrepo,WR,TEN,,,,
2026,5,13624,,Shaleak Knotts,WR,,,,,
2026,5,11073,,Thayer Thomas,WR,,,,,
2026,5,6357, 00-0035194,Shawn Bane,WR,,,,,
2026,5,5094,00-0034270,Ryan Izzo,TE,,,,,
2026,5,12479,,Ja'Quinden Jackson,RB,,,Questionable,,
2026,5,5265,00-0034574,Nic Shimonek,QB,,,,,
2026,5,8027,,Tre Harbison,RB,,,,,
2026,5,12484,,Jayden Higgins,WR,HOU,,IR,,8
2026,5,8234,,Jaivon Heiligh,WR,,,,,
2026,5,7595,,Tylan Wallace,WR,CLE,,Out,,6
2026,5,13645,,Michael Wortham,WR,JAX,,,,
2026,5,6074, 00-0035329,Donald Parham,TE,,,,,
2026,5,13404,,Garrett Nussmeier,QB,KC,,Out,,3
2026,5,2593,,Antwan Goodley,WR,,,,,
2026,5,6308, 00-0035067,Ian Bunting,TE,,,,,
2026,5,11815,,Cornelius Johnson,WR,,,,,
2026,5,4934,,Jalen Williams,WR,,,,,
2026,5,12077,,Lincoln Victor,WR,,,,,
2026,5,2093,00-0031068,Ryan Grant,WR,,,,,
2026,5,13436,,Kentrel Bullock,RB,CIN,,,,
2026,5,3336,00-0032341,Moritz Bohringer,TE,,,,,
2026,5,11347,,Chase Cota,WR,,,,,
2026,5,11089,,Jordan Byrd,WR,,,,,
2026,5,11377,,Tyrell Shavers,WR,BUF,,PUP,,7
2026,5,11184,,Daniel Arias,WR,,,,,
2026,5,7400,,Manasseh Bailey,WR,,,,,
2026,5,7988,,Riley Lees,WR,,,,,
2026,5,6322, 00-0035182,Xavier Ubosi,WR,,,,,
2026,5,8411,,Devon Allen,WR,,,,,
2026,5,2943,,Mark Weisman,RB,,,,,
2026,5,7992,,Matt Bushman,TE,,,,,
2026,5,8202,,Michael Woods,WR,,,Questionable,,
2026,5,1067,00-0029293,Marvin Jones,WR,,,Questionable,,
2026,5,2381,00-0032128,Chris Conley,WR,,,,,
2026,5,11600,,Ja'Tavion Sanders,TE,CAR,,Out,,5
2026,5,4475,,Sefo Liufau,QB,,,,,
2026,5,2917,,Brian Vogler,TE,,,,,
2026,5,676,00-0027029,LeSean McCoy,RB,,,,,
2026,5,12126,,Isaac Rex,TE,,,,,
2026,5,6553, 00-0035187,Austin Walter,RB,,,,,
2026,5,5980, 00-0035311,Myles Gaskin,RB,,,,,
2026,5,1903,00-0031228,Taylor Gabriel,WR,,,,,
2026,5,9230,,Tanner McKee,QB,PHI,,,,3
2026,5,5785,00-0034870,James Butler,RB,,,,,
2026,5,6628, 00-0035548,Ventell Bryant,WR,,,,,
2026,5,8665,,Armani Rogers,TE,,,,,
2026,5,10651,,Mohamed Ibrahim,RB,,,,,
2026,5,4160,00-0033859,Josh Malone,WR,,,,,
2026,5,6269, 00-0035163,Kyle Shurmur,QB,,,,,
2026,5,2939,,Javess Blue,WR,,,,,
2026,5,5760,00-0034819,Josh Crockett,WR,,,,,
2026,5,14018,,Jordan Nubin,RB,,,,,
2026,5,5112,00-0034432,Bo Scarbrough,RB,,,,,
2026,5,2431,00-0032063,Mike Davis,RB,,,,,
2026,5,2752,,Trent Steelman,WR,,,,,
2026,5,5800,00-0034890,Justin Stockton,RB,,,,,
2026,5,4607, 00-0033766,Zach Conque,QB,,,,,
2026,5,12363,,Xavier Wade,WR,,,,,
2026,5,13867,,Sean Brown,WR,,,,,
2026,5,11126,,Michael Ezeike,TE,,,,,
2026,5,6453, 00-0035045,D.J. Montgomery,WR,IND,,IR,,8
2026,5,5587,00-0034315,Chris Warren,RB,,,,,
2026,5,5235,00-0034575,David Wells,TE,,,,,
2026,5,5705,00-0034705,John Franklin,WR,,,,,
2026,5,11607,,Hayden Hatten,WR,,,,,
2026,5,11580,,Dillon Johnson,RB,,,,,
2026,5,3177,00-0032966,Corey Coleman,WR,,,,,
2026,5,4537,,Jordan Johnson,RB,,,,,
2026,5,5570,00-0034309,Chad Beebe,WR,,,,,
2026,5,13238,,Winston Wright,WR,,,,,
2026,5,13210,,Drake Dabney,TE,GB,,,,
2026,5,233, 00-0025708,Matt Moore,QB,,,,,
2026,5,6446, 00-0035013,Jon Hilliman,RB,,,,,
2026,5,6894,,Mitchell Wilcox,TE,,,,,
2026,5,12786,,Anthony Landphere,TE,,,,,
2026,5,3440,00-0032658,Josh Woodrum,QB,,,,,
2026,5,4806,00-0033268,Brandon Radcliff,RB,,,,,
2026,5,7618,,Micah Simon,WR,CAR,,,,
2026,5,4610,,Deante' Gray,WR,,,,,
2026,5,5747,00-0034761,Kayaune Ross,WR,,,,,
2026,5,11540,,La'Michael Pettway,TE,,,,,
2026,5,2922,,Devin Mahina,TE,,,,,
2026,5,6938,,Cam Akers,RB,,,,,
2026,5,7367,,Will Hastings,WR,,,,,
2026,5,11080,,Malik Knowles,WR,,,,,
2026,5,7972,,Tony Poljan,TE,,,,,
2026,5,4198,00-0033572,Jamal Agnew,WR,,,Questionable,,
2026,5,4938,,Speedy Noil,WR,,,,,
2026,5,6552, 00-0035031,Malik Henry,WR,,,,,
2026,5,11821,,Tahj Washington,WR,,,,,
2026,5,3655,,Reggie Diggs,WR,,,,,
2026,5,8407,,T.J. Pledger,RB,,,,,
2026,5,2800,,Mario Hull,WR,,,,,
2026,5,7537,,Jaret Patterson,RB,,,,,
2026,5,12471,,DJ Giddens,RB,IND,,Out,,3
2026,5,2909,,Beau Gardner,TE,,,,,
2026,5,5889, 00-0035256,Bryce Love,RB,,,,,
2026,5,2577,,Devante Davis,WR,,,,,
2026,5,5661,00-0034593,Chris Lacy,WR,,,,,
2026,5,6439, 00-0035025,Hale Hentges,TE,,,,,
2026,5,8114,,Erik Ezukanma,WR,,,,,
2026,5,3503,00-0032626,Geronimo Allison,WR,,,,,
2026,5,11621,,Brenden Rice,WR,,,,,
2026,5,6529, 00-0035345,Chris Myarick,TE,LV,,,,
2026,5,11053,,Antoine Green,WR,,,,,
2026,5,7234,,Maurice Ffrench,WR,,,,,
2026,5,1848,00-0031062,James White,RB,,,,,
2026,5,12938,,Jackson Meeks,TE,DET,,,,4
2026,5,7579,,Austin Watkins,WR,,,,,
2026,5,14005,,Tommy Thomas,WR,,,,,
2026,5,12029,,Tyler Harrell,WR,,,,,
2026,5,7580,,Khalil McClain,WR,,,,,
2026,5,4937,,Al Riles,WR,IND,,,,
2026,5,12907,,Quentin Skinner,WR,,,,,
2026,5,4328,,Jerome Lane,WR,,,,,
2026,5,947,00-0027944,Julio Jones,WR,,,,,
2026,5,6261, 00-0035019,Reggie White,WR,,,,,
2026,5,7582,,Jhamon Ausbon,WR,,,,,
2026,5,12516,,Kalel Mullings,RB,TEN,,,,
2026,5,12357,,David Martin-Robinson,TE,TEN,,,,5
2026,5,3668,00-0032599,Joshua Perkins,TE,NYJ,,,,
2026,5,11231,,Christian Trahan,TE,,,,,
2026,5,11130,,Pokey Wilson,WR,,,,,
2026,5,6318, 00-0035396,Jordan Ellis,RB,,,,,
2026,5,1048,00-0029615,Lamar Miller,RB,,,,,
2026,5,5010,00-0034159,Will Dissly,TE,,,Questionable,,
2026,5,6803,,Brandon Aiyuk,WR,SF,,DNR,,10
2026,5,14069,,Connor Hulstein,TE,,,Questionable,,
2026,5,11249,,Chris Smith,RB,,,,,
2026,5,5407,00-0034618,Ervin Philips,RB,,,,,
2026,5,6032, 00-0035120,Keelan Doss,WR,,,,,
2026,5,13943,,Squirrel White,WR,,,NA,,
2026,5,4730,,Sam Cotton,TE,,,,,
2026,5,11359,,Kody Case,WR,,,,,
2026,5,7092,,Chris Finke,WR,,,,,
2026,5,2916,,Ify Umodu,WR,,,,,
2026,5,12398,,Jadon Janke,WR,,,,,
2026,5,9222,,Zach Evans,RB,,,,,
2026,5,7576,,Sage Surratt,TE,,,,,
2026,5,14034,,Brock Rechsteiner,WR,,,Sus,,
2026,5,7613,,Jonathan Adams,WR,,,,,
2026,5,8222,,Josh Johnson,WR,,,,,
2026,5,2331,00-0032054,Breshad Perriman,WR,,,,,
2026,5,12093,,Geordon Porter,WR,,,,,
2026,5,8193,,E.J. Perry,QB,,,,,
2026,5,13870,,Quentin Moore,TE,,,Questionable,,
2026,5,11421,,Ryan Miller,WR,MIA,,,,4
2026,5,6778,,Chris Streveler,QB,,,,,
2026,5,7050,,Josiah Deguara,TE,PHI,,,,
2026,5,7903,,Briley Moore,TE,,,,,
2026,5,5395,00-0034621,Shaun Wilson,RB,,,,,
2026,5,8706,,Kehinde Oginni,TE,,,,,
2026,5,5464,00-0034201,De'Lance Turner,RB,,,,,
2026,5,12009,,Jack Plummer,QB,,,,,
2026,5,11773,,Keilan Robinson,RB,,,Questionable,,
2026,5,3551,,Max Wittek,QB,,,,,
2026,5,8249,,Lucas Krull,TE,DEN,,,,
2026,5,13712,,Hayden Large,TE,CHI,,IR,,7
2026,5,2914,,Luke Lundy,RB,,,,,
2026,5,13345,,Jonah Coleman,RB,DEN,,IR,,6
2026,5,11168,,Xavier Smith,WR,,,,,
2026,5,6853,,Van Jefferson,WR,WAS,,,,
2026,5,6557, 00-0035510,Jeff Smith,WR,,,,,
2026,5,13293,,Ja'Kobi Lane,WR,BAL,,IR,,9
2026,5,11537,,Wayne Taulapapa,RB,,,,,
2026,5,2771,,Jimmie Hunt,WR,,,,,
2026,5,5239,00-0034144,Lamar Jordan,QB,,,,,
2026,5,8801,,Dennis Houston,WR,,,Questionable,,
2026,5,12954,,Kye Robichaux,RB,,,Questionable,,
2026,5,8571,,Ra'Shaun Henry,WR,,,,,
2026,5,2430,00-0031577,Javorius Allen,RB,,,,,
2026,5,11943,,Michael Wiley,RB,,,,,
2026,5,6239, 00-0035480,Malik Taylor,WR,,,,,
2026,5,11438,,Dallas Daniels,WR,,,,,
2026,5,5286,00-0034608,Austin Allen,QB,,,,,
2026,5,8120,,Jerrion Ealy,RB,,,,,
2026,5,5752,00-0034786,Sherman Badie,RB,,,,,
2026,5,6789,,Henry Ruggs,WR,,,,,
2026,5,11851,,Carter Bradley,QB,,,Questionable,,
2026,5,8235,,Samori Toure,WR,,,,,
2026,5,13122,,Carter Runyon,TE,LV,,IR,,5
2026,5,2446,00-0031585,MyCole Pruitt,TE,,,,,
2026,5,2567,,Bryan Bennett,QB,,,,,
2026,5,11528,,Garett Maag,WR,,,,,
2026,5,11946,,Marcus Rosemy-Jacksaint,WR,,,,,
2026,5,4823,,Keevan Lucas,WR,,,,,
2026,5,11388,,Nolan Henderson,QB,,,,,
2026,5,9497,,Jalin Hyatt,WR,NYG,,,,
2026,5,6591, 00-0035553,Charles Jones,TE,,,,,
2026,5,7175,,Chris Rowland,WR,,,,,
2026,5,9492,,Trey Palmer,WR,NO,,,,
2026,5,4774,,De'Mard Llorens,RB,,,,,
2026,5,3934,00-0033164,Troymaine Pope,RB,,,,,
2026,5,6665, 00-0035547,Jody Fortson,TE,,,,,
2026,5,12772,,Courtney Jackson,WR,,,,,
2026,5,8570,,Derek Wright,WR,,,,,
2026,5,8122,,Zonovan Knight,RB,ARI,,,,3
2026,5,7594,,Chuba Hubbard,RB,CAR,,,,1
2026,5,5120,00-0034423,Danny Etling,QB,,,,,
2026,5,4853,,Jerod Evans,QB,,,,,
2026,5,4536,00-0033627,Jason Croom,TE,,,,,
2026,5,4940,,DeSean Smith,TE,,,,,
2026,5,6879,,Quartney Davis,WR,,,,,
2026,5,11508,,Princeton Fant,TE,DAL,,IR,,5
2026,5,5427,,LaQuvionte Gonzalez,WR,,,,,
2026,5,3852,00-0033006,Jaydon Mickens,WR,,,,,
2026,5,2981,,Ross Scheuerman,RB,,,,,
2026,5,13208,,Kyrese Rowan,WR,NO,,,,
2026,5,7452,,Josh Pearson,WR,,,,,
2026,5,5252,00-0034535,Ray Lawry,RB,,,,,
2026,5,11493,,Jordan Murray,TE,,,,,
2026,5,12341,,Markese Stepp,RB,,,,,
2026,5,5246,,Jake Roh,TE,,,,,
2026,5,13326,,DT Sheffield,WR,,,Questionable,,
2026,5,5254,,Jimmy Williams,WR,,,,,
2026,5,3348,,Kolby Listenbee,WR,,,,,
2026,5,6850,,Harrison Bryant,TE,,,Questionable,,
2026,5,5096,00-0034407,Ray-Ray McCloud,WR,,,Questionable,,
2026,5,3811,,Alstevis Squirewell,RB,,,,,
2026,5,7100,,Derrick Dillon,WR,,,,,
2026,5,4098,00-0033923,Kareem Hunt,RB,,,,,
2026,5,12001,,Lawrence Keys,WR,DET,,,,
2026,5,12883,,Joshua Simon,TE,,,,,
2026,5,5103,00-0034409,Dylan Cantrell,TE,,,,,
2026,5,3200,00-0032385,Sterling Shepard,WR,NYJ,,,,
2026,5,4089,00-0033895,Gerald Everett,TE,,,,,
2026,5,8760,,Dre Miller,TE,,,,,
2026,5,8418,,Jared Smart,WR,,,,,
2026,5,6175, 00-0035596,Kerrith Whyte,RB,GB,,,,
2026,5,13989,,E.J. Warner,QB,,,,,
2026,5,2390,00-0032214,Tyler Kroft,TE,,,,,
2026,5,2341,00-0032209,T.J. Yeldon,RB,,,,,
2026,5,3393,,Devin Fuller,WR,,,,,
2026,5,8888,,Kameron Brown,WR,,,,,
2026,5,8431,,Chase Garbers,QB,,,,,
2026,5,7559,,Ihmir Smith-Marsette,WR,CAR,,,,
2026,5,11536,,Milton Wright,WR,,,,,
2026,5,3520,,Jay Lee,WR,,,,,
2026,5,2588,00-0031806,Malcolm Brown,RB,,,,,
2026,5,11748,,Bub Means,WR,CLE,,,,
2026,5,5744,,Eldridge Massington,WR,NO,,,,
2026,5,12412,,Terrell Jennings,RB,,,,,
2026,5,886,00-0028063,Taiwan Jones,RB,,,,,
2026,5,13725,,Dominic Richardson,RB,,,Questionable,,
2026,5,8745,,Lance McCutcheon,WR,,,,,
2026,5,7319,,Jeff Cotton,WR,,,,,
2026,5,8255,,Raheem Blackshear,RB,,,Questionable,,
2026,5,8915,,Drew Plitt,QB,,,,,
2026,5,2639,,Tony Jones,WR,,,,,
2026,5,8191,,Slade Bolden,WR,,,,,
2026,5,138,00-0022924,Ben Roethlisberger,QB,PIT,,,,
2026,5,4526,00-0033604,Krishawn Hogan,WR,,,,,
2026,5,11924,,Tanner Mordecai,QB,,,,,
2026,5,3412,,Devon Johnson,RB,,,,,
2026,5,11862,,Luke Benson,TE,,,,,
2026,5,6617,,Andre Lindsey,WR,,,,,
2026,5,6727, 00-0035733,Joe Walker,WR,,,,,
2026,5,1842,,Derrick Johnson,WR,,,,,
2026,5,3204,00-0032393,C.J. Prosise,RB,,,,,
2026,5,8800,,Malik Davis,RB,DAL,,IR,,4
2026,5,7941,,Nick Ralston,RB,,,,,
2026,5,7337,,Easop Winston,WR,,,,,
2026,5,14038,,Trayvon Rudolph,WR,,,,,
2026,5,4435,00-0033455,Anthony Firkser,TE,,,Questionable,,
2026,5,12803,,Luke Grimm,WR,,,Questionable,,
2026,5,7532,,Rakeem Boyd,RB,,,,,
2026,5,11558,,Sam Hartman,QB,WAS,,,,
2026,5,8573,,Talolo Limi-Jones,WR,,,,,
2026,5,8239,,Ricky Person,RB,,,,,
2026,5,10863,,A.T. Perry,WR,,,,,
2026,5,11969,,Xavier Johnson,WR,,,,,
2026,5,1290,00-0029159,Jermaine Kearse,WR,,,,,
2026,5,12743,,Junior Bergen,WR,,,,,
2026,5,12278,,Jacob Sirmon,QB,,,,,
2026,5,8162,,Sam Howell,QB,DAL,,,,2
2026,5,11560,,Caleb Williams,QB,CHI,,Out,,3
2026,5,8196,,Ty Fryfogle,WR,,,,,
2026,5,2927,,Keshawn Hill,RB,,,,,
2026,5,9490,,Tyler Scott,WR,LV,,,,
2026,5,8149,,Master Teague,RB,,,,,
2026,5,2476,00-0031951,James O'Shaughnessy,TE,,,,,
2026,5,5130,00-0034686,Auden Tate,WR,,,,,
2026,5,181,00-0025430,Drew Stanton,QB,,,,,
2026,5,4349,00-0033373,Taquan Mizzell,RB,NYG,,,,
2026,5,2821,00-0031787,Jake Kumerow,WR,,,,,
2026,5,6798,,Jalen Reagor,WR,MIA,,,,
2026,5,4861,,Kent Taylor,TE,,,,,
2026,5,8441,,Justin Hall,WR,,,,,
2026,5,6593, 00-0035587,Spencer Schnell,WR,,,,,
2026,5,6359, 00-0035206,C.J. Worton,WR,,,,,
2026,5,7351,,Kirk Merritt,WR,,,,,
2026,5,13698,,Max Tomczak,WR,,,,,
2026,5,2905,,Josh Reese,WR,,,,,
2026,5,12402,,Ramon Jefferson,RB,,,,,
2026,5,7455,,John Hurst,WR,,,,,
2026,5,8041,,Shane Zylstra,TE,,,Questionable,,
2026,5,11989,,D.J. Williams,RB,,,Questionable,,
2026,5,2557,,Jerry Lovelocke,QB,,,,,
2026,5,8756,,Brandon Johnson,WR,PIT,,,,
2026,5,6036, 00-0034965,Ryan Davis,WR,,,,,
2026,5,6596,,Jalan McClendon,QB,,,,,
2026,5,3464,,Marquez North,WR,,,,,
2026,5,7546,,Tre Nixon,WR,,,,,
2026,5,2836,,Kenny Cook,WR,,,,,
2026,5,11569,,Jarquez Hunter,RB,MIA,,,,
2026,5,5401,,Armanti Foreman,WR,,,,,
2026,5,12114,,Joshua Cephus,WR,,,,,
2026,5,4805,,Pig Howard,WR,,,,,
2026,5,11538,,Toriano Clinton,RB,,,,,
2026,5,3803,00-0032813,Elijhaa Penny,RB,,,,,
2026,5,7079,,Pete Guerriero,RB,,,,,
2026,5,5709,00-0034737,Luis Perez,QB,,,,,
2026,5,7015,,Jacob Breeland,TE,,,,,
2026,5,11320,,Nikko Remigio,WR,KC,,,,5
2026,5,12097,,Ayir Asante,WR,,,,,
2026,5,6753,,Derrick Gore,RB,,,,,
2026,5,6763,,Reggie Begelton,WR,,,,,
2026,5,12166,,Trey Potts,RB,,,,,
2026,5,6443,,Eric Dungey,QB,,,,,
2026,5,8102,,DeShon Williams,TE,,,,,
2026,5,5113, 00-0034418,Cedrick Wilson,WR,,,Questionable,,
2026,5,13862,,Treyvhon Saunders,WR,HOU,,,,
2026,5,11197,,Joel Honigford,TE,,,,,
2026,5,8813,,Anthony Turner,WR,,,,,
2026,5,8421,,Mike Harley,WR,,,,,
2026,5,2570,,Donatella Luckett,WR,,,,,
2026,5,3570,,Brandon Ross,RB,,,,,
2026,5,12551,,Colin Granger,TE,,,,,
2026,5,11850,,Jeff Foreman,WR,,,,,
2026,5,6822,,Jake Fromm,QB,,,,,
2026,5,11419,,Kade Warner,WR,,,,,
2026,5,8892,,Keric Wheatfall,WR,,,,,
2026,5,8140,,Justyn Ross,WR,,,,,
2026,5,11024,,Grant DuBose,WR,,,Questionable,,
2026,5,3362,00-0032436,Jeff Driskel,QB,,,,,
2026,5,13022,,Sone Ntoh,RB,,,,,
2026,5,4588,00-0033672,Kyle Sloter,QB,,,,,
2026,5,4683,,Aaron Bailey,QB,BAL,,,,4
2026,5,7309,,Siaosi Mariner,WR,,,,,
2026,5,6155, 00-0035121,Jaylen Smith,WR,,,,,
2026,5,13222,,Montana Lemonious-Craig,WR,,,Questionable,,
2026,5,1223,00-0028903,Garrett Celek,TE,,,,,
2026,5,333,00-0023682,Ryan Fitzpatrick,QB,,,,,
2026,5,12746,,JP Richardson,WR,CHI,,,,
2026,5,12443,,Devon Garrison,TE,,,,,
2026,5,11413,,Ronnie Brown,RB,,,,,
2026,5,1425,00-0030108,Ryan Griffin,TE,,,,,
2026,5,5918, 00-0035299,Rodney Anderson,RB,,,,,
2026,5,8242,,Shermari Jones,RB,,,,,
2026,5,1232,00-0029273,Robert Turbin,RB,,,,,
2026,5,3199,00-0032765,Michael Thomas,WR,,,,,
2026,5,13351,,Junior Vandeross,WR,,,,,
2026,5,7085,,Isaiah Coulter,WR,,,,,
2026,5,8707,,Tayon Fleet-Davis,RB,,,,,
2026,5,4186,00-0033789,T.J. Logan,RB,,,,,
2026,5,14021,,Kadarius Calloway,RB,,,Questionable,,
2026,5,4972,00-0034771,Mason Rudolph,QB,PIT,,,,2
2026,5,12026,,Kobe Lewis,RB,,,,,
2026,5,13153,,Giles Jackson,WR,,,,,
2026,5,11105,,Shaquan Davis,WR,,,,,
2026,5,8021,,Branden Mack,WR,,,,,
2026,5,3078,,Jamel Johnson,WR,,,,,
2026,5,312,00-0026293,Matthew Slater,WR,,,,,
2026,5,7227,,Artavis Pierce,RB,,,,,
2026,5,9227,,Israel Abanikanda,RB,DAL,,,,
2026,5,11222,,Marcus Cooper,RB,,,,,
2026,5,13831,,Kevorian Barnes,RB,,,,,
2026,5,6592, 00-0035569,Dontae Strickland,RB,,,,,
2026,5,12237,,Lincoln Sefcik,TE,,,,,
2026,5,6834,,Jared Pinkney,TE,,,,,
2026,5,3380,00-0032447,Devin Lucien,WR,,,,,
2026,5,8185,,Johnny Johnson,WR,,,,,
2026,5,6384,,Justin Sumpter,WR,,,,,
2026,5,11113,,Joel Wilson,TE,TEN,,,,
2026,5,12133,,Drake Stoops,WR,,,,,
2026,5,1652,00-0029981,Terrell Sinkfield,WR,,,,,3
2026,5,5924, 00-0035070,Emanuel Hall,WR,,,,,
2026,5,2931,,Deshon Foxx,WR,,,,,
2026,5,5273,,Kamryn Pettway,RB,,,,,
2026,5,7481,,Chase Harrell,TE,,,,,
2026,5,5228,00-0034126,J.T. Barrett,QB,,,,,
2026,5,3465,00-0032661,Ben Braunecker,TE,,,,,
2026,5,12892,,Da'Quan Felton,WR,,,Questionable,,
2026,5,2753,00-0031645,Rasheed Bailey,WR,,,,,
2026,5,13996,,Trent Howland,RB,,,,,
2026,5,2412,00-0031570,Justin Hardy,WR,,,,,
2026,5,2932,,Eric Frohnapfel,TE,,,,,
2026,5,2312,00-0031545,Kevin White,WR,,,,,
2026,5,6805,,KJ Hamler,WR,,,,,
2026,5,7733,,Josh Pederson,TE,,,,,
2026,5,13930,,Jordon Vaughn,RB,,,,,
2026,5,9502,,Tank Dell,WR,HOU,,IR,,6
2026,5,11456,,Tre'Shaun Harrison,WR,,,,,
2026,5,8199,,D'Eriq King,QB,,,,,
2026,5,13014,,Pat Conroy,TE,,,,,
2026,5,11886,,Tulu Griffin,WR,,,,,
2026,5,2307,00-0032268,Marcus Mariota,QB,WAS,,Out,,1
2026,5,8178,,Braylon Sanders,WR,,,,,
2026,5,3969,00-0033856,Leonard Fournette,RB,,,,,
2026,5,1466,00-0030506,Travis Kelce,TE,KC,,,,1
2026,5,11932,,Mike DiLiello,QB,,,,,
2026,5,12975,,JJ Galbreath,TE,,,,,
2026,5,5612,,Anthony Mahoungou,WR,,,,,
2026,5,12340,,Alex Larson,TE,,,,,
2026,5,11378,,Jordan Mims,RB,,,,,
2026,5,6047, 00-0035002,Dillon Mitchell,WR,,,,,
2026,5,3515,00-0032653,K.J. Maye,WR,,,,,
2026,5,8214,,Cole Turner,TE,MIA,,IR,,4
2026,5,13145,,ShunDerrick Powell,RB,,,,,
2026,5,8039,,Jibri Blount,TE,,,,,
2026,5,4815,,Brian Riley,WR,,,,,
2026,5,4149,00-0033948,Jamaal Williams,RB,,,,,
2026,5,2214,00-0031273,Cameron Brate,TE,,,,,
2026,5,4464,00-0033319,Nick Mullens,QB,JAX,,,,
2026,5,13011,,Brennan Presley,WR,LAR,,,,
2026,5,5310,00-0034772,Antonio Callaway,WR,,,,,
2026,5,2044,,Brelan Chancellor,WR,,,,,
2026,5,4768,,Adam Zaruba,TE,,,,,
2026,5,8139,,Zamir White,RB,NO,,,,
2026,5,11588,,Jawhar Jordan,RB,HOU,,,,
2026,5,902,00-0028114,Dwayne Harris,WR,,,,,
2026,5,7098,,Ty'Son Williams,RB,,,,,
2026,5,8632,,JaVonta Payton,WR,,,,,
2026,5,7809,,Avery Williams,RB,,,,,
2026,5,13630,,Evan Svoboda,TE,LAC,,,,
2026,5,13778,,EJ Smith,RB,,,Questionable,,
2026,5,12510,,Jalen Milroe,QB,SEA,,Out,,3
2026,5,13772,,Eni Falayi,TE,,,,,
2026,5,14085,,Matthew Henry,WR,,,,,
2026,5,8579,,Brandon Peters,QB,,,,,
2026,5,2505,00-0031610,Darren Waller,TE,CAR,,,,1
2026,5,2422,00-0032062,Blake Bell,TE,,,,,
2026,5,11963,,Chris Collier,RB,LV,,IR,,7
2026,5,13327,,Desmond Reid,RB,,,Questionable,,
2026,5,1426,00-0030564,DeAndre Hopkins,WR,,,,,
2026,5,3614,00-0032881,Tommylee Lewis,WR,,,,,
2026,5,12218,,Jalen Jackson,RB,,,,,
2026,5,11114,,Elijah Dotson,RB,,,,,
2026,5,5220,00-0034614,Godwin Igwebuike,RB,,,,,
2026,5,4651,00-0033725,Corey Clement,RB,,,,,
2026,5,12045,,Jack Westover,TE,WAS,,,,
2026,5,13191,,TJ Sheffield,WR,,,,,
2026,5,4807,,Mike Estes,TE,,,,,
2026,5,6451, 00-0035039,Stephen Carlson,TE,CHI,,,,
2026,5,6151, 00-0035243,Miles Sanders,RB,,,,,
2026,5,12670,,KeAndre Lambert-Smith,WR,LAC,,IR,,8
2026,5,4750,00-0033992,Lance Lenoir,WR,,,,,
2026,5,11431,,Isaiah Bowser,RB,,,,,
2026,5,5236,00-0034642,Kyle Lewis,WR,,,,,
2026,5,7943,,Zach Davidson,TE,,,,,
2026,5,13306,,Taylen Green,QB,CLE,,Out,,4
2026,5,13034,,Tyrone Broden,WR,,,Questionable,,
2026,5,4996,00-0034369,Kyle Lauletta,QB,,,,,
2026,5,13770,,J. Michael Sturdivant,WR,GB,,,,4
2026,5,6148, 00-0035350,Preston Williams,WR,,,,,
2026,5,5961, 00-0035505,Jalin Moore,RB,,,,,
2026,5,3584,,Marcus Leak,WR,,,,,
2026,5,11568,,Blake Watson,RB,,,,,
2026,5,13702,,Malik Rutherford,WR,,,,,
2026,5,12851,,Rivaldo Fairweather,TE,,,,,
2026,5,11911,,Jeshaun Jones,WR,,,,,
2026,5,4490,,Wyatt Houston,TE,CAR,,,,40
2026,5,13161,,Zakhari Franklin,WR,,,,,
2026,5,2937,,Damond Powell,WR,,,,,
2026,5,289,00-0020531,Drew Brees,QB,,,,,
2026,5,9499,,Bryce Ford-Wheaton,WR,,,Questionable,,
2026,5,6311, 00-0035342,Patrick Laird,RB,,,,,
2026,5,2947,,Clay Burton,TE,,,,,
2026,5,3391,00-0032450,Dwayne Washington,RB,,,,,
2026,5,1262,00-0029623,Alex Tanney,QB,,,,,
2026,5,8891,,Ryan McDaniel,WR,,,,,
2026,5,7404,,Noah Togiai,TE,,,,,
2026,5,12135,,Neal Johnson,TE,,,,,
2026,5,13435,,Joe Royer,TE,CLE,,PUP,,5
2026,5,4150,00-0033950,Wayne Gallman,RB,,,,,
2026,5,8085,,Mekhi Sargent,RB,,,,,
2026,5,2996,,Logan Stokes,TE,,,,,
2026,5,13158,,Sam Pitz,TE,,,,,
2026,5,7865,,Brandon Smith,WR,PIT,,,,
2026,5,3780,,Cedric O'Neal,RB,,,,,
2026,5,4384,,Aaron Peck,TE,,,,,
2026,5,3280,00-0032404,Tyler Ervin,RB,,,,,
2026,5,6989,,Marquez Callaway,WR,,,,,
2026,5,9498,,Jadon Haselwood,WR,,,,,
2026,5,13661,,Ethan Conner,TE,,,,,
2026,5,8436,,Neil Pau'u,WR,,,,,
2026,5,5850, 00-0035700,Josh Jacobs,RB,GB,,NA,,4
2026,5,5804,00-0034894,Julian Williams,WR,,,,,
2026,5,9753,,Zach Charbonnet,RB,SEA,,PUP,,6
2026,5,2838,,Trevor Harman,WR,,,,,
2026,5,12267,,Qadir Ismail,WR,CHI,,,,
2026,5,2502,,Bud Sasser,WR,,,,,
2026,5,7864,,Artayvious Lynn,TE,,,,,
2026,5,11065,,Adrian Martinez,QB,,,,,
2026,5,5880, 00-0035639,Parris Campbell,WR,,,NA,,
2026,5,2933,,Corey Knox,RB,,,,,
2026,5,13685,,Jake Retzlaff,QB,,,,,
2026,5,7527,,Mac Jones,QB,SF,,,,2
2026,5,6293, 00-0035304,Cullen Gillaspia,RB,,,,,
2026,5,2768,,Braylon Heard,RB,,,,,
2026,5,13806,,Matt Lauter,TE,,,,,
2026,5,12421,,David Wallis,WR,,,,,
2026,5,11452,,Jesse Matthews,WR,,,,,
2026,5,13350,,Joe Fagnano,QB,BAL,,Out,,4
2026,5,9505,,Deuce Vaughn,RB,,,,,
2026,5,862,00-0027948,Blaine Gabbert,QB,,,,,
2026,5,13818,,Romello Brinson,WR,,,,,
2026,5,2892,00-0031900,Rodney Smith,RB,,,,,
2026,5,2168,00-0031285,Devonta Freeman,RB,,,,,
2026,5,2545,00-0032141,Geoff Swaim,TE,,,,,
2026,5,4623,00-0033683,Tim Cook,RB,,,,,
2026,5,7157,,Josh Love,QB,,,,,
2026,5,13289,,Drew Allar,QB,PIT,,Out,,4
2026,5,6126, 00-0034970,Irv Smith,TE,,,Questionable,,
2026,5,7082,,Dalton Keene,TE,,,,,
2026,5,12826,,Ulysses Bentley,RB,NO,,,,
2026,5,4319,00-0033251,Zach Pascal,WR,,,,,
2026,5,13251,,Gunnar Oakes,TE,,,,,
2026,5,2569,,Jake Waters,QB,,,,,
2026,5,2920,,Jeret Smith,WR,,,,,
2026,5,1916,00-0031373,Martavis Bryant,WR,,,,,
2026,5,5984, 00-0035520,Anthony Ratliff-Williams,WR,,,,,
2026,5,7394,,Jermiah Braswell,WR,,,,,
2026,5,5468,00-0034340,Christian Scotland-Williamson,TE,,,,,
2026,5,9495,,Rakim Jarrett,WR,,,,,
2026,5,13314,,Luke Altmyer,QB,DET,,,,
2026,5,10860,,Malik Cunningham,WR,,,,,
2026,5,1312,00-0029319,Josh Bellamy,WR,,,,,
2026,5,2460,00-0032134,C.J. Uzomah,TE,,,,,
2026,5,8429,,Levi Lewis,QB,,,,,
2026,5,7368,,Sean Riley,WR,,,,,
2026,5,2560,00-0031665,Zach Zenner,RB,,,,,
2026,5,8176,,Danny Gray,WR,,,Questionable,,
2026,5,4520,00-0033517,Travin Dural,WR,,,,,
2026,5,1971,00-0031339,Donte Moncrief,WR,,,,,
2026,5,6088,,Bisi Johnson,WR,,,,,
2026,5,5255,00-0034647,Teo Redding,WR,,,,,
2026,5,12395,,Tanner Knue,WR,,,,,
2026,5,6181, 00-0035259,Trevon Wesco,TE,,,,,
2026,5,4036,00-0033871,Corey Davis,WR,,,,,
2026,5,13827,,Tanner Arkin,TE,NE,,Out,,6
2026,5,5806,00-0034899,John Wolford,QB,,,,,
2026,5,8439,,Demetris Robertson,WR,,,,,
2026,5,11467,,John Samuel Shenker,TE,,,,,
2026,5,7131,,Tyler Davis,TE,,,,,
2026,5,13602,,Jack Strand,QB,ATL,,Out,,4
2026,5,12324,,William Thompson,QB,,,,,
2026,5,12788,,Will Sheppard,WR,MIA,,,,
2026,5,13708,,Kobe Prentice,WR,,,,,
2026,5,13768,,Josh Pitsenburger,RB,,,,,
2026,5,5245,00-0034146,Troy Mangen,TE,,,,,
2026,5,7340,,Brandon Polk,WR,,,,,
2026,5,13617,,Luke Wysong,WR,,,,,
2026,5,11506,,Jalen Cropper,WR,NO,,,,
2026,5,4029,00-0033893,Dalvin Cook,RB,,,,,
2026,5,12797,,Ahmani Marshall,RB,CAR,,,,
2026,5,7890,,Javon McKinley,WR,,,,,
2026,5,13750,,TJ Harden,RB,,,,,
2026,5,5374,00-0034386,Justin Watson,WR,,,,,
2026,5,11619,,Ja'Lynn Polk,WR,,,NA,,
2026,5,11982,,Isaiah Washington,WR,,,,,
2026,5,7574,,Larry Rountree,RB,,,,,
2026,5,4033,00-0033885,David Njoku,TE,LAC,,IR,,3
2026,5,13621,,Dillon Bell,WR,MIN,,,,
2026,5,4152,00-0033951,Marlon Mack,RB,,,,,
2026,5,12799,,Bryson Green,WR,,,,,
2026,5,3497,,Darion Griswold,TE,,,,,
2026,5,4595,00-0033747,Dontez Ford,WR,,,,,
2026,5,4360,00-0033412,Fred Ross,WR,,,,,
2026,5,4670,00-0033706,Artavis Scott,WR,,,,,
2026,5,13873,,Sam Scott,RB,,,,,
2026,5,13861,,Daniel Sobkowicz,WR,HOU,,,,
2026,5,13777,,Ademola Faleye,TE,,,,,
2026,5,9491,,Ty Scott,WR,,,,,
2026,5,14082,,Alex Tecza,RB,,,,,
2026,5,7502,,Dominique Dafney,TE,,,,,
2026,5,7464,,Connor Slomka,RB,,,,,
2026,5,2582,,Cole Stoudt,QB,,,,,
2026,5,7549,,CJ Marable,RB,,,,,
2026,5,13783,,Raylen Sharpe,WR,,,,,
2026,5,13663,,Wesley Grimes,WR,SF,,,,
2026,5,12361,,Aeneas Dennis,QB,,,,,
2026,5,12889,,Beaux Collins,WR,ATL,,IR,,8
2026,5,12256,,Baylor Cupp,TE,,,,,
2026,5,7233,,Andre Baccellia,WR,,,Questionable,,
2026,5,587,00-0027215,Logan Paulsen,TE,,,,,
2026,5,7985,,Pro Wells,TE,,,,,
2026,5,6960,,Tyler Johnson,WR,NYJ,,,,
2026,5,1215,00-0029572,Jarius Wright,WR,,,,,
2026,5,4252,00-0033471,Isaiah Ford,WR,,,,,
2026,5,3300,00-0032940,DeAndre Washington,RB,,,,,
2026,5,7334,,Earnest Edwards,WR,,,,,
2026,5,3917,00-0033143,Kendal Thompson,WR,,,,,
2026,5,11245,,Patrick Murtagh,TE,,,,,
2026,5,8885,,Tucker Fisk,TE,,,,,
2026,5,13981,,Kolbe Katsis,WR,DEN,,,,
2026,5,6549, 00-0035401,Damion Willis,WR,,,,,
2026,5,3895,00-0033094,Marvin Hall,WR,,,,,
2026,5,11640,,Jermaine Burton,WR,,,,,
2026,5,13541,,Lewis Bond,WR,HOU,,,,
2026,5,11284,,Cody Chrest,WR,,,,,
2026,5,13913,,Patrick Gurd,TE,LV,,,,
2026,5,12738,,Phil Mafah,RB,NYG,,,,
2026,5,6387, 00-0035621,Nsimba Webster,WR,,,,,
2026,5,3402,,Zac Brooks,RB,,,,,
2026,5,9496,,Sam James,WR,,,,,
2026,5,4139,00-0033937,Amara Darboh,WR,,,,,
2026,5,7217,,Trevontae Hights,WR,,,,,
2026,5,7475,,Napoleon Maxwell,RB,,,,,
2026,5,3596,,Kivon Cartwright,TE,,,,,
2026,5,11070,,Kazmeir Allen,WR,,,,,
2026,5,6468, 00-0035078,Matthew Eaton,WR,,,,,
2026,5,8175,,Reggie Roberson,WR,,,,,
2026,5,2934,,Jonathon Rumph,WR,,,,,
2026,5,6814,,Laviska Shenault,WR,,,,,
2026,5,6939,,Binjimen Victor,WR,,,,,
2026,5,7172,,Mikey Daniel,RB,,,,,
2026,5,13879,,Jameson Geers,TE,ARI,,IR,,7
2026,5,12760,,Rashod Owens,WR,,,,,
2026,5,4320,,James Quick,WR,,,,,
2026,5,13437,,Noah Whittington,RB,HOU,,Out,,6
2026,5,2576,,Cody Fajardo,QB,,,,,
2026,5,2870,,Ray Hamilton,TE,,,,,
2026,5,3893, 00-0033092,Reece Horn,WR,,,,,
2026,5,4411,,R.J. Shelton,WR,,,,,
2026,5,12935,,Jakobie Keeney-James,WR,,,,,
2026,5,11913,,Devron Harper,WR,,,,,
2026,5,6992,,Michael Warren,RB,DET,,,,
2026,5,12972,,Roc Taylor,WR,,,,,
2026,5,2325,00-0031549,Nelson Agholor,WR,,,,,
2026,5,1567,00-0030525,Tavon Austin,WR,,,,,
2026,5,5597,00-0034697,Brogan Roback,QB,,,,,
2026,5,7135,,Freddie Swain,WR,,,,,
2026,5,6139, 00-0035671,Jace Sternberger,TE,,,,,
2026,5,7401,,Khalil Tate,WR,,,,,
2026,5,3630,,Durron Neal,WR,,,,,
2026,5,12762,,Payton Thorne,QB,,,,,
2026,5,13949,,Damon Bankston,RB,,,,,
2026,5,14064,,Roydell Williams,RB,,,,,
2026,5,2730,,Kenneth Harper,RB,,,,,
2026,5,2962,,Zach D'Orazio,WR,,,,,
2026,5,5638,,Shaq Roland,WR,CHI,,,,
2026,5,8038,,Nick Guggemos,TE,,,,,
2026,5,12433,,Ben Bryant,QB,,,,,
2026,5,13125,,Micah Bernard,RB,,,,,
2026,5,4647,00-0033720,Colin Thompson,TE,,,,,
2026,5,8166,,Dontario Drummond,WR,,,,,
2026,5,13005,,Anthony Torres,TE,,,Questionable,,
2026,5,5278,00-0034205,Jarvion Franklin,RB,,,,,
2026,5,11962,,Tayvion Robinson,WR,,,,,
2026,5,7560,,Pooka Williams,RB,,,,,
2026,5,13194,,Key'Shawn Smith,WR,,,,,
2026,5,3306,00-0032780,Jordan Howard,RB,,,,,
2026,5,13312,,Josh Kattus,TE,,,,,
2026,5,8581,,Trevon Bradford,WR,,,,,
2026,5,4779,,Bra'Lon Cherry,WR,,,,,
2026,5,6828,,AJ Dillon,RB,CAR,,,,2
2026,5,8840,,Cole Fotheringham,TE,,,,,
2026,5,7545,,Marlon Williams,WR,,,,,
2026,5,5873, 00-0035590,Riley Ridley,WR,,,,,
2026,5,4494,,Alonzo Moore,WR,,,,,
2026,5,7424,,Anthony Jones,RB,,,,,
2026,5,5124,00-0034732,Alex McGough,QB,,,,,
2026,5,4741,00-0034011,Dan Arnold,TE,,,,,
2026,5,7080,,Omar Bayless,WR,,,,,
2026,5,6713, 00-0035706,Jamarius Way,WR,,,,,
2026,5,11415,,Tanner Taula,TE,,,,,
2026,5,12074,,Talik Keaton,WR,,,,,
2026,5,13143,,Dymere Miller,WR,,,,,
2026,5,6913,,Joe Reed,WR,,,,,
2026,5,12129,,Jalon Calhoun,WR,,,,,
2026,5,11820,,Devin Culp,TE,TB,,,,
2026,5,13743,,Joseph Manjack,WR,,,,,
2026,5,5000,00-0034681,Chase Edmonds,RB,,,,,
2026,5,4727,,Mitchell Paige,WR,,,,,
2026,5,8757,,Rodney Williams,TE,,,,,
2026,5,7741,,Caleb Huntley,RB,,,,,
2026,5,11115,,Terrell Bynum,WR,,,,,
2026,5,4998,00-0034370,DaeSean Hamilton,WR,,,,,
2026,5,8188,,Tyquan Thornton,WR,KC,,Out,,6
2026,5,5241,00-0034132,Christian Blake,WR,,,,,
2026,5,2602,00-0031972,Darius Jennings,WR,,,,,
2026,5,4936,,Skyler Howard,QB,SEA,,,,
2026,5,7091,,Aaron Parker,WR,,,,,
2026,5,9759,,C.J. Johnson,WR,,,,,
2026,5,2334,00-0032208,Phillip Dorsett,WR,LV,,,,
2026,5,1987,00-0031431,Marqise Lee,WR,,,,,
2026,5,12189,,Xavier White,WR,,,,,
2026,5,11192,,Malik Flowers,WR,,,,,
2026,5,3957,,Blake Sims,QB,,,,,
2026,5,8876,,Kevin Kassis,WR,,,,,
2026,5,12515,,Donovan Edwards,RB,,,,,
2026,5,6233, 00-0035436,Matt Sokol,TE,,,,,
2026,5,11530,,Nick Williams,WR,,,,,
2026,5,10216,,Kenny McIntosh,RB,,,,,
2026,5,12859,,Nate Noel,RB,,,,,
2026,5,2910,,Tyler Rutenbeck,WR,,,,,
2026,5,6231, 00-0035161,John Lovett,QB,,,,,
2026,5,12505,,Jalen Royals,WR,KC,,,,3
2026,5,4917,,Daryl Virgies,RB,,,,,
2026,5,3309,00-0032782,Wendell Smallwood,RB,WAS,,,,
2026,5,3242,00-0033118,Kenyan Drake,RB,,,,,
2026,5,8721,,De'Montre Tuggle,RB,,,,,
2026,5,5697,,Zach Olstad,RB,,,,,
2026,5,13412,,Kendrick Law,WR,DET,,IR,,9
2026,5,4787,,Jordan Westerkamp,WR,,,,,
2026,5,6700,,Marcelias Sutton,RB,,,,,
2026,5,6832,,Kalija Lipscomb,WR,,,,,
2026,5,7038,,Darius Anderson,RB,,,,,
2026,5,4401,00-0033417,Damore'ea Stringfellow,WR,,,,,
2026,5,11283,,Darius Hagans,RB,,,,,
2026,5,6372, 00-0035494,Xavier Turner,RB,,,,,
2026,5,8058,,Nate McCrary,RB,,,,,
2026,5,1077,00-0029269,Travis Benjamin,WR,,,,,
2026,5,3371,00-0033049,Darius Jackson,RB,,,,,
2026,5,2251,00-0031260,Logan Thomas,TE,,,,,
2026,5,4234,00-0033591,Noah Brown,WR,,,,,
2026,5,11223,,John Hall,WR,,,,,
2026,5,4504,,John Robinson-Woodgett,RB,,,,,
2026,5,5385,00-0034472,Alec Bloom,TE,,,,,
2026,5,663,00-0022943,Benjamin Watson,TE,,,,,
2026,5,4910,,Quincy McDuffie,WR,,,,,
2026,5,6744,00-0033733,Greg Ward,WR,,,,,
